#include "assets/Font16CN.h"
#include <Arduino.h>

const Font16CNGlyph FONT16CN_GLYPHS[] PROGMEM = {
    {0x4E00, {0x00, 0x00, 0x00, 0x00, 0x00, 0x00, 0x00, 0x00, 0x7F, 0xFE, 0x7F, 0xFE, 0x00, 0x00, 0x00, 0x00, 0x00, 0x00, 0x00, 0x00, 0x00, 0x00, 0x00, 0x00, 0x00, 0x00, 0x00, 0x00, 0x00, 0x00, 0x00, 0x00}}, // 一
    {0x4E0A, {0x00, 0x00, 0x03, 0x80, 0x03, 0x00, 0x03, 0x00, 0x03, 0x00, 0x03, 0x00, 0x03, 0xFC, 0x03, 0x00, 0x03, 0x00, 0x03, 0x00, 0x03, 0x00, 0x03, 0x00, 0x03, 0x00, 0x7F, 0xFE, 0x70, 0x0E, 0x00, 0x00}}, // 上
    {0x4E0B, {0x00, 0x00, 0x70, 0x0E, 0x7F, 0xFE, 0x01, 0x00, 0x01, 0x00, 0x01, 0x60, 0x01, 0x70, 0x01, 0x38, 0x01, 0x1C, 0x01, 0x0C, 0x01, 0x00, 0x01, 0x00, 0x01, 0x00, 0x01, 0x00, 0x03, 0x80, 0x00, 0x00}}, // 下
    {0x4E0D, {0x00, 0x00, 0x7F, 0xFE, 0x00, 0xC0, 0x01, 0xC0, 0x01, 0x80, 0x03, 0x80, 0x07, 0xB0, 0x0F, 0x98, 0x1D, 0x8C, 0x79, 0x8E, 0x71, 0x86, 0x01, 0x80, 0x01, 0x80, 0x01, 0x80, 0x01, 0x80, 0x00, 0x00}}, // 不
    {0x4E18, {0x00, 0x00, 0x00, 0x18, 0x01, 0xF8, 0x1F, 0xE0, 0x18, 0x00, 0x18, 0x00, 0x18, 0x00, 0x1F, 0xFC, 0x18, 0x60, 0x18, 0x60, 0x18, 0x60, 0x18, 0x60, 0x18, 0x60, 0x7F, 0xFE, 0x60, 0x06, 0x00, 0x00}}, // 丘
    {0x4E1B, {0x00, 0x00, 0x00, 0x00, 0x0C, 0x30, 0x0C, 0x30, 0x0C, 0x20, 0x08, 0x20, 0x08, 0x70, 0x1C, 0x70, 0x1E, 0x70, 0x1F, 0x58, 0x32, 0xDC, 0x71, 0x8E, 0x63, 0x84, 0x00, 0x00, 0x7F, 0xFE, 0x00, 0x00}}, // 丛
    {0x4E2A, {0x01, 0x80, 0x03, 0x80, 0x03, 0xC0, 0x06, 0x60, 0x0C, 0x70, 0x19, 0xBC, 0x71, 0x8E, 0x61, 0x86, 0x01, 0x80, 0x01, 0x80, 0x01, 0x80, 0x01, 0x80, 0x01, 0x80, 0x01, 0x80, 0x01, 0x80, 0x00, 0x00}}, // 个
    {0x4E2D, {0x01, 0x80, 0x01, 0x80, 0x01, 0x80, 0x3F, 0xFC, 0x31, 0x8C, 0x31, 0x8C, 0x31, 0x8C, 0x31, 0x8C, 0x3F, 0xFC, 0x31, 0x8C, 0x01, 0x80, 0x01, 0x80, 0x01, 0x80, 0x01, 0x80, 0x01, 0x80, 0x00, 0x00}}, // 中
    {0x4E3A, {0x00, 0xC0, 0x0C, 0xC0, 0x0E, 0xC0, 0x04, 0xC0, 0x3F, 0xFE, 0x00, 0x86, 0x01, 0x86, 0x01, 0x84, 0x03, 0x4C, 0x03, 0x6C, 0x06, 0x2C, 0x0C, 0x0C, 0x18, 0x0C, 0x30, 0x3C, 0x00, 0x38, 0x00, 0x00}}, // 为
    {0x4E3B, {0x00, 0x00, 0x01, 0x80, 0x01, 0x80, 0x00, 0x80, 0x3F, 0xFC, 0x01, 0x80, 0x01, 0x80, 0x01, 0x80, 0x1F, 0xF8, 0x01, 0x80, 0x01, 0x80, 0x01, 0x80, 0x01, 0x80, 0x7F, 0xFE, 0x70, 0x0E, 0x00, 0x00}}, // 主
    {0x4E4B, {0x01, 0x80, 0x01, 0x80, 0x01, 0x80, 0x3F, 0xFC, 0x3F, 0xFC, 0x00, 0x30, 0x00, 0xE0, 0x01, 0xC0, 0x03, 0x80, 0x07, 0x00, 0x1C, 0x00, 0x7F, 0x02, 0x63, 0xFE, 0x01, 0xFE, 0x00, 0x00, 0x00, 0x00}}, // 之
    {0x4E50, {0x00, 0x00, 0x00, 0xF8, 0x3F, 0xF8, 0x30, 0x00, 0x31, 0x80, 0x31, 0x80, 0x3F, 0xFC, 0x31, 0x80, 0x01, 0x80, 0x0D, 0xB0, 0x1D, 0x98, 0x19, 0x8E, 0x31, 0x86, 0x63, 0x80, 0x03, 0x80, 0x00, 0x00}}, // 乐
    {0x4E60, {0x00, 0x00, 0x18, 0x0C, 0x1F, 0xFC, 0x00, 0x0C, 0x0E, 0x0C, 0x07, 0x0C, 0x03, 0x8C, 0x01, 0x0C, 0x00, 0xEC, 0x07, 0xEC, 0x3F, 0x0C, 0x38, 0x0C, 0x00, 0x1C, 0x00, 0x78, 0x00, 0x70, 0x00, 0x00}}, // 习
    {0x4E70, {0x00, 0x00, 0x3F, 0xFE, 0x00, 0x0C, 0x04, 0x0C, 0x0E, 0xC0, 0x02, 0xC0, 0x1C, 0xC0, 0x0C, 0xC0, 0x00, 0xC0, 0x7F, 0xFE, 0x01, 0x80, 0x01, 0xA0, 0x07, 0x38, 0x3E, 0x1C, 0x38, 0x04, 0x00, 0x00}}, // 买
    {0x4E71, {0x00, 0x00, 0x01, 0x60, 0x3F, 0xE0, 0x7C, 0x60, 0x0C, 0x60, 0x0C, 0x60, 0x7F, 0xE0, 0x0C, 0x60, 0x0C, 0x60, 0x2D, 0x60, 0x3F, 0x60, 0x23, 0x60, 0x23, 0x66, 0x3F, 0x66, 0x23, 0x3C, 0x00, 0x00}}, // 乱
    {0x4E86, {0x00, 0x00, 0x70, 0x0E, 0x7F, 0xFC, 0x00, 0x18, 0x00, 0x60, 0x01, 0xC0, 0x01, 0x80, 0x01, 0x80, 0x01, 0x80, 0x01, 0x80, 0x01, 0x80, 0x01, 0x80, 0x01, 0x80, 0x07, 0x80, 0x07, 0x80, 0x00, 0x00}}, // 了
    {0x4E8E, {0x00, 0x00, 0x3F, 0xFC, 0x01, 0x80, 0x01, 0x80, 0x01, 0x80, 0x01, 0x80, 0x01, 0x80, 0x7F, 0xFE, 0x01, 0x80, 0x01, 0x80, 0x01, 0x80, 0x01, 0x80, 0x01, 0x80, 0x07, 0x80, 0x03, 0x80, 0x00, 0x00}}, // 于
    {0x4E92, {0x00, 0x00, 0x30, 0x0C, 0x3F, 0xFC, 0x06, 0x00, 0x06, 0x00, 0x07, 0xF0, 0x0C, 0x30, 0x0C, 0x30, 0x0C, 0x70, 0x0F, 0xF0, 0x00, 0x30, 0x00, 0x30, 0x7F, 0xFE, 0x70, 0x0E, 0x00, 0x00, 0x00, 0x00}}, // 互
    {0x4E9A, {0x00, 0x00, 0x3F, 0xFC, 0x06, 0x40, 0x06, 0x40, 0x26, 0x4C, 0x36, 0x4C, 0x36, 0x4C, 0x36, 0x58, 0x1E, 0x58, 0x1E, 0x70, 0x06, 0x40, 0x06, 0x40, 0x06, 0x40, 0x7F, 0xFE, 0x00, 0x00, 0x00, 0x00}}, // 亚
    {0x4EA4, {0x01, 0x80, 0x01, 0x80, 0x00, 0x00, 0x7F, 0xFE, 0x04, 0x30, 0x0E, 0x38, 0x1C, 0x1C, 0x3C, 0x2E, 0x26, 0x70, 0x06, 0x60, 0x03, 0xC0, 0x03, 0xC0, 0x0F, 0xF0, 0x7E, 0x7E, 0x38, 0x0C, 0x00, 0x00}}, // 交
    {0x4EAE, {0x00, 0x00, 0x01, 0x80, 0x01, 0x80, 0x7F, 0xFE, 0x00, 0x00, 0x1F, 0xF8, 0x18, 0x18, 0x1F, 0xF8, 0x00, 0x00, 0x7F, 0xFE, 0x66, 0x46, 0x06, 0x60, 0x06, 0x46, 0x1C, 0x66, 0x78, 0x7C, 0x00, 0x00}}, // 亮
    {0x4EB2, {0x01, 0x80, 0x01, 0x80, 0x3F, 0xFC, 0x0C, 0x30, 0x06, 0x60, 0x06, 0x60, 0x3F, 0xFC, 0x01, 0x80, 0x01, 0x80, 0x7F, 0xFE, 0x09, 0x90, 0x1D, 0xB8, 0x39, 0x9C, 0x71, 0x8C, 0x01, 0x80, 0x00, 0x00}}, // 亲
    {0x4ECE, {0x0C, 0x30, 0x0C, 0x30, 0x0C, 0x30, 0x0C, 0x20, 0x0C, 0x20, 0x0C, 0x60, 0x0C, 0x70, 0x0C, 0x70, 0x1E, 0x70, 0x1B, 0x50, 0x18, 0xD8, 0x31, 0x9C, 0x63, 0x8E, 0x67, 0x06, 0x06, 0x00, 0x00, 0x00}}, // 从
    {0x4ED6, {0x0C, 0x60, 0x1C, 0x60, 0x1B, 0x60, 0x1B, 0x6E, 0x33, 0x7C, 0x33, 0xF4, 0x7F, 0xE4, 0x5F, 0x64, 0x13, 0x6C, 0x13, 0x7C, 0x13, 0x68, 0x13, 0x62, 0x13, 0x06, 0x13, 0xFE, 0x10, 0xF8, 0x00, 0x00}}, // 他
    {0x4EF7, {0x18, 0x60, 0x18, 0xE0, 0x18, 0xF0, 0x19, 0xB0, 0x31, 0x9C, 0x73, 0x0E, 0x7F, 0x9E, 0x75, 0x98, 0x11, 0x98, 0x11, 0x98, 0x11, 0x98, 0x11, 0x98, 0x33, 0x18, 0x37, 0x18, 0x36, 0x18, 0x00, 0x00}}, // 价
    {0x4F0A, {0x0C, 0x00, 0x1B, 0xFC, 0x18, 0xC4, 0x18, 0xC4, 0x30, 0xC4, 0x77, 0xFF, 0x70, 0xC4, 0x50, 0xC4, 0x13, 0xFC, 0x10, 0xC4, 0x11, 0x80, 0x11, 0x80, 0x13, 0x80, 0x17, 0x00, 0x16, 0x00, 0x00, 0x00}}, // 伊
    {0x4F0D, {0x0C, 0x00, 0x18, 0x00, 0x1B, 0xFE, 0x18, 0x60, 0x38, 0xC0, 0x38, 0xC0, 0x7B, 0xFC, 0x58, 0xCC, 0x18, 0xCC, 0x18, 0xCC, 0x18, 0x8C, 0x19, 0x8C, 0x19, 0x8C, 0x1F, 0xFF, 0x18, 0x00, 0x00, 0x00}}, // 伍
    {0x4F0F, {0x18, 0x00, 0x18, 0x78, 0x18, 0x6C, 0x30, 0x68, 0x30, 0x40, 0x37, 0xFE, 0x70, 0x60, 0x50, 0xE0, 0x10, 0xE0, 0x10, 0xF0, 0x11, 0xB0, 0x11, 0x98, 0x13, 0x0E, 0x17, 0x06, 0x16, 0x00, 0x00, 0x00}}, // 伏
    {0x4F19, {0x0C, 0x60, 0x18, 0x60, 0x18, 0x60, 0x18, 0x66, 0x3B, 0x66, 0x3B, 0x6C, 0x7B, 0x6C, 0x5A, 0x60, 0x18, 0x70, 0x18, 0xF0, 0x18, 0xD0, 0x19, 0x98, 0x1B, 0x8C, 0x1F, 0x0E, 0x1E, 0x00, 0x00, 0x00}}, // 伙
    {0x4F1A, {0x03, 0x80, 0x03, 0x80, 0x06, 0xC0, 0x0C, 0x70, 0x38, 0x3C, 0x7F, 0xFE, 0x00, 0x06, 0x00, 0x00, 0x3F, 0xFC, 0x03, 0x00, 0x07, 0x00, 0x06, 0x60, 0x0C, 0x30, 0x3F, 0xF8, 0x1C, 0x08, 0x00, 0x00}}, // 会
    {0x4F24, {0x08, 0xC0, 0x1C, 0xC0, 0x19, 0x80, 0x19, 0xFE, 0x33, 0x00, 0x36, 0x60, 0x72, 0x60, 0x73, 0xFE, 0x10, 0x66, 0x10, 0x46, 0x10, 0xC4, 0x10, 0xCC, 0x11, 0x8C, 0x17, 0x1C, 0x12, 0x18, 0x00, 0x00}}, // 伤
    {0x4F34, {0x08, 0x60, 0x1C, 0x64, 0x1B, 0x66, 0x19, 0xEC, 0x31, 0xE8, 0x30, 0x60, 0x73, 0xFE, 0x50, 0x60, 0x10, 0x60, 0x10, 0x60, 0x17, 0xFF, 0x10, 0x60, 0x10, 0x60, 0x10, 0x60, 0x10, 0x60, 0x00, 0x00}}, // 伴
    {0x4F4D, {0x08, 0x60, 0x1C, 0x60, 0x18, 0x20, 0x1B, 0xFE, 0x30, 0x00, 0x31, 0x00, 0x73, 0x1C, 0x71, 0x98, 0x11, 0x98, 0x11, 0x98, 0x11, 0x98, 0x10, 0x30, 0x10, 0x30, 0x17, 0xFF, 0x30, 0x00, 0x00, 0x00}}, // 位
    {0x4F4E, {0x18, 0x00, 0x19, 0xFC, 0x1B, 0xF8, 0x33, 0x30, 0x33, 0x30, 0x73, 0x30, 0x73, 0xFE, 0x73, 0x30, 0x13, 0x30, 0x13, 0xD0, 0x13, 0x98, 0x17, 0x1A, 0x32, 0x0F, 0x37, 0xF6, 0x30, 0x00, 0x00, 0x00}}, // 低
    {0x4F4F, {0x0C, 0x60, 0x1C, 0x60, 0x18, 0x40, 0x1F, 0xFE, 0x38, 0x60, 0x78, 0x60, 0x78, 0x60, 0x1B, 0xFC, 0x18, 0x60, 0x18, 0x60, 0x18, 0x60, 0x18, 0x60, 0x18, 0x60, 0x1F, 0xFE, 0x18, 0x00, 0x00, 0x00}}, // 住
    {0x4F53, {0x00, 0x00, 0x18, 0x60, 0x18, 0x60, 0x18, 0x60, 0x37, 0xFE, 0x31, 0xF0, 0x71, 0xF0, 0x71, 0xF0, 0xF3, 0x78, 0x33, 0x78, 0x36, 0x6C, 0x36, 0x6E, 0x3F, 0xFE, 0x30, 0x60, 0x30, 0x60, 0x30, 0x60}}, // 体
    {0x4F5C, {0x08, 0xC0, 0x0C, 0xC0, 0x19, 0x80, 0x19, 0xFE, 0x3B, 0xC0, 0x3E, 0xC0, 0x7E, 0xC0, 0x78, 0xFE, 0x18, 0xC0, 0x18, 0xC0, 0x18, 0xC0, 0x18, 0xFE, 0x18, 0xC0, 0x18, 0xC0, 0x18, 0xC0, 0x00, 0x00}}, // 作
    {0x4F60, {0x0C, 0x80, 0x0C, 0xC0, 0x19, 0x80, 0x19, 0xFE, 0x3B, 0x06, 0x7B, 0x64, 0x7E, 0x64, 0x58, 0x60, 0x19, 0x6C, 0x1B, 0x6C, 0x1B, 0x66, 0x1E, 0x66, 0x1E, 0x60, 0x18, 0xE0, 0x10, 0xE0, 0x00, 0x00}}, // 你
    {0x4F73, {0x0C, 0x60, 0x0C, 0x60, 0x1B, 0xFE, 0x18, 0x60, 0x38, 0x60, 0x38, 0x60, 0x7F, 0xFE, 0x58, 0x60, 0x18, 0x60, 0x1B, 0xFE, 0x18, 0x60, 0x18, 0x60, 0x18, 0x60, 0x1F, 0xFE, 0x18, 0x00, 0x00, 0x00}}, // 佳
    {0x4F7F, {0x18, 0x60, 0x18, 0x60, 0x1F, 0xFE, 0x30, 0x60, 0x30, 0x60, 0x73, 0xFE, 0x72, 0x66, 0x72, 0x66, 0x13, 0xFE, 0x10, 0x60, 0x13, 0x60, 0x11, 0xC0, 0x31, 0xF8, 0x37, 0xBE, 0x36, 0x06, 0x00, 0x00}}, // 使
    {0x4FA7, {0x18, 0x06, 0x1F, 0xE6, 0x17, 0xFE, 0x35, 0x7E, 0x35, 0x7E, 0x75, 0x7E, 0x75, 0x7E, 0x55, 0x7E, 0x15, 0x7E, 0x15, 0x7E, 0x11, 0x1E, 0x13, 0xC6, 0x36, 0x66, 0x3E, 0x2E, 0x14, 0x0E, 0x00, 0x00}}, // 侧
    {0x4FDD, {0x18, 0x00, 0x1B, 0xFC, 0x1B, 0x0C, 0x33, 0x0C, 0x33, 0x0C, 0x33, 0xFC, 0x70, 0x60, 0xF0, 0x60, 0x17, 0xFE, 0x10, 0xF0, 0x11, 0xF8, 0x13, 0x7C, 0x36, 0x6E, 0x3E, 0x62, 0x30, 0x60, 0x00, 0x00}}, // 保
    {0x4FEF, {0x10, 0x60, 0x18, 0x60, 0x17, 0xFE, 0x36, 0x04, 0x36, 0xCC, 0x76, 0x8C, 0x77, 0xBE, 0x77, 0x8C, 0x37, 0xAC, 0x36, 0xBC, 0x36, 0xBC, 0x34, 0x8C, 0x3C, 0x8C, 0x3C, 0x9C, 0x30, 0x9C, 0x00, 0x00}}, // 俯
    {0x503C, {0x00, 0x00, 0x18, 0x60, 0x18, 0x60, 0x37, 0xFE, 0x30, 0x40, 0x73, 0xFC, 0x73, 0x0C, 0x73, 0xFC, 0x33, 0x0C, 0x33, 0x0C, 0x33, 0xFC, 0x33, 0x0C, 0x33, 0xFC, 0x33, 0x0C, 0x3F, 0xFF, 0x30, 0x00}}, // 值
    {0x503E, {0x18, 0x00, 0x18, 0xFF, 0x36, 0x10, 0x36, 0x10, 0x36, 0xFE, 0x77, 0xC6, 0x76, 0xD6, 0x36, 0xD6, 0x36, 0xD6, 0x37, 0xD6, 0x37, 0xD6, 0x3E, 0x38, 0x30, 0x7C, 0x31, 0xE6, 0x31, 0x82, 0x00, 0x00}}, // 倾
    {0x50A8, {0x00, 0x30, 0x1E, 0x30, 0x1E, 0xFE, 0x33, 0x3C, 0x30, 0x3C, 0x7F, 0xFF, 0x76, 0x30, 0x76, 0x30, 0x36, 0xFC, 0x37, 0xC4, 0x37, 0x7C, 0x37, 0x44, 0x36, 0x44, 0x34, 0x7C, 0x30, 0x44, 0x00, 0x00}}, // 储
    {0x5149, {0x00, 0x00, 0x01, 0x80, 0x01, 0x98, 0x19, 0x98, 0x19, 0xB0, 0x0D, 0xB0, 0x01, 0x80, 0x7F, 0xFE, 0x06, 0xC0, 0x06, 0xC0, 0x06, 0xC0, 0x04, 0xC0, 0x0C, 0xC6, 0x38, 0xC6, 0x70, 0x7C, 0x00, 0x00}}, // 光
    {0x514B, {0x01, 0x80, 0x01, 0x80, 0x7F, 0xFE, 0x01, 0x80, 0x01, 0x80, 0x1F, 0xF8, 0x18, 0x18, 0x18, 0x18, 0x1F, 0xF8, 0x06, 0xC0, 0x06, 0xC0, 0x0E, 0xC0, 0x1C, 0xC6, 0x78, 0xFC, 0x70, 0x00, 0x00, 0x00}}, // 克
    {0x5165, {0x00, 0x00, 0x18, 0x80, 0x1F, 0x80, 0x01, 0xC0, 0x01, 0xC0, 0x01, 0xC0, 0x03, 0x40, 0x03, 0x60, 0x06, 0x60, 0x0E, 0x30, 0x1C, 0x38, 0x38, 0x1C, 0x70, 0x0E, 0x60, 0x06, 0x00, 0x00, 0x00, 0x00}}, // 入
    {0x5168, {0x00, 0x00, 0x3F, 0xC0, 0x03, 0xC0, 0x03, 0x60, 0x06, 0x70, 0x0C, 0x3E, 0x38, 0x1E, 0x7F, 0xFE, 0x21, 0x80, 0x01, 0x80, 0x1F, 0xF8, 0x01, 0x80, 0x01, 0x80, 0x01, 0x80, 0x7F, 0xFC, 0x00, 0x00}}, // 全
    {0x5173, {0x04, 0x30, 0x0E, 0x70, 0x06, 0x60, 0x3F, 0xFC, 0x01, 0x80, 0x01, 0x80, 0x01, 0x80, 0x01, 0x80, 0x7F, 0xFE, 0x03, 0x80, 0x03, 0xC0, 0x06, 0x60, 0x1C, 0x3C, 0x78, 0x1E, 0x30, 0x04, 0x00, 0x00}}, // 关
    {0x5176, {0x0C, 0x30, 0x0C, 0x30, 0x7F, 0xFE, 0x0C, 0x30, 0x0C, 0x30, 0x0F, 0xF0, 0x0C, 0x30, 0x0F, 0xF0, 0x0C, 0x30, 0x0C, 0x30, 0x7F, 0xFE, 0x00, 0x00, 0x0E, 0x78, 0x3C, 0x1C, 0x30, 0x04, 0x00, 0x00}}, // 其
    {0x5177, {0x00, 0x00, 0x1F, 0xF8, 0x18, 0x18, 0x1F, 0xF8, 0x18, 0x18, 0x18, 0x18, 0x1F, 0xF8, 0x18, 0x18, 0x1F, 0xF8, 0x18, 0x18, 0x7F, 0xFE, 0x04, 0x60, 0x0E, 0x78, 0x38, 0x1C, 0x30, 0x0C, 0x00, 0x00}}, // 具
    {0x517D, {0x04, 0x20, 0x06, 0x60, 0x3F, 0xFC, 0x31, 0x8C, 0x3F, 0xFC, 0x31, 0x8C, 0x31, 0x8C, 0x3F, 0xFC, 0x7F, 0xFE, 0x00, 0x00, 0x00, 0x00, 0x1F, 0xF8, 0x18, 0x18, 0x1F, 0xF8, 0x18, 0x18, 0x00, 0x00}}, // 兽
    {0x5185, {0x00, 0x00, 0x01, 0x80, 0x01, 0x80, 0x01, 0x80, 0x3F, 0xFC, 0x31, 0x8C, 0x31, 0x8C, 0x31, 0x8C, 0x33, 0xCC, 0x33, 0x6C, 0x36, 0x7C, 0x3C, 0x2C, 0x30, 0x0C, 0x30, 0x0C, 0x30, 0x3C, 0x00, 0x18}}, // 内
    {0x51B0, {0x00, 0x00, 0x00, 0xE0, 0x00, 0xC0, 0x60, 0xC0, 0x30, 0xC4, 0x3F, 0xEE, 0x0F, 0xF8, 0x03, 0xF0, 0x33, 0xF0, 0x33, 0xF0, 0x36, 0xD8, 0x66, 0xDC, 0x6C, 0xCE, 0x5C, 0xC6, 0x01, 0xC0, 0x01, 0xC0}}, // 冰
    {0x51B2, {0x00, 0x60, 0x20, 0x60, 0x30, 0x60, 0x3B, 0xFE, 0x1A, 0x66, 0x02, 0x66, 0x02, 0x66, 0x1A, 0x66, 0x1B, 0xFE, 0x32, 0x66, 0x32, 0x60, 0x70, 0x60, 0x20, 0x60, 0x00, 0x60, 0x00, 0x60, 0x00, 0x00}}, // 冲
    {0x51B7, {0x00, 0xE0, 0x20, 0xE0, 0x71, 0xF0, 0x31, 0xB0, 0x13, 0x5C, 0x06, 0x6E, 0x0C, 0x66, 0x10, 0x00, 0x37, 0xFC, 0x30, 0x1C, 0x61, 0x30, 0x61, 0xF0, 0x40, 0xE0, 0x00, 0x70, 0x00, 0x20, 0x00, 0x00}}, // 冷
    {0x51BB, {0x00, 0xC0, 0x20, 0xC0, 0x37, 0xFE, 0x39, 0x80, 0x19, 0x00, 0x03, 0x60, 0x06, 0x60, 0x17, 0xFC, 0x18, 0x60, 0x30, 0x68, 0x33, 0x6C, 0x67, 0x66, 0x6E, 0x66, 0x0C, 0xE0, 0x00, 0xC0, 0x00, 0x00}}, // 冻
    {0x51C6, {0x01, 0xB0, 0x23, 0xB0, 0x73, 0x10, 0x33, 0xFE, 0x17, 0x30, 0x07, 0x30, 0x0F, 0xFC, 0x1B, 0x30, 0x1B, 0x30, 0x33, 0xFC, 0x33, 0x30, 0x63, 0x30, 0x23, 0xFE, 0x03, 0x00, 0x03, 0x00, 0x00, 0x00}}, // 准
    {0x51DD, {0x08, 0x00, 0x0F, 0xFC, 0x4E, 0x2C, 0x6D, 0xB8, 0x3F, 0x18, 0x30, 0x00, 0x0C, 0x7E, 0x0F, 0xD6, 0x22, 0x50, 0x3F, 0xDE, 0x26, 0xF0, 0x67, 0xF0, 0x6C, 0xFE, 0x79, 0x8E, 0x00, 0x00, 0x00, 0x00}}, // 凝
    {0x51FA, {0x00, 0x00, 0x01, 0x80, 0x11, 0x8C, 0x31, 0x8C, 0x11, 0x8C, 0x11, 0x8C, 0x31, 0x8C, 0x3F, 0xFC, 0x01, 0x80, 0x21, 0x84, 0x31, 0x8C, 0x31, 0x8C, 0x31, 0x8C, 0x3F, 0xFC, 0x30, 0x0C, 0x30, 0x00}}, // 出
    {0x51FB, {0x00, 0x00, 0x01, 0x80, 0x01, 0x80, 0x01, 0x80, 0x3F, 0xFC, 0x01, 0x80, 0x01, 0x80, 0x7F, 0xFE, 0x01, 0x80, 0x01, 0x80, 0x31, 0x8C, 0x31, 0x8C, 0x31, 0x8C, 0x31, 0x8C, 0x3F, 0xFC, 0x00, 0x0C}}, // 击
    {0x5203, {0x00, 0x00, 0x18, 0x06, 0x1F, 0xFE, 0x00, 0xC6, 0x08, 0xC6, 0x0C, 0xC4, 0x0C, 0xC4, 0x19, 0x84, 0x19, 0x8C, 0x03, 0x8C, 0x07, 0x0C, 0x0E, 0x0C, 0x3C, 0x3C, 0x30, 0x38, 0x00, 0x00, 0x00, 0x00}}, // 刃
    {0x5206, {0x00, 0x00, 0x01, 0xE0, 0x0C, 0x30, 0x0C, 0x30, 0x18, 0x18, 0x18, 0x1C, 0x30, 0x0E, 0x7F, 0xFE, 0x02, 0x10, 0x06, 0x30, 0x06, 0x30, 0x06, 0x30, 0x1C, 0x30, 0x38, 0xF0, 0x30, 0x60, 0x00, 0x00}}, // 分
    {0x5207, {0x00, 0x00, 0x18, 0x00, 0x19, 0xFE, 0x18, 0x66, 0x1E, 0x66, 0x7E, 0x66, 0x18, 0x66, 0x18, 0x66, 0x18, 0x66, 0x1A, 0x46, 0x1E, 0xC6, 0x3C, 0xC6, 0x31, 0x8C, 0x07, 0x1C, 0x06, 0x18, 0x00, 0x00}}, // 切
    {0x521B, {0x06, 0x06, 0x0E, 0x06, 0x0F, 0x36, 0x1B, 0xB6, 0x30, 0xB6, 0x70, 0x36, 0x7F, 0xB6, 0x11, 0x36, 0x11, 0x36, 0x17, 0x36, 0x17, 0x36, 0x10, 0x86, 0x11, 0xC6, 0x1F, 0x9E, 0x00, 0x1C, 0x00, 0x00}}, // 创
    {0x521D, {0x18, 0x00, 0x0C, 0x02, 0x0D, 0xFE, 0x7E, 0x26, 0x0C, 0x26, 0x0C, 0x66, 0x1B, 0x66, 0x3E, 0x66, 0x7E, 0x66, 0x6B, 0x66, 0x08, 0x46, 0x08, 0xC6, 0x09, 0xC6, 0x0B, 0x9C, 0x19, 0x18, 0x00, 0x00}}, // 初
    {0x5229, {0x01, 0x06, 0x3F, 0x86, 0x3C, 0x26, 0x0C, 0x36, 0x3D, 0xB6, 0x7F, 0xB6, 0x0C, 0x36, 0x0F, 0x36, 0x1F, 0x36, 0x3D, 0xB6, 0x3C, 0x26, 0x6C, 0x06, 0x0C, 0x06, 0x0C, 0x1C, 0x0C, 0x1C, 0x00, 0x00}}, // 利
    {0x5230, {0x00, 0x00, 0x00, 0x06, 0x7F, 0x86, 0x08, 0x36, 0x1D, 0x36, 0x19, 0xB6, 0x3F, 0xB6, 0x7F, 0xB6, 0x0C, 0x36, 0x0C, 0x36, 0x3F, 0xB6, 0x0C, 0x36, 0x0D, 0x86, 0x7F, 0x86, 0x7C, 0x1E, 0x00, 0x1C}}, // 到
    {0x5236, {0x00, 0x00, 0x06, 0x06, 0x36, 0x06, 0x3F, 0xF6, 0x26, 0x36, 0x64, 0x36, 0x04, 0x36, 0x7F, 0xF6, 0x06, 0x36, 0x3F, 0xF6, 0x34, 0xF6, 0x34, 0xF6, 0x34, 0xC6, 0x37, 0xC6, 0x07, 0x9C, 0x06, 0x0C}}, // 制
    {0x523A, {0x00, 0x00, 0x06, 0x06, 0x06, 0x06, 0x7F, 0xD6, 0x06, 0x16, 0x06, 0x16, 0x3F, 0xD6, 0x36, 0xD6, 0x36, 0xD6, 0x3F, 0x96, 0x0F, 0x16, 0x1F, 0x86, 0x36, 0xC6, 0x66, 0x06, 0x06, 0x1E, 0x06, 0x1C}}, // 刺
    {0x524D, {0x0C, 0x30, 0x06, 0x60, 0x00, 0x60, 0x7F, 0xFE, 0x00, 0x0C, 0x3F, 0x6C, 0x33, 0x6C, 0x33, 0x6C, 0x3F, 0x6C, 0x33, 0x6C, 0x3F, 0x6C, 0x33, 0x6C, 0x33, 0x0C, 0x37, 0x3C, 0x23, 0x18, 0x00, 0x00}}, // 前
    {0x529B, {0x01, 0x80, 0x01, 0x80, 0x01, 0x80, 0x01, 0x82, 0x3F, 0xFE, 0x01, 0x86, 0x01, 0x86, 0x03, 0x06, 0x03, 0x04, 0x03, 0x0C, 0x06, 0x0C, 0x0C, 0x0C, 0x18, 0x0C, 0x30, 0x3C, 0x00, 0x38, 0x00, 0x00}}, // 力
    {0x529F, {0x00, 0x70, 0x00, 0x60, 0x7E, 0x60, 0x19, 0xFE, 0x18, 0x66, 0x18, 0x66, 0x18, 0x66, 0x18, 0x66, 0x18, 0x66, 0x18, 0x46, 0x1E, 0xC6, 0x7D, 0xC6, 0x61, 0x86, 0x07, 0x1C, 0x06, 0x1C, 0x00, 0x00}}, // 功
    {0x52A0, {0x00, 0x00, 0x0C, 0x00, 0x0C, 0x00, 0x0C, 0x00, 0x7F, 0xFE, 0x09, 0xE6, 0x09, 0xE6, 0x09, 0xE6, 0x19, 0x66, 0x19, 0x66, 0x19, 0x66, 0x19, 0x66, 0x33, 0x7E, 0x77, 0x66, 0x66, 0x66, 0x00, 0x00}}, // 加
    {0x52A8, {0x00, 0x30, 0x00, 0x30, 0x3F, 0x30, 0x01, 0xFE, 0x00, 0x36, 0x7F, 0x36, 0x18, 0x36, 0x18, 0x26, 0x12, 0x26, 0x32, 0x66, 0x37, 0x66, 0x7F, 0xC6, 0x61, 0xC6, 0x03, 0x9C, 0x03, 0x08, 0x00, 0x00}}, // 动
    {0x52AA, {0x1C, 0x00, 0x18, 0x00, 0x7F, 0xFC, 0x33, 0x4C, 0x32, 0x68, 0x3E, 0x38, 0x1E, 0xFC, 0x7B, 0xCE, 0x61, 0x00, 0x3F, 0xF8, 0x03, 0x18, 0x07, 0x18, 0x0E, 0x18, 0x3C, 0x78, 0x30, 0x70, 0x00, 0x00}}, // 努
    {0x52B1, {0x00, 0x18, 0x3F, 0x90, 0x30, 0x10, 0x30, 0x7E, 0x3F, 0x96, 0x34, 0x36, 0x34, 0x36, 0x27, 0xB6, 0x2D, 0xB6, 0x2D, 0xB6, 0x2D, 0xA6, 0x6D, 0xE6, 0x7B, 0x66, 0x7B, 0xDE, 0x00, 0x8C, 0x00, 0x00}}, // 励
    {0x52BF, {0x00, 0x00, 0x18, 0x60, 0x18, 0x60, 0x7F, 0xF8, 0x18, 0x68, 0x1F, 0xC8, 0x7E, 0xE8, 0x09, 0xBA, 0x1B, 0x0E, 0x38, 0x00, 0x11, 0x80, 0x3F, 0xFC, 0x03, 0x18, 0x06, 0x18, 0x3C, 0x78, 0x30, 0x70}}, // 势
    {0x52C7, {0x00, 0x00, 0x3F, 0xFC, 0x02, 0x78, 0x03, 0xC0, 0x1F, 0xFC, 0x11, 0x8C, 0x1F, 0xFC, 0x1F, 0xFC, 0x11, 0x8C, 0x30, 0x0C, 0x01, 0x84, 0x3F, 0xFC, 0x03, 0x0C, 0x0E, 0x0C, 0x38, 0x38, 0x00, 0x00}}, // 勇
    {0x52E4, {0x02, 0x30, 0x13, 0x30, 0x7F, 0xB0, 0x13, 0x30, 0x1F, 0x7E, 0x04, 0x36, 0x3F, 0xB6, 0x25, 0xB6, 0x3F, 0xB6, 0x3F, 0xB6, 0x04, 0x36, 0x3F, 0xE6, 0x3F, 0x7C, 0x78, 0xDC, 0x00, 0xC0, 0x00, 0x00}}, // 勤
    {0x5305, {0x00, 0x00, 0x06, 0x00, 0x0C, 0x00, 0x1F, 0xFC, 0x18, 0x0C, 0x30, 0x0C, 0x7F, 0xCC, 0x18, 0x4C, 0x18, 0x4C, 0x18, 0x4C, 0x1F, 0xEC, 0x18, 0x1C, 0x18, 0x16, 0x18, 0x0E, 0x0F, 0xFC, 0x00, 0x00}}, // 包
    {0x5316, {0x00, 0x00, 0x0C, 0xC0, 0x0C, 0xC0, 0x18, 0xCC, 0x18, 0xCC, 0x38, 0xDC, 0x38, 0xF8, 0x78, 0xF0, 0x58, 0xE0, 0x18, 0xC0, 0x18, 0xC0, 0x18, 0xC0, 0x18, 0xC6, 0x18, 0xC6, 0x18, 0xFC, 0x00, 0x00}}, // 化
    {0x5347, {0x01, 0x30, 0x07, 0xB0, 0x3E, 0x30, 0x36, 0x30, 0x06, 0x30, 0x06, 0x30, 0x7F, 0xFE, 0x06, 0x30, 0x06, 0x30, 0x0C, 0x30, 0x0C, 0x30, 0x1C, 0x30, 0x38, 0x30, 0x70, 0x30, 0x20, 0x00, 0x00, 0x00}}, // 升
    {0x5355, {0x04, 0x30, 0x06, 0x70, 0x06, 0x60, 0x1F, 0xF8, 0x11, 0x88, 0x11, 0x88, 0x1F, 0xF8, 0x11, 0x88, 0x1F, 0xF8, 0x01, 0x80, 0x01, 0x80, 0x7F, 0xFE, 0x01, 0x80, 0x01, 0x80, 0x01, 0x80, 0x00, 0x00}}, // 单
    {0x5356, {0x01, 0x80, 0x01, 0x80, 0x1F, 0xFC, 0x01, 0x80, 0x3F, 0xFC, 0x00, 0x0C, 0x0E, 0xCC, 0x06, 0xC0, 0x18, 0xC0, 0x0C, 0xC0, 0x7F, 0xFE, 0x01, 0x80, 0x07, 0x38, 0x3E, 0x1C, 0x38, 0x0C, 0x00, 0x00}}, // 卖
    {0x5360, {0x00, 0x00, 0x03, 0x00, 0x03, 0x00, 0x03, 0x00, 0x03, 0xFC, 0x03, 0x00, 0x03, 0x00, 0x03, 0x00, 0x3F, 0xF8, 0x30, 0x18, 0x30, 0x18, 0x30, 0x18, 0x30, 0x18, 0x3F, 0xF8, 0x30, 0x18, 0x30, 0x10}}, // 占
    {0x5361, {0x01, 0x80, 0x01, 0x80, 0x01, 0x00, 0x01, 0xFC, 0x01, 0x00, 0x01, 0x00, 0x7F, 0xFE, 0x03, 0x00, 0x03, 0x20, 0x03, 0x30, 0x03, 0x18, 0x03, 0x0C, 0x03, 0x00, 0x03, 0x00, 0x03, 0x80, 0x00, 0x00}}, // 卡
    {0x5377, {0x01, 0x80, 0x19, 0x18, 0x1B, 0x30, 0x3F, 0xFC, 0x03, 0x00, 0x02, 0x00, 0x7F, 0xFE, 0x0C, 0x60, 0x1C, 0x38, 0x3F, 0xFE, 0x7C, 0x2E, 0x0C, 0xE0, 0x0C, 0xD8, 0x0C, 0x38, 0x0F, 0xF8, 0x00, 0x00}}, // 卷
    {0x538B, {0x00, 0x00, 0x3F, 0xFE, 0x10, 0x00, 0x10, 0xC0, 0x10, 0xC0, 0x10, 0xC0, 0x17, 0xFC, 0x30, 0xC0, 0x30, 0xC8, 0x30, 0xDC, 0x30, 0xCC, 0x30, 0xC0, 0x6F, 0xFE, 0x60, 0x00, 0x00, 0x00, 0x00, 0x00}}, // 压
    {0x539A, {0x00, 0x00, 0x3F, 0xFE, 0x30, 0x00, 0x37, 0xFC, 0x36, 0x0C, 0x37, 0xFC, 0x36, 0x0C, 0x37, 0xFC, 0x37, 0xFC, 0x30, 0x38, 0x30, 0x60, 0x3F, 0xFE, 0x60, 0x60, 0x60, 0xE0, 0x00, 0xE0, 0x00, 0x00}}, // 厚
    {0x53CC, {0x00, 0x00, 0x7E, 0x00, 0x7F, 0xFC, 0x26, 0xCC, 0x36, 0xCC, 0x3E, 0xCC, 0x1C, 0x58, 0x0C, 0x78, 0x0E, 0x70, 0x1E, 0x70, 0x33, 0x70, 0x30, 0xDC, 0x63, 0x8E, 0x03, 0x06, 0x00, 0x00, 0x00, 0x00}}, // 双
    {0x53D1, {0x00, 0x00, 0x01, 0x80, 0x19, 0xB0, 0x19, 0x18, 0x33, 0x00, 0x3F, 0xFE, 0x33, 0x00, 0x06, 0x00, 0x07, 0xF8, 0x0E, 0x18, 0x1F, 0x30, 0x3B, 0xF0, 0x71, 0xE0, 0x23, 0xF8, 0x1F, 0x3E, 0x1C, 0x0E}}, // 发
    {0x53D6, {0x00, 0x00, 0x7F, 0x00, 0x32, 0xFC, 0x32, 0x4C, 0x32, 0x4C, 0x3E, 0x4C, 0x32, 0x4C, 0x32, 0x68, 0x3E, 0x78, 0x32, 0x38, 0x32, 0x30, 0x7E, 0x38, 0x7E, 0x7E, 0x43, 0xC6, 0x03, 0x80, 0x00, 0x00}}, // 取
    {0x53D7, {0x00, 0x00, 0x00, 0xFC, 0x3F, 0xFC, 0x00, 0x10, 0x09, 0xB8, 0x0D, 0xF0, 0x7F, 0xFC, 0x60, 0x0C, 0x60, 0x3C, 0x0F, 0xE0, 0x06, 0x60, 0x06, 0xC0, 0x07, 0xC0, 0x7F, 0xFE, 0x38, 0x3C, 0x00, 0x00}}, // 受
    {0x53EA, {0x00, 0x00, 0x1F, 0xF8, 0x18, 0x18, 0x18, 0x18, 0x18, 0x18, 0x18, 0x18, 0x18, 0x18, 0x1F, 0xF8, 0x00, 0x00, 0x00, 0x20, 0x06, 0x70, 0x0C, 0x38, 0x18, 0x0E, 0x70, 0x06, 0x60, 0x00, 0x00, 0x00}}, // 只
    {0x53EF, {0x40, 0x06, 0x7F, 0xFE, 0x00, 0x18, 0x00, 0x18, 0x1F, 0x98, 0x10, 0x98, 0x10, 0x98, 0x10, 0x98, 0x1F, 0x98, 0x10, 0x98, 0x30, 0x18, 0x00, 0x18, 0x00, 0xF8, 0x00, 0x70, 0x00, 0x00, 0x00, 0x00}}, // 可
    {0x53F3, {0x01, 0x80, 0x01, 0x80, 0x03, 0x00, 0x7F, 0xFE, 0x06, 0x00, 0x06, 0x00, 0x0C, 0x00, 0x0F, 0xF8, 0x1C, 0x18, 0x3C, 0x18, 0x7C, 0x18, 0x6C, 0x18, 0x0F, 0xF8, 0x0C, 0x18, 0x0C, 0x00, 0x00, 0x00}}, // 右
    {0x53F6, {0x00, 0x30, 0x40, 0x30, 0x7C, 0x30, 0x6C, 0x30, 0x6C, 0x30, 0x6F, 0xFE, 0x6C, 0x30, 0x6C, 0x30, 0x6C, 0x30, 0x7C, 0x30, 0x6C, 0x30, 0x64, 0x30, 0x00, 0x30, 0x00, 0x30, 0x00, 0x30, 0x00, 0x00}}, // 叶
    {0x53F7, {0x00, 0x00, 0x1F, 0xF8, 0x18, 0x18, 0x18, 0x18, 0x1F, 0xF8, 0x00, 0x00, 0x7F, 0xFE, 0x7F, 0xFE, 0x0C, 0x00, 0x0D, 0xF8, 0x00, 0x18, 0x00, 0x18, 0x00, 0x18, 0x00, 0xF0, 0x00, 0xE0, 0x00, 0x00}}, // 号
    {0x5408, {0x01, 0x80, 0x03, 0x80, 0x07, 0xC0, 0x0E, 0x60, 0x1C, 0x38, 0x38, 0x1E, 0x7F, 0xF6, 0x40, 0x00, 0x1F, 0xF8, 0x18, 0x18, 0x18, 0x18, 0x18, 0x18, 0x1F, 0xF8, 0x18, 0x18, 0x18, 0x18, 0x00, 0x00}}, // 合
    {0x540C, {0x00, 0x00, 0x3F, 0xFC, 0x30, 0x0C, 0x30, 0x0C, 0x3F, 0xFC, 0x30, 0x0C, 0x30, 0x0C, 0x37, 0xEC, 0x36, 0x6C, 0x36, 0x6C, 0x37, 0xEC, 0x30, 0x0C, 0x30, 0x0C, 0x30, 0x1C, 0x00, 0x1C, 0x00, 0x00}}, // 同
    {0x540E, {0x00, 0x78, 0x1F, 0xFC, 0x18, 0x00, 0x18, 0x00, 0x18, 0x00, 0x1F, 0xFE, 0x18, 0x00, 0x18, 0x00, 0x17, 0xFC, 0x36, 0x0C, 0x36, 0x0C, 0x36, 0x0C, 0x67, 0xFC, 0x66, 0x0C, 0x06, 0x0C, 0x00, 0x00}}, // 后
    {0x5413, {0x00, 0x00, 0x03, 0xFE, 0x7C, 0x40, 0x64, 0x40, 0x64, 0x40, 0x64, 0x70, 0x64, 0x78, 0x64, 0x5C, 0x64, 0x4C, 0x7C, 0x4E, 0x64, 0x44, 0x60, 0x40, 0x00, 0x40, 0x00, 0x60, 0x00, 0x60, 0x00, 0x00}}, // 吓
    {0x5417, {0x00, 0x00, 0x7D, 0xFC, 0x7C, 0x08, 0x6D, 0x88, 0x6D, 0x98, 0x6D, 0x98, 0x6D, 0x98, 0x6D, 0xFE, 0x6D, 0x86, 0x7C, 0x06, 0x6F, 0xF6, 0x60, 0x06, 0x60, 0x06, 0x00, 0x1C, 0x00, 0x1C, 0x00, 0x00}}, // 吗
    {0x541E, {0x00, 0x00, 0x1F, 0xF8, 0x01, 0x00, 0x03, 0x00, 0x7F, 0xFE, 0x03, 0x60, 0x06, 0x60, 0x0C, 0x38, 0x3C, 0x1E, 0x7F, 0xFE, 0x68, 0x30, 0x08, 0x30, 0x0F, 0xF0, 0x18, 0x30, 0x18, 0x00, 0x00, 0x00}}, // 吞
    {0x5426, {0x00, 0x00, 0x3F, 0xFE, 0x01, 0xC0, 0x03, 0x80, 0x07, 0xA0, 0x1F, 0xF8, 0x79, 0x9E, 0x71, 0x86, 0x01, 0x88, 0x1F, 0xF8, 0x18, 0x18, 0x18, 0x18, 0x1F, 0xF8, 0x18, 0x18, 0x00, 0x00, 0x00, 0x00}}, // 否
    {0x5438, {0x00, 0x00, 0x7F, 0xF8, 0x6F, 0x98, 0x6D, 0x98, 0x6D, 0xB0, 0x6D, 0xBC, 0x6D, 0xCC, 0x6D, 0xCC, 0x6D, 0x78, 0x7F, 0x78, 0x6F, 0x30, 0x66, 0x70, 0x0E, 0xFC, 0x1D, 0xCE, 0x09, 0x84, 0x00, 0x00}}, // 吸
    {0x5473, {0x00, 0x00, 0x00, 0x60, 0x00, 0x60, 0x7C, 0x60, 0x6F, 0xFC, 0x6C, 0x60, 0x6C, 0x60, 0x6F, 0xFC, 0x6C, 0xE0, 0x6D, 0xF0, 0x7D, 0xF0, 0x6F, 0x78, 0x67, 0x6E, 0x46, 0x6E, 0x0C, 0x60, 0x00, 0x60}}, // 味
    {0x548C, {0x07, 0x00, 0x3F, 0x00, 0x3C, 0x7E, 0x0C, 0x66, 0x0C, 0x66, 0x7F, 0xE6, 0x0C, 0x66, 0x1E, 0x66, 0x1F, 0x66, 0x3D, 0xE6, 0x7C, 0x7E, 0x6C, 0x66, 0x0C, 0x62, 0x0C, 0x00, 0x0C, 0x00, 0x00, 0x00}}, // 和
    {0x54AA, {0x00, 0x60, 0x02, 0x6C, 0x7B, 0x6C, 0x4B, 0x78, 0x49, 0x78, 0x48, 0x60, 0x4F, 0xFE, 0x48, 0xF0, 0x49, 0xF0, 0x79, 0xF8, 0x4B, 0x78, 0x46, 0x6C, 0x0E, 0x6E, 0x0C, 0x64, 0x00, 0x60, 0x00, 0x00}}, // 咪
    {0x54AC, {0x00, 0x60, 0x00, 0x60, 0x7F, 0xFE, 0x6C, 0x00, 0x6C, 0x98, 0x6D, 0x9C, 0x6F, 0x0E, 0x6E, 0x14, 0x6D, 0x98, 0x6C, 0xB0, 0x7C, 0xF0, 0x6C, 0x60, 0x61, 0xF8, 0x47, 0x9E, 0x06, 0x04, 0x00, 0x00}}, // 咬
    {0x54C1, {0x00, 0x00, 0x1F, 0xF0, 0x08, 0x30, 0x08, 0x30, 0x08, 0x30, 0x1F, 0xF0, 0x00, 0x00, 0x7E, 0xFE, 0x62, 0xC6, 0x62, 0xC6, 0x62, 0xC6, 0x62, 0xC6, 0x7E, 0xFE, 0x62, 0xC6, 0x00, 0x00, 0x00, 0x00}}, // 品
    {0x54C8, {0x00, 0x60, 0x00, 0xE0, 0x78, 0xF0, 0x49, 0xB0, 0x49, 0x98, 0x4B, 0x0E, 0x4F, 0xF6, 0x4C, 0x00, 0x48, 0x00, 0x4B, 0xF8, 0x7B, 0x08, 0x4B, 0x08, 0x43, 0xF8, 0x43, 0x08, 0x03, 0x00, 0x00, 0x00}}, // 哈
    {0x552E, {0x0C, 0xC0, 0x0C, 0xC0, 0x1F, 0xFE, 0x18, 0xC0, 0x3F, 0xFC, 0x78, 0xC0, 0x1F, 0xFC, 0x18, 0xC0, 0x1F, 0xFE, 0x18, 0x00, 0x0F, 0xFC, 0x08, 0x0C, 0x0F, 0xFC, 0x08, 0x0C, 0x08, 0x00, 0x00, 0x00}}, // 售
    {0x5543, {0x00, 0x20, 0x01, 0x3C, 0x79, 0x3C, 0x69, 0x20, 0x6F, 0xFE, 0x68, 0x00, 0x69, 0x00, 0x6B, 0xFC, 0x6B, 0x0C, 0x7B, 0xFC, 0x6B, 0x0C, 0x63, 0xFC, 0x03, 0x0C, 0x03, 0x1C, 0x03, 0x1C, 0x00, 0x00}}, // 啃
    {0x5544, {0x00, 0x00, 0x07, 0xFE, 0x78, 0x60, 0x59, 0xC0, 0x5B, 0x8C, 0x5E, 0xD8, 0x58, 0xF8, 0x5B, 0xF8, 0x5F, 0x78, 0x7F, 0xE8, 0x59, 0xAC, 0x43, 0xA6, 0x4E, 0x66, 0x04, 0xE0, 0x00, 0xC0, 0x00, 0x00}}, // 啄
    {0x5546, {0x01, 0x80, 0x01, 0x80, 0x7F, 0xFE, 0x04, 0x60, 0x06, 0x40, 0x3F, 0xFC, 0x32, 0xCC, 0x36, 0xDC, 0x3C, 0xFC, 0x37, 0xEC, 0x36, 0x6C, 0x36, 0x6C, 0x37, 0xEC, 0x30, 0x1C, 0x30, 0x18, 0x00, 0x00}}, // 商
    {0x5582, {0x00, 0x00, 0x03, 0xFC, 0x7B, 0x6C, 0x6B, 0xFC, 0x6B, 0x6C, 0x6B, 0x6C, 0x6B, 0xFC, 0x68, 0x00, 0x6F, 0xFE, 0x7B, 0x68, 0x6B, 0x6C, 0x6B, 0x38, 0x43, 0xDC, 0x03, 0x8E, 0x02, 0x00, 0x00, 0x00}}, // 喂
    {0x5599, {0x01, 0x80, 0x01, 0x80, 0x79, 0xF8, 0x5B, 0x18, 0x5B, 0xF0, 0x5F, 0xFE, 0x58, 0xC8, 0x59, 0xCC, 0x5F, 0xF8, 0x7D, 0xF8, 0x5F, 0x68, 0x46, 0xEC, 0x03, 0xA6, 0x0E, 0xE0, 0x00, 0xE0, 0x00, 0x00}}, // 喙
    {0x55B7, {0x00, 0x00, 0x00, 0x60, 0x03, 0xFE, 0x78, 0x60, 0x68, 0x20, 0x69, 0x98, 0x6F, 0xFE, 0x69, 0x98, 0x6B, 0xFC, 0x6B, 0x0C, 0x6B, 0x6C, 0x7B, 0x6C, 0x69, 0x60, 0x60, 0xD8, 0x07, 0x9E, 0x07, 0x04}}, // 喷
    {0x56DE, {0x00, 0x00, 0x30, 0x0C, 0x3F, 0xFC, 0x30, 0x0C, 0x34, 0x0C, 0x37, 0xEC, 0x36, 0x6C, 0x36, 0x6C, 0x36, 0x6C, 0x37, 0xEC, 0x30, 0x0C, 0x30, 0x0C, 0x3F, 0xFC, 0x30, 0x0C, 0x00, 0x00, 0x00, 0x00}}, // 回
    {0x56FA, {0x00, 0x00, 0x3F, 0xFC, 0x20, 0x04, 0x21, 0x84, 0x21, 0x84, 0x2F, 0xF4, 0x21, 0x84, 0x27, 0xE4, 0x24, 0x24, 0x24, 0x24, 0x27, 0xE4, 0x20, 0x04, 0x20, 0x04, 0x3F, 0xFC, 0x60, 0x04, 0x00, 0x00}}, // 固
    {0x5728, {0x01, 0x80, 0x03, 0x80, 0x3F, 0xFE, 0x02, 0x00, 0x06, 0x40, 0x04, 0x60, 0x18, 0x60, 0x18, 0x60, 0x7B, 0xFE, 0x78, 0x60, 0x18, 0x60, 0x18, 0x60, 0x18, 0x60, 0x1F, 0xFE, 0x00, 0x00, 0x00, 0x00}}, // 在
    {0x5730, {0x00, 0x60, 0x30, 0x60, 0x33, 0x60, 0x33, 0x6C, 0x33, 0x7C, 0x7B, 0xFC, 0x37, 0xEC, 0x37, 0x6C, 0x33, 0x6C, 0x33, 0x7C, 0x3F, 0x68, 0x7F, 0x66, 0x73, 0x06, 0x01, 0xFE, 0x00, 0x00, 0x00, 0x00}}, // 地
    {0x5747, {0x18, 0x60, 0x18, 0xE0, 0x18, 0xC0, 0x18, 0xFE, 0x7F, 0x86, 0x19, 0x86, 0x1B, 0x66, 0x18, 0x66, 0x18, 0x06, 0x18, 0x3E, 0x1F, 0xF6, 0x7D, 0xC6, 0x70, 0x06, 0x00, 0x3E, 0x00, 0x1C, 0x00, 0x00}}, // 均
    {0x5757, {0x00, 0x00, 0x10, 0xE0, 0x10, 0x40, 0x10, 0x40, 0x13, 0xFC, 0x7C, 0x4C, 0x10, 0x4C, 0x10, 0x4C, 0x10, 0x4C, 0x13, 0xFE, 0x10, 0xE0, 0x3C, 0xF0, 0x79, 0x90, 0x43, 0x9C, 0x0F, 0x0E, 0x0C, 0x06}}, // 块
    {0x5766, {0x00, 0x00, 0x30, 0x00, 0x31, 0xFC, 0x31, 0x04, 0x31, 0x04, 0x7D, 0x04, 0x31, 0xFC, 0x31, 0x04, 0x31, 0x04, 0x31, 0x04, 0x3D, 0xFC, 0x3C, 0x00, 0x70, 0x00, 0x40, 0x00, 0x07, 0xFF, 0x00, 0x00}}, // 坦
    {0x57FA, {0x00, 0x00, 0x00, 0x20, 0x0C, 0x30, 0x3F, 0xFE, 0x0C, 0x30, 0x0F, 0xF0, 0x0F, 0xF0, 0x0C, 0x30, 0x7F, 0xFE, 0x0E, 0x30, 0x1D, 0x9C, 0x77, 0xFE, 0x21, 0x86, 0x01, 0x80, 0x3F, 0xFC, 0x00, 0x00}}, // 基
    {0x5883, {0x30, 0x60, 0x33, 0xFE, 0x30, 0x10, 0x31, 0x90, 0x7F, 0xFE, 0x30, 0x00, 0x33, 0xFC, 0x32, 0x0C, 0x33, 0xFC, 0x32, 0x0C, 0x7F, 0xFC, 0x71, 0xB0, 0x43, 0xB6, 0x0F, 0x3E, 0x0E, 0x00, 0x00, 0x00}}, // 境
    {0x589E, {0x00, 0x88, 0x18, 0xD8, 0x13, 0xFE, 0x13, 0x22, 0x13, 0xAA, 0x7F, 0xAA, 0x13, 0x2A, 0x13, 0xFE, 0x10, 0x00, 0x11, 0xFE, 0x1D, 0x86, 0x7D, 0xFE, 0x61, 0x86, 0x01, 0xFE, 0x01, 0x86, 0x00, 0x00}}, // 增
    {0x58C1, {0x00, 0x00, 0x00, 0x30, 0x3F, 0x10, 0x33, 0xFE, 0x3F, 0x6C, 0x30, 0x08, 0x3F, 0xFE, 0x7B, 0x10, 0x7B, 0xFE, 0x1F, 0x10, 0x00, 0x10, 0x01, 0x80, 0x1F, 0xFC, 0x00, 0x80, 0x3F, 0xFE, 0x00, 0x00}}, // 壁
    {0x5907, {0x07, 0x00, 0x06, 0x00, 0x0F, 0xF8, 0x1C, 0x30, 0x36, 0x60, 0x03, 0xC0, 0x0F, 0xFE, 0x7C, 0x3E, 0x7F, 0xF8, 0x19, 0x98, 0x1F, 0xF8, 0x19, 0x98, 0x19, 0x98, 0x1F, 0xF8, 0x18, 0x08, 0x00, 0x00}}, // 备
    {0x590D, {0x0C, 0x00, 0x0C, 0x00, 0x1F, 0xFC, 0x30, 0x00, 0x7F, 0xF8, 0x18, 0x18, 0x1F, 0xF8, 0x18, 0x18, 0x1F, 0xF8, 0x0F, 0xF8, 0x3E, 0x30, 0x77, 0xE0, 0x03, 0xC0, 0x7F, 0xFE, 0x7C, 0x1E, 0x00, 0x00}}, // 复
    {0x591A, {0x03, 0x00, 0x07, 0x00, 0x07, 0xF8, 0x0C, 0x38, 0x3E, 0x70, 0x13, 0xE0, 0x07, 0x80, 0x3F, 0x80, 0x3B, 0xFC, 0x07, 0x0C, 0x1F, 0x98, 0x19, 0xF8, 0x00, 0xF0, 0x3F, 0xC0, 0x3F, 0x00, 0x00, 0x00}}, // 多
    {0x591C, {0x01, 0x80, 0x01, 0xC0, 0x7F, 0xFE, 0x08, 0x80, 0x0C, 0xC0, 0x19, 0xFC, 0x19, 0x0C, 0x3B, 0x6C, 0x3F, 0xF8, 0x7F, 0x98, 0x18, 0xF0, 0x18, 0xF0, 0x18, 0xF8, 0x1B, 0xFE, 0x1B, 0x0E, 0x00, 0x00}}, // 夜
    {0x591F, {0x18, 0x30, 0x18, 0x70, 0x38, 0x7E, 0x3F, 0xCC, 0x63, 0xFC, 0x7B, 0x38, 0x2B, 0xF0, 0x2B, 0xF0, 0x2B, 0x3E, 0x2B, 0x66, 0x3A, 0xE6, 0x2A, 0x1C, 0x06, 0x18, 0x0E, 0xF0, 0x00, 0xC0, 0x00, 0x00}}, // 够
    {0x5927, {0x00, 0x00, 0x01, 0x80, 0x01, 0x80, 0x01, 0x80, 0x01, 0x80, 0x7F, 0xFE, 0x01, 0x80, 0x01, 0x80, 0x03, 0xC0, 0x03, 0xC0, 0x03, 0x60, 0x06, 0x70, 0x1C, 0x3C, 0x78, 0x1E, 0x30, 0x0C, 0x00, 0x00}}, // 大
    {0x5929, {0x00, 0x00, 0x38, 0x1C, 0x3F, 0xFC, 0x01, 0x80, 0x01, 0x80, 0x01, 0x80, 0x7F, 0xFE, 0x01, 0x80, 0x03, 0xC0, 0x03, 0xC0, 0x07, 0x60, 0x0E, 0x70, 0x1C, 0x3C, 0x78, 0x1E, 0x70, 0x04, 0x00, 0x00}}, // 天
    {0x592A, {0x00, 0x00, 0x01, 0x80, 0x01, 0x80, 0x01, 0x80, 0x01, 0x80, 0x7F, 0xFE, 0x03, 0x80, 0x03, 0x80, 0x03, 0xC0, 0x07, 0x60, 0x06, 0x60, 0x0C, 0x30, 0x1D, 0x9C, 0x71, 0x8E, 0x60, 0x04, 0x00, 0x00}}, // 太
    {0x5934, {0x00, 0x60, 0x0C, 0x60, 0x0E, 0xC0, 0x07, 0xC0, 0x10, 0xC0, 0x3C, 0xC0, 0x0C, 0xC0, 0x00, 0xC0, 0x7F, 0xFE, 0x01, 0x80, 0x01, 0xB0, 0x03, 0x38, 0x0F, 0x1C, 0x3C, 0x0C, 0x38, 0x00, 0x00, 0x00}}, // 头
    {0x5939, {0x00, 0x00, 0x01, 0xC0, 0x01, 0x80, 0x3F, 0xFE, 0x01, 0x80, 0x09, 0x98, 0x0D, 0x98, 0x0D, 0xB0, 0x01, 0x80, 0x7F, 0xFE, 0x03, 0x40, 0x03, 0x60, 0x06, 0x70, 0x1E, 0x3C, 0x78, 0x1E, 0x70, 0x04}}, // 夹
    {0x5947, {0x01, 0x80, 0x01, 0x80, 0x3F, 0xFC, 0x03, 0xC0, 0x0F, 0xF8, 0x3C, 0x18, 0x7F, 0xFE, 0x00, 0x18, 0x10, 0x18, 0x1F, 0xD8, 0x18, 0x98, 0x1F, 0xD8, 0x18, 0xD8, 0x00, 0x38, 0x00, 0x30, 0x00, 0x00}}, // 奇
    {0x594B, {0x01, 0x80, 0x01, 0x80, 0x7F, 0xFE, 0x06, 0x60, 0x0E, 0x30, 0x1C, 0x38, 0x38, 0x1E, 0x7F, 0xFE, 0x19, 0x98, 0x19, 0x98, 0x1F, 0xF8, 0x19, 0x98, 0x19, 0x98, 0x1F, 0xF8, 0x18, 0x18, 0x00, 0x00}}, // 奋
    {0x5956, {0x04, 0x60, 0x04, 0xC0, 0x34, 0xFE, 0x35, 0x8C, 0x0F, 0x5C, 0x3C, 0x78, 0x74, 0x70, 0x0D, 0xE0, 0x01, 0x80, 0x7F, 0xFE, 0x01, 0x80, 0x03, 0xC0, 0x0E, 0x78, 0x7C, 0x3E, 0x30, 0x04, 0x00, 0x00}}, // 奖
    {0x597D, {0x18, 0x00, 0x19, 0xFE, 0x18, 0x0E, 0x18, 0x1C, 0x7E, 0x38, 0x32, 0x30, 0x36, 0x30, 0x37, 0xFF, 0x36, 0x30, 0x36, 0x30, 0x1C, 0x30, 0x0E, 0x30, 0x3A, 0x30, 0x70, 0x70, 0x60, 0x70, 0x00, 0x00}}, // 好
    {0x5982, {0x0C, 0x00, 0x0C, 0x00, 0x0C, 0x7E, 0x7F, 0x66, 0x1B, 0x66, 0x1B, 0x66, 0x1B, 0x66, 0x13, 0x66, 0x3F, 0x66, 0x1E, 0x66, 0x0F, 0x66, 0x0F, 0xE6, 0x19, 0xFE, 0x30, 0x66, 0x20, 0x66, 0x00, 0x00}}, // 如
    {0x5996, {0x18, 0x0C, 0x31, 0xFC, 0x31, 0xE0, 0x30, 0x60, 0x7E, 0x60, 0x36, 0x60, 0x25, 0xFE, 0x6C, 0x60, 0x6C, 0x70, 0x7C, 0x70, 0x1C, 0xD8, 0x1E, 0xD8, 0x33, 0x8C, 0x67, 0x06, 0x06, 0x02, 0x00, 0x00}}, // 妖
    {0x5999, {0x18, 0x30, 0x10, 0x30, 0x30, 0x30, 0x7F, 0xBC, 0x37, 0xB6, 0x37, 0xB6, 0x25, 0xB0, 0x2D, 0x3C, 0x3D, 0x3C, 0x1C, 0x6C, 0x1E, 0x58, 0x3E, 0x38, 0x70, 0x70, 0x63, 0xC0, 0x03, 0x80, 0x00, 0x00}}, // 妙
    {0x59CB, {0x00, 0x20, 0x18, 0x60, 0x30, 0x60, 0x30, 0xD8, 0x7E, 0x8C, 0x37, 0xFE, 0x35, 0xF6, 0x2C, 0x00, 0x6D, 0xFC, 0x7D, 0x8C, 0x3D, 0x8C, 0x1F, 0x8C, 0x37, 0xFC, 0x61, 0x8C, 0x21, 0x84, 0x00, 0x00}}, // 始
    {0x5A01, {0x00, 0x00, 0x00, 0x60, 0x00, 0x6C, 0x00, 0x6C, 0x3F, 0xFE, 0x30, 0x60, 0x3F, 0xEC, 0x36, 0x2C, 0x3F, 0xEC, 0x35, 0xBC, 0x3D, 0xB8, 0x27, 0x98, 0x67, 0xB8, 0x7C, 0x7E, 0x48, 0xEE, 0x00, 0xC6}}, // 威
    {0x5AE9, {0x00, 0x00, 0x31, 0x98, 0x31, 0x98, 0x37, 0xF8, 0x21, 0x9E, 0x79, 0x94, 0x2F, 0xF4, 0x2F, 0xF4, 0x6F, 0xF4, 0x7F, 0xFC, 0x79, 0xDC, 0x1B, 0xFC, 0x3F, 0x8C, 0x37, 0x9C, 0x6D, 0xF6, 0x41, 0xA2}}, // 嫩
    {0x5B50, {0x00, 0x00, 0x3F, 0xFC, 0x00, 0x38, 0x00, 0x60, 0x01, 0xC0, 0x01, 0x80, 0x01, 0x80, 0x7F, 0xFE, 0x01, 0x80, 0x01, 0x80, 0x01, 0x80, 0x01, 0x80, 0x07, 0x80, 0x07, 0x80, 0x00, 0x00, 0x00, 0x00}}, // 子
    {0x5B58, {0x01, 0x80, 0x03, 0x80, 0x3F, 0xFE, 0x06, 0x00, 0x06, 0x00, 0x0D, 0xFE, 0x1C, 0x1C, 0x3C, 0x30, 0x6C, 0x30, 0x4F, 0xFF, 0x0C, 0x30, 0x0C, 0x30, 0x0C, 0x30, 0x0C, 0xF0, 0x08, 0x60, 0x00, 0x00}}, // 存
    {0x5B66, {0x01, 0x98, 0x19, 0x98, 0x09, 0x98, 0x00, 0x30, 0x7F, 0xFE, 0x60, 0x06, 0x60, 0x06, 0x0F, 0xF0, 0x00, 0xF0, 0x01, 0x80, 0x7F, 0xFE, 0x01, 0x80, 0x01, 0x80, 0x03, 0x80, 0x03, 0x00, 0x00, 0x00}}, // 学
    {0x5B75, {0x10, 0x0E, 0x7F, 0xFC, 0x64, 0x82, 0x7C, 0xD6, 0x7F, 0xFC, 0x7F, 0x84, 0x7F, 0xFE, 0x7F, 0x8C, 0x6C, 0x98, 0x7C, 0xFE, 0x7F, 0x98, 0x5F, 0x98, 0x34, 0x18, 0x34, 0x18, 0x20, 0x38, 0x00, 0x00}}, // 孵
    {0x5B83, {0x01, 0x80, 0x01, 0x80, 0x7F, 0xFE, 0x60, 0x06, 0x6C, 0x06, 0x6C, 0x00, 0x0C, 0x38, 0x0D, 0xF8, 0x0F, 0xC0, 0x0C, 0x00, 0x0C, 0x00, 0x0C, 0x0C, 0x0C, 0x0C, 0x0F, 0xFC, 0x00, 0x00, 0x00, 0x00}}, // 它
    {0x5B89, {0x01, 0x80, 0x01, 0x80, 0x3F, 0xFC, 0x20, 0x04, 0x23, 0x04, 0x03, 0x00, 0x06, 0x00, 0x7F, 0xFE, 0x0C, 0x30, 0x0C, 0x60, 0x0F, 0xE0, 0x03, 0xE0, 0x03, 0xF8, 0x7F, 0x1C, 0x38, 0x0C, 0x00, 0x00}}, // 安
    {0x5B8C, {0x01, 0x80, 0x01, 0x80, 0x3F, 0xFE, 0x20, 0x06, 0x20, 0x06, 0x0F, 0xF0, 0x00, 0x00, 0x7F, 0xFE, 0x06, 0x40, 0x06, 0x40, 0x06, 0x40, 0x06, 0x44, 0x1C, 0x46, 0x78, 0x7C, 0x30, 0x00, 0x00, 0x00}}, // 完
    {0x5B9A, {0x01, 0x80, 0x01, 0x80, 0x00, 0x00, 0x7F, 0xFE, 0x60, 0x06, 0x7F, 0xFE, 0x01, 0x80, 0x09, 0x80, 0x1D, 0x80, 0x19, 0xFC, 0x19, 0x80, 0x3D, 0x80, 0x37, 0x80, 0x63, 0xFE, 0x60, 0xFE, 0x00, 0x00}}, // 定
    {0x5BB3, {0x01, 0x80, 0x01, 0x80, 0x7F, 0xFE, 0x61, 0x96, 0x7F, 0xFE, 0x01, 0x80, 0x1F, 0xF8, 0x01, 0x80, 0x7F, 0xFE, 0x01, 0x80, 0x1F, 0xF8, 0x18, 0x18, 0x18, 0x18, 0x1F, 0xF8, 0x18, 0x18, 0x00, 0x00}}, // 害
    {0x5BB6, {0x01, 0x80, 0x01, 0x80, 0x7F, 0xFC, 0x60, 0x04, 0x6F, 0xF4, 0x03, 0x00, 0x0F, 0x18, 0x3F, 0x38, 0x73, 0xF0, 0x0F, 0xF0, 0x7B, 0xD0, 0x26, 0xD8, 0x1C, 0xCE, 0x73, 0xC6, 0x03, 0x80, 0x00, 0x00}}, // 家
    {0x5BC2, {0x01, 0x80, 0x01, 0x80, 0x7F, 0xFE, 0x68, 0x06, 0x78, 0x00, 0x0F, 0xFC, 0x08, 0x4C, 0x08, 0x48, 0x7F, 0x68, 0x0C, 0x78, 0x3F, 0x38, 0x6D, 0xB0, 0x6C, 0x78, 0x1D, 0xCE, 0x19, 0x84, 0x00, 0x00}}, // 寂
    {0x5BC6, {0x01, 0x80, 0x01, 0x80, 0x7F, 0xFE, 0x61, 0x26, 0x61, 0xF6, 0x16, 0x6C, 0x37, 0xCE, 0x37, 0x36, 0x3F, 0xF0, 0x7B, 0xC0, 0x11, 0x88, 0x19, 0x8C, 0x19, 0x88, 0x1F, 0xF8, 0x18, 0x08, 0x00, 0x00}}, // 密
    {0x5BD2, {0x01, 0x80, 0x7F, 0xFE, 0x60, 0x06, 0x66, 0x66, 0x1F, 0xF8, 0x06, 0x60, 0x1F, 0xFC, 0x06, 0x60, 0x7F, 0xFE, 0x0C, 0x30, 0x39, 0x9E, 0x70, 0xCE, 0x07, 0x00, 0x03, 0xE0, 0x00, 0x60, 0x00, 0x00}}, // 寒
    {0x5BDE, {0x01, 0x80, 0x7F, 0xFE, 0x60, 0x06, 0x7F, 0xFC, 0x06, 0x40, 0x1F, 0xF8, 0x10, 0x18, 0x1F, 0xF8, 0x1B, 0xF8, 0x01, 0x80, 0x7F, 0xFE, 0x03, 0xC0, 0x06, 0x70, 0x3C, 0x3E, 0x38, 0x04, 0x00, 0x00}}, // 寞
    {0x5BF9, {0x00, 0x0C, 0x00, 0x0C, 0x7F, 0x0C, 0x06, 0x0C, 0x07, 0xFF, 0x36, 0x0C, 0x3E, 0x0C, 0x1C, 0xCC, 0x0C, 0x6C, 0x1E, 0x6C, 0x1E, 0x0C, 0x33, 0x0C, 0x62, 0x0C, 0x60, 0x3C, 0x00, 0x38, 0x00, 0x00}}, // 对
    {0x5C04, {0x1C, 0x0C, 0x18, 0x0C, 0x3F, 0x0C, 0x33, 0x0C, 0x3F, 0xFF, 0x33, 0x7E, 0x3F, 0x0C, 0x33, 0x6C, 0x3F, 0xEC, 0x7F, 0xAC, 0x47, 0x0C, 0x1F, 0x0C, 0x73, 0x0C, 0x47, 0x3C, 0x07, 0x18, 0x00, 0x00}}, // 射
    {0x5C0F, {0x00, 0x00, 0x01, 0x80, 0x01, 0x80, 0x01, 0x80, 0x01, 0x80, 0x19, 0x90, 0x19, 0x98, 0x31, 0x9C, 0x31, 0x8C, 0x31, 0x8E, 0x61, 0x86, 0x01, 0x84, 0x01, 0x80, 0x07, 0x80, 0x03, 0x00, 0x00, 0x00}}, // 小
    {0x5C11, {0x01, 0x80, 0x01, 0x80, 0x01, 0xB0, 0x19, 0xB8, 0x19, 0x9C, 0x31, 0x8E, 0x31, 0x86, 0x61, 0x80, 0x01, 0x98, 0x07, 0xB8, 0x02, 0x70, 0x00, 0xE0, 0x07, 0xC0, 0x7F, 0x00, 0x38, 0x00, 0x00, 0x00}}, // 少
    {0x5C16, {0x00, 0x00, 0x01, 0x80, 0x01, 0x80, 0x19, 0xB8, 0x19, 0x98, 0x31, 0x8C, 0x37, 0x04, 0x21, 0x80, 0x01, 0x80, 0x7F, 0xFE, 0x03, 0x80, 0x03, 0xC0, 0x06, 0x60, 0x0E, 0x7C, 0x7C, 0x3E, 0x70, 0x04}}, // 尖
    {0x5C3C, {0x00, 0x00, 0x3F, 0xFC, 0x30, 0x0C, 0x10, 0x0C, 0x1F, 0xFC, 0x10, 0x00, 0x10, 0x00, 0x13, 0x08, 0x33, 0x3C, 0x33, 0xF0, 0x33, 0x80, 0x33, 0x06, 0x73, 0x0E, 0x63, 0xFC, 0x20, 0x00, 0x00, 0x00}}, // 尼
    {0x5C3E, {0x00, 0x00, 0x3F, 0xFC, 0x30, 0x0C, 0x30, 0x0C, 0x3F, 0xFC, 0x30, 0x18, 0x3F, 0xF8, 0x30, 0xC8, 0x3F, 0xFC, 0x34, 0xC0, 0x3F, 0xFE, 0x2C, 0xC2, 0x60, 0xC6, 0x60, 0xFE, 0x40, 0x00, 0x00, 0x00}}, // 尾
    {0x5C4F, {0x00, 0x00, 0x3F, 0xFC, 0x30, 0x0C, 0x3F, 0xFC, 0x30, 0x18, 0x33, 0x18, 0x31, 0x30, 0x3F, 0xFE, 0x31, 0x30, 0x31, 0x30, 0x3F, 0xFE, 0x23, 0x30, 0x63, 0x30, 0x6E, 0x30, 0x0C, 0x30, 0x00, 0x00}}, // 屏
    {0x5C55, {0x00, 0x00, 0x3F, 0xFC, 0x30, 0x0C, 0x3F, 0xFC, 0x33, 0x20, 0x3F, 0xFC, 0x3F, 0xFC, 0x33, 0x20, 0x33, 0x20, 0x3F, 0xFE, 0x36, 0xCC, 0x26, 0x78, 0x67, 0xB8, 0x67, 0x1E, 0x06, 0x06, 0x00, 0x00}}, // 展
    {0x5C5E, {0x00, 0x00, 0x1F, 0xFE, 0x10, 0x06, 0x1F, 0xFE, 0x17, 0xFC, 0x10, 0x40, 0x17, 0xFC, 0x16, 0x4C, 0x37, 0xFC, 0x34, 0x40, 0x3F, 0xFE, 0x34, 0x56, 0x65, 0xFE, 0x6D, 0x0E, 0x04, 0x0E, 0x00, 0x00}}, // 属
    {0x5C71, {0x00, 0x00, 0x01, 0x80, 0x01, 0x80, 0x01, 0x80, 0x31, 0x8C, 0x21, 0x8C, 0x21, 0x8C, 0x21, 0x8C, 0x21, 0x8C, 0x21, 0x8C, 0x21, 0x8C, 0x21, 0x8C, 0x3F, 0xFC, 0x20, 0x0C, 0x20, 0x00, 0x00, 0x00}}, // 山
    {0x5CA9, {0x01, 0x80, 0x19, 0x8C, 0x11, 0x8C, 0x1F, 0xFC, 0x00, 0x00, 0x00, 0x00, 0x7F, 0xFF, 0x07, 0x00, 0x06, 0x00, 0x0F, 0xFC, 0x3C, 0x0C, 0x7C, 0x0C, 0x6C, 0x0C, 0x0F, 0xFC, 0x0C, 0x0C, 0x00, 0x00}}, // 岩
    {0x5DE6, {0x00, 0x00, 0x03, 0x80, 0x03, 0x00, 0x03, 0x00, 0x7F, 0xFE, 0x06, 0x00, 0x06, 0x00, 0x06, 0x00, 0x0F, 0xFC, 0x18, 0xC0, 0x18, 0xC0, 0x30, 0xC0, 0x60, 0xC0, 0x00, 0xC0, 0x0F, 0xFE, 0x00, 0x00}}, // 左
    {0x5DE8, {0x00, 0x00, 0x3F, 0xFC, 0x10, 0x00, 0x10, 0x00, 0x10, 0x00, 0x1F, 0xF8, 0x10, 0x18, 0x10, 0x18, 0x10, 0x18, 0x1F, 0xF8, 0x10, 0x00, 0x10, 0x00, 0x10, 0x00, 0x7F, 0xFE, 0x00, 0x00, 0x00, 0x00}}, // 巨
    {0x5DF2, {0x00, 0x00, 0x7F, 0xF8, 0x00, 0x18, 0x00, 0x18, 0x30, 0x18, 0x30, 0x18, 0x3F, 0xF8, 0x30, 0x18, 0x30, 0x00, 0x30, 0x00, 0x30, 0x00, 0x30, 0x0C, 0x30, 0x1C, 0x1F, 0xF8, 0x00, 0x00, 0x00, 0x00}}, // 已
    {0x5DF4, {0x00, 0x00, 0x7F, 0xF8, 0x63, 0x18, 0x63, 0x18, 0x63, 0x18, 0x63, 0x18, 0x7F, 0xF8, 0x60, 0x18, 0x60, 0x00, 0x60, 0x00, 0x60, 0x00, 0x60, 0x0C, 0x70, 0x0C, 0x3F, 0xFC, 0x00, 0x00, 0x00, 0x00}}, // 巴
    {0x5E01, {0x00, 0x1C, 0x3F, 0xFC, 0x3F, 0x80, 0x01, 0x80, 0x01, 0x80, 0x3F, 0xFC, 0x31, 0x8C, 0x31, 0x8C, 0x31, 0x8C, 0x31, 0x8C, 0x31, 0x8C, 0x31, 0x9C, 0x01, 0xB8, 0x01, 0x80, 0x01, 0x80, 0x00, 0x00}}, // 币
    {0x5E03, {0x01, 0x80, 0x01, 0x80, 0x03, 0x00, 0x7F, 0xFF, 0x06, 0x00, 0x06, 0xC0, 0x0C, 0xC0, 0x1F, 0xFC, 0x3C, 0xCC, 0x6C, 0xCC, 0x0C, 0xCC, 0x0C, 0xCC, 0x0C, 0xDC, 0x0C, 0xD8, 0x00, 0xC0, 0x00, 0x00}}, // 布
    {0x5E1D, {0x01, 0x80, 0x01, 0x80, 0x7F, 0xFE, 0x0C, 0x70, 0x06, 0x60, 0x7F, 0xFE, 0x61, 0x86, 0x61, 0x86, 0x1F, 0xF8, 0x11, 0x88, 0x11, 0x88, 0x11, 0x98, 0x11, 0xB8, 0x01, 0xB0, 0x01, 0x80, 0x00, 0x00}}, // 帝
    {0x5E26, {0x00, 0x00, 0x0D, 0xB0, 0x0D, 0xB0, 0x7F, 0xFE, 0x0D, 0xB0, 0x09, 0x90, 0x7F, 0xFE, 0x61, 0x86, 0x61, 0x80, 0x01, 0x80, 0x1F, 0xF8, 0x19, 0x98, 0x19, 0x98, 0x19, 0xB8, 0x19, 0xB8, 0x01, 0x80}}, // 带
    {0x5E38, {0x01, 0x80, 0x19, 0x98, 0x09, 0xB0, 0x7F, 0xFE, 0x60, 0x06, 0x7F, 0xF6, 0x08, 0x30, 0x08, 0x30, 0x1F, 0xF0, 0x01, 0x80, 0x3F, 0xF8, 0x31, 0x88, 0x31, 0x98, 0x31, 0xB8, 0x01, 0x80, 0x00, 0x00}}, // 常
    {0x5E55, {0x06, 0x60, 0x7F, 0xFE, 0x06, 0x60, 0x1F, 0xF8, 0x10, 0x18, 0x1F, 0xF8, 0x1F, 0xF8, 0x03, 0x00, 0x7F, 0xFE, 0x0D, 0xB0, 0x19, 0x98, 0x7F, 0xFE, 0x69, 0x92, 0x09, 0xB0, 0x01, 0xA0, 0x00, 0x00}}, // 幕
    {0x5E7B, {0x0C, 0x00, 0x0C, 0x00, 0x18, 0xFE, 0x18, 0x06, 0x13, 0x06, 0x33, 0x06, 0x7E, 0x06, 0x7E, 0x06, 0x0C, 0x06, 0x0D, 0x06, 0x19, 0x84, 0x13, 0x84, 0x3F, 0x8C, 0x38, 0x9C, 0x00, 0x1C, 0x00, 0x00}}, // 幻
    {0x5E7D, {0x01, 0x80, 0x01, 0xB0, 0x0D, 0xA0, 0x69, 0xE6, 0x79, 0xDE, 0x77, 0xF6, 0x7D, 0xB6, 0x6D, 0xA6, 0x6D, 0xF6, 0x6F, 0xFE, 0x7F, 0xFE, 0x7B, 0x86, 0x61, 0x86, 0x7F, 0xFE, 0x60, 0x06, 0x00, 0x00}}, // 幽
    {0x5E7F, {0x00, 0x80, 0x00, 0xC0, 0x00, 0x80, 0x1F, 0xFE, 0x18, 0x00, 0x18, 0x00, 0x18, 0x00, 0x18, 0x00, 0x10, 0x00, 0x30, 0x00, 0x30, 0x00, 0x30, 0x00, 0x30, 0x00, 0x60, 0x00, 0x60, 0x00, 0x00, 0x00}}, // 广
    {0x5E93, {0x00, 0xC0, 0x00, 0xC0, 0x3F, 0xFE, 0x10, 0x00, 0x11, 0x80, 0x1F, 0xFE, 0x33, 0x60, 0x37, 0x60, 0x37, 0xFC, 0x30, 0x60, 0x30, 0x60, 0x3F, 0xFE, 0x60, 0x60, 0x60, 0x60, 0x00, 0x60, 0x00, 0x00}}, // 库
    {0x5E94, {0x00, 0xC0, 0x00, 0xC0, 0x3F, 0xFE, 0x30, 0x00, 0x30, 0x00, 0x30, 0xCC, 0x36, 0xCC, 0x36, 0x4C, 0x36, 0x68, 0x33, 0x58, 0x33, 0x18, 0x30, 0x30, 0x20, 0x30, 0x6F, 0xFE, 0x60, 0x00, 0x00, 0x00}}, // 应
    {0x5E95, {0x00, 0xC0, 0x00, 0xC0, 0x3F, 0xFE, 0x30, 0x1C, 0x37, 0xFC, 0x36, 0x60, 0x36, 0x60, 0x36, 0x60, 0x37, 0xFE, 0x36, 0x20, 0x36, 0xB0, 0x67, 0xB2, 0x6E, 0x1E, 0x6F, 0xEE, 0x00, 0x04, 0x00, 0x00}}, // 底
    {0x5E97, {0x01, 0x80, 0x00, 0xC0, 0x3F, 0xFE, 0x10, 0x00, 0x10, 0xC0, 0x10, 0xC0, 0x10, 0xFE, 0x10, 0xC0, 0x30, 0xC0, 0x37, 0xFC, 0x36, 0x0C, 0x36, 0x0C, 0x77, 0xFC, 0x66, 0x0C, 0x26, 0x00, 0x00, 0x00}}, // 店
    {0x5EA6, {0x01, 0x80, 0x01, 0x80, 0x3F, 0xFE, 0x33, 0x30, 0x33, 0x30, 0x3F, 0xFE, 0x33, 0x30, 0x33, 0xF0, 0x30, 0x00, 0x3F, 0xF8, 0x33, 0x30, 0x31, 0xF0, 0x61, 0xE0, 0x6F, 0xFE, 0x6E, 0x1E, 0x00, 0x00}}, // 度
    {0x5EB7, {0x00, 0x80, 0x00, 0xC0, 0x3F, 0xFE, 0x30, 0xC0, 0x3F, 0xFC, 0x30, 0xCC, 0x3F, 0xFF, 0x30, 0xCC, 0x3F, 0xFC, 0x34, 0xD8, 0x36, 0xF0, 0x23, 0xF0, 0x6F, 0xFC, 0x6D, 0xCC, 0x01, 0x80, 0x00, 0x00}}, // 康
    {0x5EFA, {0x00, 0x40, 0x7B, 0xFC, 0x18, 0x4C, 0x1F, 0xFE, 0x30, 0x4C, 0x30, 0x4C, 0x7F, 0xFC, 0x08, 0x40, 0x6B, 0xFC, 0x38, 0x40, 0x3F, 0xFC, 0x3C, 0x40, 0x7F, 0xFE, 0x63, 0xFE, 0x00, 0x00, 0x00, 0x00}}, // 建
    {0x5F00, {0x00, 0x00, 0x3F, 0xFC, 0x06, 0x30, 0x06, 0x30, 0x06, 0x30, 0x06, 0x30, 0x06, 0x30, 0x7F, 0xFE, 0x06, 0x30, 0x06, 0x30, 0x0C, 0x30, 0x0C, 0x30, 0x18, 0x30, 0x70, 0x30, 0x20, 0x30, 0x00, 0x00}}, // 开
    {0x5F02, {0x00, 0x00, 0x3F, 0xF8, 0x00, 0x18, 0x00, 0x18, 0x1F, 0xF8, 0x10, 0x06, 0x18, 0x0E, 0x1F, 0xFC, 0x06, 0x30, 0x04, 0x30, 0x7F, 0xFE, 0x0C, 0x30, 0x0C, 0x30, 0x38, 0x30, 0x30, 0x30, 0x00, 0x00}}, // 异
    {0x5F0F, {0x00, 0xD0, 0x00, 0xD8, 0x00, 0xD8, 0x7F, 0xFE, 0x00, 0xC0, 0x00, 0xC0, 0x00, 0xC0, 0x7F, 0x40, 0x0C, 0x60, 0x0C, 0x60, 0x0C, 0x30, 0x0F, 0xBE, 0x7F, 0x1E, 0x70, 0x0E, 0x00, 0x00, 0x00, 0x00}}, // 式
    {0x5F15, {0x3F, 0x8C, 0x3F, 0x8C, 0x01, 0x8C, 0x01, 0x8C, 0x3F, 0x8C, 0x30, 0x0C, 0x30, 0x0C, 0x30, 0x0C, 0x3F, 0x8C, 0x01, 0x8C, 0x01, 0x8C, 0x03, 0x0C, 0x03, 0x0C, 0x1F, 0x0C, 0x0E, 0x0C, 0x00, 0x00}}, // 引
    {0x5F39, {0x00, 0x88, 0x7D, 0x98, 0x08, 0xB0, 0x0B, 0xFC, 0x0B, 0x64, 0x7B, 0x64, 0x63, 0xFC, 0x63, 0x64, 0x7B, 0xFC, 0x08, 0x60, 0x08, 0x60, 0x1F, 0xFE, 0x18, 0x60, 0x78, 0x60, 0x20, 0x60, 0x00, 0x00}}, // 弹
    {0x5F3A, {0x00, 0x00, 0x7D, 0xFC, 0x0D, 0x8C, 0x0D, 0x8C, 0x0D, 0xFC, 0x7C, 0x60, 0x63, 0xFC, 0x63, 0x6C, 0x7F, 0x6C, 0x0F, 0xFC, 0x0F, 0x64, 0x0C, 0x60, 0x08, 0x6C, 0x7F, 0xFE, 0x3B, 0xC6, 0x00, 0x00}}, // 强
    {0x5F53, {0x00, 0x00, 0x01, 0x80, 0x11, 0x8C, 0x39, 0x9C, 0x19, 0xB8, 0x0D, 0xB0, 0x01, 0x80, 0x3F, 0xFC, 0x00, 0x0C, 0x00, 0x0C, 0x3F, 0xFC, 0x00, 0x0C, 0x00, 0x0C, 0x00, 0x0C, 0x3F, 0xFC, 0x00, 0x0C}}, // 当
    {0x5F62, {0x00, 0x00, 0x00, 0x0C, 0x7F, 0x8C, 0x1B, 0x18, 0x1B, 0x30, 0x1B, 0x64, 0x1B, 0x0E, 0x1B, 0x1C, 0x7F, 0xF8, 0x1B, 0x60, 0x13, 0x06, 0x33, 0x0C, 0x33, 0x18, 0x63, 0x70, 0x63, 0x60, 0x00, 0x00}}, // 形
    {0x5F71, {0x00, 0x0C, 0x3F, 0x9C, 0x3F, 0x98, 0x31, 0xB0, 0x3F, 0xE0, 0x04, 0x0E, 0x7F, 0xCC, 0x00, 0x18, 0x3F, 0xB0, 0x31, 0xA6, 0x3F, 0x86, 0x35, 0x8C, 0x64, 0x98, 0x4C, 0x70, 0x0C, 0x60, 0x00, 0x00}}, // 影
    {0x5F88, {0x0D, 0x04, 0x1D, 0xFC, 0x39, 0x8C, 0x61, 0x8C, 0x05, 0xFC, 0x0D, 0x8C, 0x19, 0xFC, 0x39, 0xE4, 0x79, 0xAE, 0x19, 0xBC, 0x19, 0xB8, 0x19, 0x9C, 0x19, 0xEE, 0x1B, 0xC6, 0x19, 0x00, 0x00, 0x00}}, // 很
    {0x5F97, {0x08, 0x00, 0x1B, 0xFC, 0x33, 0x0C, 0x6B, 0xFC, 0x2F, 0x0C, 0x1B, 0xFC, 0x38, 0x00, 0x7B, 0xFE, 0x78, 0x08, 0x1F, 0xFF, 0x18, 0x08, 0x19, 0x88, 0x19, 0x88, 0x18, 0x38, 0x10, 0x38, 0x00, 0x00}}, // 得
    {0x5FAE, {0x11, 0x18, 0x3D, 0x58, 0x75, 0x50, 0x65, 0x70, 0x17, 0xFF, 0x18, 0x3C, 0x3F, 0xEC, 0x70, 0x3C, 0x77, 0xBC, 0x35, 0x9C, 0x35, 0xD8, 0x35, 0xD8, 0x3D, 0xBC, 0x38, 0xE6, 0x30, 0x00, 0x00, 0x00}}, // 微
    {0x5FC3, {0x00, 0x00, 0x03, 0x00, 0x03, 0x80, 0x01, 0xC0, 0x00, 0xC0, 0x00, 0x00, 0x36, 0x18, 0x36, 0x1C, 0x36, 0x0C, 0x66, 0x06, 0x66, 0x06, 0x66, 0x10, 0x06, 0x18, 0x07, 0xF8, 0x03, 0xF0, 0x00, 0x00}}, // 心
    {0x5FEB, {0x00, 0x00, 0x18, 0x60, 0x18, 0x60, 0x18, 0x60, 0x5D, 0xFC, 0x7E, 0x6C, 0x7E, 0x4C, 0x78, 0x4C, 0x58, 0x4C, 0x1B, 0xFF, 0x18, 0xE0, 0x18, 0xF0, 0x18, 0xD0, 0x19, 0x9C, 0x1F, 0x0E, 0x1E, 0x06}}, // 快
    {0x5FF5, {0x01, 0x80, 0x03, 0xC0, 0x07, 0xE0, 0x0F, 0xF0, 0x19, 0x9E, 0x70, 0x0E, 0x6F, 0xF0, 0x00, 0x60, 0x01, 0x60, 0x25, 0x98, 0x2C, 0x8C, 0x6C, 0x06, 0x6C, 0x34, 0x07, 0xF0, 0x01, 0x80, 0x00, 0x00}}, // 念
    {0x6001, {0x03, 0x80, 0x03, 0x00, 0x7F, 0xFE, 0x03, 0x40, 0x06, 0x60, 0x0D, 0x38, 0x39, 0x9E, 0x71, 0x8E, 0x20, 0x00, 0x01, 0x88, 0x36, 0xCC, 0x36, 0x06, 0x66, 0x36, 0x67, 0xF0, 0x03, 0xE0, 0x00, 0x00}}, // 态
    {0x6012, {0x18, 0x00, 0x18, 0xFC, 0x7F, 0x4C, 0x33, 0x6C, 0x32, 0x78, 0x3E, 0x38, 0x0F, 0x7E, 0x7A, 0xCE, 0x70, 0x00, 0x01, 0x80, 0x36, 0xCC, 0x34, 0x86, 0x36, 0x36, 0x67, 0xF0, 0x01, 0x80, 0x00, 0x00}}, // 怒
    {0x6015, {0x18, 0x30, 0x18, 0x30, 0x18, 0x20, 0x1D, 0xFE, 0x7F, 0x86, 0x7B, 0x86, 0x7B, 0x86, 0x78, 0xFE, 0x18, 0x86, 0x18, 0x86, 0x18, 0x86, 0x18, 0x86, 0x18, 0xFE, 0x19, 0x86, 0x19, 0x82, 0x00, 0x00}}, // 怕
    {0x6025, {0x06, 0x00, 0x0C, 0x00, 0x0F, 0xF0, 0x18, 0x60, 0x3F, 0xFC, 0x00, 0x08, 0x3F, 0xFE, 0x00, 0x08, 0x1F, 0xFC, 0x00, 0x00, 0x25, 0x98, 0x34, 0xCC, 0x64, 0x36, 0x67, 0xF0, 0x03, 0xE0, 0x00, 0x00}}, // 急
    {0x6027, {0x18, 0x30, 0x19, 0x30, 0x19, 0xB0, 0x1D, 0xB0, 0x7F, 0xFE, 0x7F, 0x30, 0x7B, 0x30, 0x58, 0x30, 0x19, 0xFE, 0x18, 0x30, 0x18, 0x30, 0x18, 0x30, 0x18, 0x30, 0x1B, 0xFE, 0x18, 0x00, 0x00, 0x00}}, // 性
    {0x6050, {0x00, 0x00, 0x7F, 0xF8, 0x18, 0xD8, 0x1B, 0xD8, 0x19, 0xD8, 0x1C, 0xF8, 0x7D, 0x9A, 0x63, 0x1E, 0x03, 0x80, 0x01, 0x88, 0x3C, 0xCC, 0x6C, 0x8E, 0x6C, 0x36, 0x67, 0xF0, 0x03, 0x80, 0x00, 0x00}}, // 恐
    {0x6062, {0x00, 0xC0, 0x18, 0xC0, 0x18, 0xC0, 0x1B, 0xFE, 0x7C, 0x80, 0x7F, 0xB0, 0x5D, 0xB6, 0x59, 0xF4, 0x1B, 0xBC, 0x1B, 0xBC, 0x1E, 0x70, 0x1C, 0x78, 0x18, 0xCC, 0x1B, 0x8E, 0x1B, 0x06, 0x00, 0x00}}, // 恢
    {0x606F, {0x03, 0x00, 0x06, 0x00, 0x1F, 0xF8, 0x10, 0x18, 0x1F, 0xF8, 0x10, 0x18, 0x1F, 0xF8, 0x10, 0x18, 0x1F, 0xF8, 0x00, 0x00, 0x2D, 0x8C, 0x6C, 0xCE, 0x6C, 0x36, 0x6F, 0xF0, 0x03, 0x80, 0x00, 0x00}}, // 息
    {0x6076, {0x00, 0x00, 0x3F, 0xFC, 0x02, 0x40, 0x12, 0x4C, 0x1A, 0x58, 0x1A, 0x58, 0x02, 0x40, 0x7F, 0xFE, 0x00, 0x00, 0x05, 0x88, 0x2C, 0xCC, 0x6C, 0x8E, 0x6C, 0x36, 0x6F, 0xF0, 0x00, 0x00, 0x00, 0x00}}, // 恶
    {0x60A0, {0x18, 0x60, 0x18, 0x40, 0x16, 0xFE, 0x37, 0x8C, 0x77, 0xD8, 0x76, 0x78, 0x16, 0x70, 0x10, 0xFC, 0x13, 0x8E, 0x11, 0x00, 0x04, 0x8C, 0x34, 0xCC, 0x34, 0x36, 0x67, 0xF2, 0x03, 0xC0, 0x00, 0x00}}, // 悠
    {0x60C5, {0x00, 0x00, 0x18, 0x60, 0x18, 0x60, 0x1B, 0xFE, 0x7C, 0x60, 0x7F, 0xFC, 0x58, 0x60, 0x5B, 0xFF, 0x1B, 0xFC, 0x1B, 0x0C, 0x1B, 0xFC, 0x1B, 0x0C, 0x1B, 0xFC, 0x1B, 0x0C, 0x1B, 0x1C, 0x11, 0x00}}, // 情
    {0x610F, {0x01, 0x80, 0x3F, 0xFC, 0x00, 0x00, 0x06, 0x60, 0x7F, 0xFE, 0x00, 0x00, 0x1F, 0xF8, 0x18, 0x18, 0x1F, 0xF8, 0x1F, 0xF8, 0x00, 0x80, 0x3D, 0x8C, 0x3C, 0xB6, 0x6F, 0xF4, 0x07, 0xC0, 0x00, 0x00}}, // 意
    {0x614E, {0x10, 0x60, 0x17, 0xFE, 0x10, 0x60, 0x10, 0x60, 0x5F, 0xFC, 0x57, 0xFC, 0x51, 0x0C, 0xD1, 0xFC, 0x11, 0x0C, 0x11, 0xFC, 0x11, 0x0C, 0x17, 0xFF, 0x11, 0x98, 0x13, 0x8E, 0x16, 0x06, 0x00, 0x00}}, // 慎
    {0x6162, {0x00, 0x00, 0x1B, 0xFC, 0x13, 0xFC, 0x1F, 0x0C, 0x5F, 0xFC, 0x54, 0x00, 0x53, 0xFE, 0x52, 0xD2, 0x13, 0xFE, 0x10, 0x00, 0x13, 0xFC, 0x11, 0x98, 0x10, 0xF0, 0x13, 0xFE, 0x13, 0x9E, 0x00, 0x00}}, // 慢
    {0x6210, {0x00, 0x00, 0x00, 0xD8, 0x00, 0xD8, 0x00, 0xC8, 0x3F, 0xFE, 0x30, 0xC0, 0x30, 0xCC, 0x3F, 0x58, 0x33, 0x58, 0x33, 0x78, 0x33, 0x70, 0x3F, 0x70, 0x6E, 0x72, 0x61, 0xDE, 0x43, 0x8E, 0x00, 0x04}}, // 成
    {0x6216, {0x00, 0xD8, 0x00, 0xD8, 0x00, 0xC0, 0x7F, 0xFE, 0x00, 0xC0, 0x00, 0xC0, 0x3F, 0xC8, 0x33, 0xD8, 0x33, 0x58, 0x3F, 0x78, 0x33, 0x70, 0x3F, 0x30, 0x7E, 0x76, 0x61, 0xDE, 0x01, 0x8E, 0x00, 0x00}}, // 或
    {0x6218, {0x00, 0x00, 0x10, 0xC0, 0x10, 0xD8, 0x10, 0xD8, 0x1E, 0xC0, 0x10, 0xFE, 0x13, 0xF8, 0x13, 0xC8, 0x7E, 0x4C, 0x66, 0x78, 0x66, 0x78, 0x66, 0x70, 0x7E, 0x70, 0x66, 0xDE, 0x43, 0x9E, 0x03, 0x0C}}, // 战
    {0x6233, {0x03, 0xA0, 0x7F, 0xB0, 0x0A, 0xBC, 0x2A, 0xB6, 0x3B, 0xB0, 0x7F, 0xFE, 0x36, 0xFC, 0x3F, 0xB6, 0x66, 0x3C, 0x7F, 0x9C, 0x66, 0x98, 0x3F, 0xB8, 0x26, 0xFA, 0x3F, 0xCE, 0x20, 0x06, 0x00, 0x00}}, // 戳
    {0x623F, {0x00, 0x38, 0x3F, 0xF8, 0x30, 0x00, 0x3F, 0xFC, 0x30, 0x04, 0x3F, 0xFC, 0x30, 0x00, 0x30, 0xC0, 0x3F, 0xFF, 0x31, 0x80, 0x21, 0xFC, 0x61, 0x0C, 0x63, 0x0C, 0x6E, 0x3C, 0x4C, 0x38, 0x00, 0x00}}, // 房
    {0x624B, {0x00, 0x00, 0x00, 0x7C, 0x3F, 0xFC, 0x11, 0x80, 0x01, 0x80, 0x1F, 0xF8, 0x01, 0x80, 0x01, 0x80, 0x7F, 0xFE, 0x01, 0x80, 0x01, 0x80, 0x01, 0x80, 0x01, 0x80, 0x07, 0x80, 0x03, 0x80, 0x00, 0x00}}, // 手
    {0x6251, {0x1C, 0x60, 0x18, 0x60, 0x08, 0x60, 0x18, 0x60, 0x7F, 0x70, 0x18, 0x78, 0x08, 0x6C, 0x0E, 0x6E, 0x7C, 0x66, 0x78, 0x60, 0x08, 0x60, 0x08, 0x60, 0x18, 0x60, 0x38, 0x60, 0x38, 0x60, 0x00, 0x00}}, // 扑
    {0x6253, {0x18, 0x00, 0x18, 0x00, 0x19, 0xFF, 0x7E, 0x18, 0x18, 0x18, 0x18, 0x18, 0x18, 0x18, 0x1E, 0x18, 0x7C, 0x18, 0x78, 0x18, 0x18, 0x18, 0x18, 0x18, 0x18, 0x18, 0x78, 0x78, 0x70, 0x70, 0x00, 0x00}}, // 打
    {0x6267, {0x00, 0x00, 0x18, 0xC0, 0x18, 0xC0, 0x18, 0xC0, 0x18, 0xC0, 0x7F, 0xF8, 0x18, 0xC8, 0x18, 0xC8, 0x1D, 0xC8, 0x79, 0xC8, 0x78, 0xE8, 0x19, 0xF8, 0x19, 0x8A, 0x1B, 0x0F, 0x7E, 0x0E, 0x70, 0x00}}, // 执
    {0x6269, {0x18, 0x30, 0x18, 0x30, 0x19, 0x00, 0x7F, 0xFE, 0x19, 0x80, 0x19, 0x80, 0x19, 0x80, 0x1F, 0x80, 0x79, 0x80, 0x79, 0x80, 0x19, 0x80, 0x19, 0x00, 0x1B, 0x00, 0x7F, 0x00, 0x76, 0x00, 0x00, 0x00}}, // 扩
    {0x626B, {0x00, 0x00, 0x0C, 0x00, 0x08, 0x02, 0x08, 0xFE, 0x7F, 0x06, 0x08, 0x06, 0x08, 0x06, 0x08, 0x06, 0x1E, 0xFE, 0x7C, 0x06, 0x78, 0x06, 0x08, 0x06, 0x08, 0x06, 0x09, 0xFE, 0x38, 0x06, 0x38, 0x06}}, // 扫
    {0x6280, {0x00, 0x00, 0x18, 0x40, 0x18, 0x60, 0x18, 0x60, 0x1B, 0xFE, 0x7C, 0x60, 0x18, 0x60, 0x1B, 0xFC, 0x1D, 0x8C, 0x7C, 0x98, 0x78, 0xD8, 0x18, 0xF0, 0x18, 0x70, 0x18, 0xFC, 0x7B, 0x9E, 0x73, 0x06}}, // 技
    {0x6293, {0x00, 0x00, 0x18, 0x1C, 0x13, 0xFE, 0x13, 0x58, 0x13, 0x58, 0x7F, 0x58, 0x13, 0x58, 0x1F, 0x58, 0x3F, 0x58, 0x73, 0x48, 0x53, 0x4C, 0x12, 0x4C, 0x16, 0x4E, 0x76, 0x46, 0x74, 0x40, 0x00, 0x00}}, // 抓
    {0x6295, {0x18, 0x00, 0x18, 0xF8, 0x18, 0x98, 0x18, 0x98, 0x7D, 0x9E, 0x1B, 0x9E, 0x19, 0x00, 0x1D, 0xFC, 0x7D, 0x88, 0x78, 0xD8, 0x18, 0xF0, 0x18, 0x70, 0x18, 0xF8, 0x77, 0xDE, 0x23, 0x06, 0x00, 0x00}}, // 投
    {0x62C9, {0x00, 0x00, 0x18, 0x60, 0x18, 0x60, 0x18, 0x20, 0x7F, 0xFE, 0x18, 0x00, 0x18, 0x88, 0x19, 0x8C, 0x1E, 0xD8, 0x7C, 0xD8, 0x78, 0xD8, 0x18, 0xD8, 0x18, 0x10, 0x18, 0x30, 0x3F, 0xFE, 0x30, 0x00}}, // 拉
    {0x62CD, {0x18, 0x30, 0x18, 0x30, 0x18, 0x20, 0x19, 0xFE, 0x7F, 0x86, 0x19, 0x86, 0x19, 0x86, 0x1F, 0x86, 0x7D, 0xFE, 0x79, 0x86, 0x19, 0x86, 0x19, 0x86, 0x19, 0xFE, 0x39, 0x86, 0x39, 0x80, 0x00, 0x00}}, // 拍
    {0x62D2, {0x00, 0x00, 0x18, 0x00, 0x1B, 0xFE, 0x19, 0x80, 0x19, 0x80, 0x7F, 0x80, 0x19, 0xFC, 0x19, 0x84, 0x1F, 0x84, 0x7D, 0x84, 0x79, 0xFC, 0x19, 0x80, 0x19, 0x80, 0x19, 0x80, 0x7B, 0xFF, 0x30, 0x00}}, // 拒
    {0x62D4, {0x10, 0xC8, 0x10, 0xDC, 0x10, 0xCC, 0x7F, 0xFE, 0x1C, 0xC0, 0x10, 0x8C, 0x15, 0x8C, 0x7D, 0xD8, 0x79, 0xD8, 0x53, 0xD8, 0x17, 0x70, 0x16, 0x70, 0x10, 0x7C, 0x71, 0xDE, 0x73, 0x84, 0x00, 0x00}}, // 拔
    {0x62DB, {0x00, 0x00, 0x18, 0x00, 0x19, 0xFE, 0x18, 0x66, 0x18, 0x66, 0x7E, 0x66, 0x18, 0xC6, 0x19, 0xDC, 0x1E, 0x88, 0x7D, 0xFE, 0x79, 0x86, 0x19, 0x86, 0x19, 0x86, 0x19, 0xFE, 0x39, 0x86, 0x38, 0x00}}, // 招
    {0x62E9, {0x00, 0x00, 0x18, 0x00, 0x13, 0xFC, 0x11, 0x8C, 0x7D, 0x98, 0x10, 0xF0, 0x10, 0xF8, 0x1F, 0xFE, 0x7F, 0x66, 0x71, 0xFC, 0x10, 0x60, 0x10, 0x60, 0x17, 0xFE, 0x10, 0x60, 0x70, 0x60, 0x20, 0x60}}, // 择
    {0x6301, {0x18, 0x60, 0x18, 0x60, 0x18, 0x60, 0x19, 0xFC, 0x7C, 0x60, 0x18, 0x60, 0x1B, 0xFE, 0x1C, 0x18, 0x7C, 0x1A, 0x7B, 0xFF, 0x59, 0x98, 0x19, 0x98, 0x18, 0x98, 0x78, 0x38, 0x30, 0x38, 0x00, 0x00}}, // 持
    {0x6309, {0x18, 0x60, 0x18, 0x30, 0x18, 0x00, 0x1B, 0xFE, 0x7F, 0x26, 0x1B, 0x66, 0x18, 0x60, 0x1F, 0xFE, 0x3C, 0xD8, 0x79, 0x98, 0x19, 0xF8, 0x18, 0x70, 0x18, 0xFC, 0x7B, 0xCE, 0x73, 0x06, 0x00, 0x00}}, // 按
    {0x6323, {0x10, 0xC0, 0x31, 0x80, 0x11, 0xF8, 0x7F, 0x10, 0x73, 0x30, 0x17, 0xFC, 0x10, 0x64, 0x3F, 0xFE, 0x70, 0x64, 0x70, 0x64, 0x13, 0xFC, 0x10, 0x64, 0x10, 0x60, 0x71, 0xE0, 0x20, 0xC0, 0x00, 0x00}}, // 挣
    {0x6325, {0x00, 0x00, 0x18, 0x00, 0x13, 0xFE, 0x13, 0x46, 0x10, 0x60, 0x7C, 0xC0, 0x13, 0xFE, 0x1D, 0xA0, 0x1D, 0x20, 0x7B, 0xFE, 0x50, 0x20, 0x10, 0x20, 0x13, 0xFE, 0x10, 0x20, 0x70, 0x20, 0x70, 0x30}}, // 挥
    {0x6349, {0x00, 0x00, 0x38, 0x00, 0x13, 0xFC, 0x13, 0x0C, 0x13, 0x0C, 0x7F, 0x0C, 0x13, 0xFC, 0x10, 0x60, 0x3D, 0x60, 0x7F, 0x7C, 0x73, 0x60, 0x13, 0x60, 0x13, 0x60, 0x17, 0xE0, 0x7E, 0xFE, 0x74, 0x0E}}, // 捉
    {0x6355, {0x00, 0x00, 0x18, 0x6C, 0x10, 0x6C, 0x1B, 0xFE, 0x7C, 0x60, 0x18, 0x20, 0x13, 0xFE, 0x1B, 0x26, 0x3F, 0x26, 0x7B, 0xFE, 0x53, 0x26, 0x13, 0xFE, 0x13, 0x66, 0x13, 0x66, 0x73, 0x6E, 0x30, 0x0C}}, // 捕
    {0x6361, {0x18, 0x60, 0x18, 0xE0, 0x18, 0xF0, 0x19, 0x98, 0x7F, 0x1C, 0x1F, 0xFE, 0x18, 0x02, 0x1C, 0x48, 0x7F, 0x4C, 0xFB, 0x78, 0x1B, 0x78, 0x19, 0x18, 0x18, 0x10, 0x7F, 0xFE, 0x70, 0x00, 0x00, 0x00}}, // 捡
    {0x6362, {0x10, 0xC0, 0x10, 0xC0, 0x11, 0xF8, 0x13, 0x98, 0x7D, 0x30, 0x13, 0xFC, 0x13, 0x64, 0x1F, 0x64, 0x3F, 0x64, 0x77, 0xFE, 0x50, 0x70, 0x10, 0xD0, 0x11, 0xDC, 0x77, 0x8E, 0x72, 0x06, 0x00, 0x00}}, // 换
    {0x6389, {0x18, 0x60, 0x10, 0x7E, 0x10, 0x60, 0x7C, 0x60, 0x7F, 0xFC, 0x13, 0x04, 0x1F, 0xFC, 0x3F, 0x04, 0x7B, 0xFC, 0x50, 0x60, 0x10, 0x60, 0x17, 0xFE, 0x10, 0x60, 0x70, 0x60, 0x60, 0x60, 0x00, 0x00}}, // 掉
    {0x63A2, {0x00, 0x00, 0x18, 0x00, 0x13, 0xFE, 0x12, 0x06, 0x12, 0xDE, 0x7D, 0x98, 0x13, 0xBE, 0x1E, 0x60, 0x1F, 0xFE, 0x70, 0xF0, 0x71, 0xF0, 0x11, 0xF8, 0x13, 0x6C, 0x16, 0x6E, 0x76, 0x66, 0x70, 0x60}}, // 探
    {0x63A5, {0x10, 0x20, 0x18, 0x30, 0x1B, 0xFE, 0x18, 0x80, 0x7C, 0xD8, 0x18, 0x90, 0x1C, 0x40, 0x1C, 0x40, 0x7F, 0xFE, 0x58, 0x98, 0x19, 0xD8, 0x18, 0xF0, 0x39, 0xF8, 0x77, 0x8E, 0x32, 0x04, 0x00, 0x00}}, // 接
    {0x63A7, {0x00, 0x00, 0x18, 0x60, 0x18, 0x60, 0x13, 0xFE, 0x7F, 0xDE, 0x1B, 0xD8, 0x11, 0x98, 0x1F, 0x9E, 0x3C, 0x00, 0x70, 0x00, 0x73, 0xFC, 0x10, 0x60, 0x10, 0x60, 0x10, 0x60, 0x77, 0xFE, 0x30, 0x00}}, // 控
    {0x63A8, {0x19, 0xB0, 0x11, 0xB0, 0x11, 0x90, 0x11, 0xFE, 0x7F, 0x30, 0x17, 0x30, 0x17, 0xFC, 0x1D, 0x30, 0x79, 0x30, 0x71, 0xFE, 0x11, 0x30, 0x11, 0x30, 0x31, 0xFE, 0x71, 0x00, 0x01, 0x00, 0x00, 0x00}}, // 推
    {0x63D0, {0x00, 0x00, 0x39, 0x04, 0x11, 0xFC, 0x11, 0x0C, 0x11, 0xFC, 0x7D, 0x0C, 0x11, 0xFC, 0x1C, 0x00, 0x1F, 0xFE, 0x71, 0x20, 0x73, 0x20, 0x13, 0x3C, 0x13, 0xE0, 0x76, 0xFE, 0x74, 0x3E, 0x00, 0x00}}, // 提
    {0x641C, {0x00, 0x00, 0x30, 0x60, 0x11, 0x60, 0x13, 0xFC, 0x7F, 0x64, 0x7B, 0xFC, 0x13, 0x64, 0x1F, 0xFC, 0x3E, 0x64, 0x73, 0xFC, 0x53, 0x98, 0x11, 0xB8, 0x10, 0xF0, 0x30, 0xE0, 0x77, 0xFE, 0x27, 0x0E}}, // 搜
    {0x6478, {0x18, 0xD8, 0x18, 0xD8, 0x13, 0xFE, 0x18, 0xD8, 0x7F, 0xFC, 0x1B, 0x0C, 0x1B, 0xFC, 0x1F, 0x0C, 0x7B, 0xFC, 0x50, 0x60, 0x17, 0xFE, 0x10, 0xF0, 0x11, 0xD8, 0x77, 0x8E, 0x07, 0x00, 0x00, 0x00}}, // 摸
    {0x649E, {0x00, 0x60, 0x18, 0x60, 0x13, 0xFE, 0x10, 0x98, 0x7F, 0xFE, 0x12, 0x00, 0x13, 0xFC, 0x1F, 0x64, 0x7B, 0xFC, 0x13, 0xFC, 0x10, 0x60, 0x13, 0xFC, 0x10, 0x60, 0x77, 0xFE, 0x30, 0x00, 0x00, 0x00}}, // 撞
    {0x64AD, {0x30, 0x3C, 0x37, 0xFC, 0x30, 0x68, 0x31, 0x78, 0x7F, 0xFE, 0x31, 0xF0, 0x39, 0x78, 0x3B, 0x0E, 0x7F, 0xFE, 0x32, 0x6C, 0x33, 0xFC, 0x32, 0x6C, 0x32, 0x6C, 0x73, 0xFC, 0x22, 0x0C, 0x00, 0x00}}, // 播
    {0x64CD, {0x00, 0x00, 0x38, 0x00, 0x11, 0xF8, 0x11, 0x08, 0x11, 0xF8, 0x7C, 0x00, 0x13, 0xFE, 0x12, 0xF6, 0x1F, 0xFE, 0x78, 0x00, 0x70, 0x60, 0x17, 0xFE, 0x11, 0xF0, 0x13, 0x7C, 0x76, 0x6E, 0x70, 0x60}}, // 操
    {0x64E6, {0x00, 0x00, 0x30, 0x60, 0x30, 0x60, 0x17, 0xFE, 0x7D, 0x80, 0x13, 0xFE, 0x13, 0x54, 0x1F, 0xDC, 0x7B, 0x8C, 0x73, 0xFE, 0x16, 0x02, 0x13, 0xFC, 0x10, 0x28, 0x11, 0xAC, 0x77, 0x26, 0x76, 0x60}}, // 擦
    {0x652F, {0x00, 0x00, 0x01, 0x80, 0x01, 0x80, 0x01, 0x80, 0x7F, 0xFE, 0x01, 0x80, 0x01, 0x80, 0x1F, 0xF8, 0x0C, 0x30, 0x06, 0x30, 0x07, 0x60, 0x03, 0xC0, 0x03, 0xC0, 0x0F, 0xFC, 0x7C, 0x3E, 0x70, 0x06}}, // 支
    {0x653B, {0x00, 0xC0, 0x00, 0xC0, 0x7D, 0xC0, 0x11, 0xFE, 0x11, 0x98, 0x13, 0x18, 0x13, 0xD8, 0x12, 0xD8, 0x10, 0xD8, 0x10, 0x70, 0x1E, 0x70, 0x7C, 0x70, 0x71, 0xDE, 0x07, 0x8E, 0x06, 0x02, 0x00, 0x00}}, // 攻
    {0x653E, {0x08, 0x60, 0x0C, 0x60, 0x08, 0x60, 0x7F, 0xFE, 0x18, 0xCC, 0x11, 0x8C, 0x1C, 0x08, 0x1E, 0xC8, 0x32, 0x58, 0x32, 0x78, 0x32, 0x78, 0x36, 0x30, 0x66, 0x7C, 0x6F, 0xEE, 0x4C, 0x86, 0x00, 0x00}}, // 放
    {0x6548, {0x0C, 0x30, 0x0C, 0x30, 0x00, 0x60, 0x7F, 0x7E, 0x12, 0xCC, 0x37, 0xCC, 0x73, 0x4C, 0x67, 0x68, 0x36, 0x78, 0x1C, 0x78, 0x0C, 0x38, 0x1E, 0x38, 0x33, 0x7E, 0x61, 0xCE, 0x01, 0x82, 0x00, 0x00}}, // 效
    {0x655B, {0x0C, 0x30, 0x0C, 0x30, 0x1F, 0x60, 0x33, 0xFE, 0x60, 0xCC, 0x5F, 0xCC, 0x00, 0xEC, 0x2D, 0x6C, 0x2F, 0x68, 0x3F, 0x38, 0x3F, 0x38, 0x03, 0x38, 0x7F, 0xFC, 0x7D, 0xCE, 0x01, 0x82, 0x00, 0x00}}, // 敛
    {0x6562, {0x00, 0x30, 0x7F, 0x20, 0x08, 0x60, 0x08, 0x7E, 0x7F, 0xCC, 0x33, 0xCC, 0x3F, 0xEC, 0x33, 0xEC, 0x33, 0x28, 0x3F, 0x38, 0x33, 0x38, 0x37, 0x38, 0x7F, 0x7E, 0x63, 0xEE, 0x03, 0x80, 0x00, 0x00}}, // 敢
    {0x6574, {0x00, 0x00, 0x0C, 0x30, 0x0C, 0x30, 0x7F, 0xFE, 0x3F, 0xCC, 0x2D, 0xE8, 0x3F, 0xB8, 0x1F, 0x7E, 0x3D, 0x66, 0x60, 0x00, 0x1F, 0xFC, 0x09, 0x80, 0x09, 0xF8, 0x09, 0x80, 0x7F, 0xFE, 0x00, 0x00}}, // 整
    {0x6597, {0x00, 0x30, 0x04, 0x30, 0x0E, 0x30, 0x03, 0x30, 0x11, 0x30, 0x1C, 0x30, 0x0E, 0x30, 0x06, 0x30, 0x00, 0xFE, 0x7F, 0xFE, 0x7C, 0x30, 0x00, 0x30, 0x00, 0x30, 0x00, 0x30, 0x00, 0x30, 0x00, 0x00}}, // 斗
    {0x659C, {0x0C, 0x0C, 0x0C, 0x0C, 0x1F, 0x6C, 0x33, 0xEC, 0x71, 0x2C, 0x7F, 0x0C, 0x0C, 0xCC, 0x0C, 0x6C, 0x7F, 0x0C, 0x2D, 0x7E, 0x3F, 0xFC, 0x6D, 0x8C, 0x6D, 0x0C, 0x1C, 0x0C, 0x18, 0x0C, 0x00, 0x00}}, // 斜
    {0x65A9, {0x18, 0x0C, 0x18, 0xFE, 0x7F, 0xC0, 0x30, 0xC0, 0x30, 0xC0, 0x2C, 0xFE, 0x6C, 0xC8, 0x7F, 0xC8, 0x0C, 0xC8, 0x0C, 0xC8, 0x7F, 0xC8, 0x7C, 0x88, 0x0D, 0x98, 0x0D, 0x98, 0x0D, 0x18, 0x00, 0x00}}, // 斩
    {0x65AF, {0x00, 0x00, 0x33, 0x0C, 0x33, 0x7E, 0x7F, 0xE0, 0x33, 0x60, 0x33, 0x60, 0x3F, 0x7E, 0x33, 0x6C, 0x3F, 0x6C, 0x33, 0x6C, 0x33, 0x6C, 0x7F, 0xCC, 0x16, 0xCC, 0x33, 0xCC, 0x61, 0x8C, 0x41, 0x80}}, // 斯
    {0x65B0, {0x0C, 0x00, 0x0C, 0x0E, 0x7F, 0xFE, 0x33, 0x60, 0x13, 0x60, 0x1E, 0x60, 0x7F, 0xFE, 0x0C, 0x6C, 0x7F, 0xEC, 0x1C, 0x6C, 0x1F, 0x6C, 0x3F, 0xCC, 0x6C, 0xCC, 0x6C, 0xCC, 0x0C, 0x8C, 0x00, 0x00}}, // 新
    {0x65B9, {0x01, 0x80, 0x01, 0x80, 0x01, 0x80, 0x7F, 0xFE, 0x03, 0x00, 0x02, 0x00, 0x07, 0xF8, 0x06, 0x18, 0x06, 0x18, 0x06, 0x18, 0x0C, 0x18, 0x0C, 0x18, 0x18, 0x38, 0x30, 0xF0, 0x00, 0x70, 0x00, 0x00}}, // 方
    {0x65E0, {0x00, 0x00, 0x1F, 0xF8, 0x03, 0x00, 0x03, 0x00, 0x03, 0x00, 0x03, 0x00, 0x7F, 0xFE, 0x03, 0xC0, 0x02, 0xC0, 0x06, 0xC0, 0x06, 0xC4, 0x0C, 0xC6, 0x38, 0xC6, 0x60, 0x7C, 0x00, 0x00, 0x00, 0x00}}, // 无
    {0x65E5, {0x00, 0x00, 0x1F, 0xF8, 0x18, 0x18, 0x18, 0x18, 0x18, 0x18, 0x18, 0x18, 0x18, 0x18, 0x1F, 0xF8, 0x18, 0x18, 0x18, 0x18, 0x18, 0x18, 0x18, 0x18, 0x1F, 0xF8, 0x18, 0x18, 0x00, 0x00, 0x00, 0x00}}, // 日
    {0x65F6, {0x00, 0x00, 0x00, 0x18, 0x00, 0x18, 0x7E, 0x18, 0x66, 0x18, 0x67, 0xFE, 0x66, 0x18, 0x7C, 0x98, 0x64, 0xD8, 0x64, 0xD8, 0x64, 0xD8, 0x64, 0x18, 0x7C, 0x18, 0x66, 0x18, 0x64, 0x78, 0x00, 0x38}}, // 时
    {0x660E, {0x00, 0x00, 0x3E, 0xFC, 0x26, 0xC4, 0x26, 0xC4, 0x26, 0xC4, 0x3E, 0xFC, 0x26, 0xC4, 0x26, 0xC4, 0x26, 0xFC, 0x26, 0xC4, 0x3E, 0x84, 0x27, 0x84, 0x21, 0x9C, 0x03, 0x1C, 0x02, 0x00, 0x00, 0x00}}, // 明
    {0x661F, {0x00, 0x00, 0x1F, 0xF8, 0x18, 0x08, 0x1F, 0xF8, 0x18, 0x08, 0x1F, 0xF8, 0x01, 0x80, 0x19, 0x80, 0x1F, 0xFC, 0x31, 0x80, 0x3F, 0xF8, 0x01, 0x80, 0x01, 0x80, 0x7F, 0xFE, 0x00, 0x00, 0x00, 0x00}}, // 星
    {0x662F, {0x00, 0x00, 0x1F, 0xF8, 0x18, 0x18, 0x1F, 0xF8, 0x18, 0x18, 0x1F, 0xF8, 0x00, 0x00, 0x7F, 0xFE, 0x01, 0x80, 0x09, 0x80, 0x19, 0xFC, 0x19, 0x80, 0x3F, 0x80, 0x77, 0xFE, 0x60, 0xFE, 0x00, 0x00}}, // 是
    {0x666E, {0x06, 0x60, 0x06, 0x60, 0x3F, 0xFC, 0x02, 0x40, 0x1A, 0x58, 0x1A, 0x50, 0x02, 0x40, 0x7F, 0xFE, 0x10, 0x00, 0x1F, 0xF8, 0x18, 0x18, 0x1F, 0xF8, 0x18, 0x18, 0x1F, 0xF8, 0x18, 0x18, 0x00, 0x00}}, // 普
    {0x6697, {0x00, 0x60, 0x00, 0x60, 0x7F, 0xFC, 0x6C, 0x88, 0x6C, 0x98, 0x6C, 0x10, 0x7F, 0xFE, 0x6C, 0x00, 0x6F, 0xFC, 0x6F, 0x0C, 0x7F, 0xFC, 0x6F, 0x0C, 0x63, 0x0C, 0x03, 0xFC, 0x03, 0x0C, 0x00, 0x00}}, // 暗
    {0x66B4, {0x00, 0x00, 0x1F, 0xF8, 0x18, 0x08, 0x1F, 0xF8, 0x1B, 0xF8, 0x06, 0x60, 0x3F, 0xFC, 0x06, 0x60, 0x7F, 0xFE, 0x0D, 0xB8, 0x7D, 0xBE, 0x67, 0xE0, 0x0F, 0xF0, 0x3B, 0x9C, 0x03, 0x00, 0x00, 0x00}}, // 暴
    {0x66F4, {0x00, 0x00, 0x7F, 0xFE, 0x01, 0x80, 0x01, 0x80, 0x3F, 0xFC, 0x31, 0x8C, 0x3F, 0xFC, 0x31, 0x8C, 0x3F, 0xFC, 0x19, 0x8C, 0x0D, 0x80, 0x07, 0x00, 0x07, 0xC0, 0x7F, 0xFE, 0x78, 0x3E, 0x00, 0x00}}, // 更
    {0x66FF, {0x0C, 0x30, 0x0C, 0x30, 0x7E, 0xFC, 0x08, 0x30, 0xFF, 0xFE, 0x1C, 0x78, 0x3E, 0x6C, 0x72, 0xC6, 0x5F, 0xF8, 0x18, 0x18, 0x1F, 0xF8, 0x18, 0x18, 0x18, 0x18, 0x1F, 0xF8, 0x18, 0x18, 0x00, 0x00}}, // 替
    {0x6700, {0x00, 0x00, 0x1F, 0xF8, 0x18, 0x18, 0x1F, 0xF8, 0x1F, 0xF8, 0x00, 0x00, 0x7F, 0xFE, 0x33, 0x00, 0x3F, 0xFC, 0x33, 0x4C, 0x3F, 0x68, 0x33, 0x78, 0x7F, 0x30, 0x7B, 0xFE, 0x03, 0xC6, 0x00, 0x00}}, // 最
    {0x6708, {0x00, 0x00, 0x0F, 0xFC, 0x0C, 0x0C, 0x04, 0x0C, 0x04, 0x0C, 0x07, 0xFC, 0x04, 0x0C, 0x0C, 0x0C, 0x0F, 0xFC, 0x0C, 0x0C, 0x0C, 0x0C, 0x0C, 0x0C, 0x18, 0x0C, 0x38, 0x3C, 0x10, 0x18, 0x00, 0x00}}, // 月
    {0x6709, {0x03, 0x80, 0x03, 0x00, 0x7F, 0xFE, 0x06, 0x00, 0x0C, 0x00, 0x0F, 0xF8, 0x1C, 0x18, 0x3F, 0xF8, 0x7C, 0x18, 0x6C, 0x18, 0x0F, 0xF8, 0x0C, 0x18, 0x0C, 0x18, 0x0C, 0x38, 0x00, 0x38, 0x00, 0x00}}, // 有
    {0x6717, {0x0C, 0x00, 0x0C, 0x7E, 0x3F, 0x46, 0x33, 0x46, 0x33, 0x46, 0x3F, 0x7E, 0x33, 0x46, 0x3F, 0x46, 0x30, 0x7E, 0x36, 0x46, 0x37, 0xC6, 0x3F, 0xC6, 0x39, 0xC6, 0x71, 0x8E, 0x21, 0x8C, 0x00, 0x00}}, // 朗
    {0x672A, {0x00, 0x00, 0x01, 0x80, 0x01, 0x80, 0x01, 0x80, 0x3F, 0xFC, 0x01, 0x80, 0x01, 0x80, 0x7F, 0xFE, 0x03, 0xC0, 0x07, 0xE0, 0x07, 0xE0, 0x0D, 0xB0, 0x19, 0x9C, 0x71, 0x8E, 0x61, 0x84, 0x01, 0x80}}, // 未
    {0x672F, {0x00, 0x00, 0x01, 0x80, 0x01, 0xB8, 0x01, 0x98, 0x01, 0x80, 0x7F, 0xFE, 0x03, 0xC0, 0x07, 0xC0, 0x07, 0xE0, 0x0D, 0xB0, 0x1D, 0xB0, 0x19, 0x9C, 0x71, 0x8E, 0x61, 0x84, 0x01, 0x80, 0x01, 0x80}}, // 术
    {0x673A, {0x00, 0x00, 0x18, 0x00, 0x19, 0xF8, 0x19, 0x98, 0x7F, 0x98, 0x19, 0x98, 0x39, 0x98, 0x3D, 0x98, 0x7D, 0x98, 0x7F, 0x98, 0x59, 0x98, 0x19, 0x98, 0x1B, 0x1A, 0x1B, 0x1B, 0x1F, 0x1E, 0x06, 0x00}}, // 机
    {0x675F, {0x00, 0x00, 0x01, 0x80, 0x01, 0x80, 0x7F, 0xFE, 0x01, 0x80, 0x01, 0x80, 0x1F, 0xFC, 0x11, 0x8C, 0x11, 0x8C, 0x1F, 0xFC, 0x03, 0xE0, 0x07, 0xE0, 0x0D, 0xB8, 0x39, 0x9E, 0x71, 0x8E, 0x21, 0x80}}, // 束
    {0x6765, {0x00, 0x00, 0x01, 0x80, 0x01, 0x80, 0x3F, 0xFE, 0x01, 0x80, 0x09, 0x98, 0x1D, 0x98, 0x09, 0xB0, 0x7F, 0xFE, 0x03, 0xC0, 0x07, 0xE0, 0x0D, 0xB0, 0x19, 0xB8, 0x71, 0x9E, 0x61, 0x86, 0x01, 0x80}}, // 来
    {0x6770, {0x00, 0x00, 0x01, 0x80, 0x01, 0x80, 0x01, 0x80, 0x7F, 0xFE, 0x07, 0xC0, 0x05, 0xC0, 0x0D, 0xE0, 0x19, 0xB8, 0x31, 0x9E, 0x61, 0x8C, 0x00, 0x08, 0x36, 0xCC, 0x36, 0x6E, 0x66, 0x66, 0x60, 0x00}}, // 杰
    {0x6797, {0x18, 0x30, 0x18, 0x20, 0x18, 0x20, 0x18, 0x20, 0x7F, 0xFE, 0x18, 0x70, 0x1E, 0x70, 0x3E, 0xF8, 0x3A, 0xB8, 0x39, 0xAC, 0x79, 0x26, 0x5B, 0x26, 0x1A, 0x20, 0x18, 0x20, 0x18, 0x30, 0x00, 0x00}}, // 林
    {0x679C, {0x00, 0x00, 0x1F, 0xFC, 0x11, 0x8C, 0x11, 0x8C, 0x1F, 0xFC, 0x11, 0x8C, 0x1F, 0xFC, 0x01, 0x80, 0x01, 0x80, 0x7F, 0xFE, 0x07, 0xE0, 0x0D, 0xB0, 0x39, 0x9E, 0x71, 0x8E, 0x01, 0x80, 0x00, 0x00}}, // 果
    {0x67E5, {0x00, 0x00, 0x01, 0x00, 0x01, 0x80, 0x7F, 0xFE, 0x07, 0xC0, 0x0D, 0xB0, 0x19, 0x9E, 0x71, 0x9E, 0x7F, 0xF8, 0x18, 0x18, 0x1F, 0xF8, 0x18, 0x18, 0x1F, 0xF8, 0x00, 0x00, 0x7F, 0xFE, 0x00, 0x00}}, // 查
    {0x6807, {0x18, 0x00, 0x19, 0xFC, 0x18, 0x00, 0x18, 0x00, 0x7E, 0x00, 0x1B, 0xFE, 0x38, 0x20, 0x3C, 0x20, 0x7F, 0xEC, 0x79, 0xAC, 0x5B, 0x26, 0x1B, 0x26, 0x1E, 0x20, 0x18, 0xE0, 0x18, 0xE0, 0x00, 0x00}}, // 标
    {0x683C, {0x00, 0x00, 0x18, 0x60, 0x18, 0xC0, 0x18, 0xFC, 0x7F, 0xCC, 0x19, 0xC8, 0x1B, 0x78, 0x3C, 0x70, 0x3E, 0xFE, 0x7B, 0x8E, 0x7B, 0xFC, 0x59, 0x8C, 0x19, 0x8C, 0x19, 0xFC, 0x19, 0x8C, 0x19, 0x80}}, // 格
    {0x68A6, {0x00, 0x00, 0x0C, 0x30, 0x0C, 0x30, 0x7F, 0xFE, 0x1C, 0x78, 0x1F, 0x7C, 0x3F, 0xF6, 0x6C, 0xB2, 0x03, 0x00, 0x07, 0xFC, 0x0C, 0x18, 0x19, 0x38, 0x01, 0xF0, 0x01, 0xE0, 0x3F, 0x80, 0x3E, 0x00}}, // 梦
    {0x6982, {0x00, 0x00, 0x30, 0x00, 0x37, 0xFE, 0x36, 0x88, 0x7E, 0xA8, 0x37, 0xA8, 0x36, 0xE8, 0x3E, 0xFE, 0x3F, 0xF8, 0x7E, 0x18, 0x77, 0x98, 0x76, 0xB8, 0x37, 0xF8, 0x36, 0x6A, 0x30, 0xCE, 0x30, 0x00}}, // 概
    {0x6A2A, {0x00, 0x00, 0x30, 0xD8, 0x30, 0x90, 0x33, 0xFE, 0x7C, 0x90, 0x37, 0xFF, 0x30, 0x00, 0x33, 0xFC, 0x7F, 0x64, 0x7F, 0xFC, 0x73, 0x64, 0x33, 0xFC, 0x30, 0x00, 0x30, 0x98, 0x33, 0x9C, 0x36, 0x04}}, // 横
    {0x6B22, {0x00, 0xC0, 0x00, 0xC0, 0x7E, 0xE2, 0x04, 0xFE, 0x0D, 0x84, 0x6D, 0xAC, 0x3F, 0x60, 0x1C, 0x60, 0x18, 0x60, 0x1C, 0x70, 0x1E, 0x70, 0x36, 0xD8, 0x61, 0xCE, 0x63, 0x8E, 0x03, 0x00, 0x00, 0x00}}, // 欢
    {0x6B27, {0x00, 0x60, 0x7F, 0x60, 0x60, 0x40, 0x62, 0xFE, 0x73, 0xC6, 0x7E, 0xBC, 0x6E, 0xB0, 0x6C, 0x30, 0x6E, 0x30, 0x7B, 0x70, 0x7B, 0x78, 0x60, 0x78, 0x7F, 0xCE, 0x01, 0x8E, 0x03, 0x04, 0x00, 0x00}}, // 欧
    {0x6B3E, {0x0C, 0x20, 0x0C, 0x60, 0x7F, 0xE0, 0x0C, 0x7E, 0x7F, 0x46, 0x00, 0xF6, 0x7F, 0x30, 0x00, 0x30, 0x00, 0x30, 0x7F, 0xB0, 0x2F, 0x38, 0x3F, 0x68, 0x6D, 0xEC, 0x5D, 0xC6, 0x1D, 0x86, 0x00, 0x00}}, // 款
    {0x6B63, {0x00, 0x00, 0x38, 0x1C, 0x3F, 0xFC, 0x01, 0x80, 0x01, 0x80, 0x19, 0x80, 0x19, 0xFC, 0x19, 0x80, 0x19, 0x80, 0x19, 0x80, 0x19, 0x80, 0x19, 0x80, 0x7F, 0xFE, 0x60, 0x06, 0x00, 0x00, 0x00, 0x00}}, // 正
    {0x6B65, {0x01, 0x80, 0x09, 0x80, 0x19, 0xFC, 0x09, 0x80, 0x09, 0x80, 0x7F, 0xFE, 0x00, 0x00, 0x01, 0x80, 0x0D, 0x8C, 0x19, 0x98, 0x33, 0xB0, 0x33, 0xE0, 0x01, 0xC0, 0x3F, 0x80, 0x3C, 0x00, 0x00, 0x00}}, // 步
    {0x6B7B, {0x00, 0x00, 0x7F, 0xFE, 0x08, 0x40, 0x18, 0x40, 0x18, 0x4C, 0x1F, 0x5C, 0x33, 0x78, 0x7B, 0x70, 0x7E, 0x60, 0x06, 0x40, 0x0C, 0x46, 0x1C, 0x66, 0x78, 0x7C, 0x30, 0x00, 0x00, 0x00, 0x00, 0x00}}, // 死
    {0x6B8A, {0x00, 0x00, 0x00, 0x20, 0x00, 0x20, 0x7F, 0xA0, 0x11, 0xFE, 0x31, 0xA0, 0x3F, 0x20, 0x24, 0x20, 0x6D, 0xFE, 0x7C, 0x70, 0x1C, 0xF8, 0x19, 0xB8, 0x1B, 0xAE, 0x37, 0x26, 0x66, 0x20, 0x00, 0x20}}, // 殊
    {0x6BD2, {0x00, 0x00, 0x01, 0x80, 0x3F, 0xFC, 0x01, 0x80, 0x3F, 0xFC, 0x01, 0x80, 0x7F, 0xFE, 0x00, 0x00, 0x1F, 0xF8, 0x19, 0x98, 0x7F, 0xFE, 0x19, 0x18, 0x19, 0x98, 0x1F, 0xFC, 0x00, 0x38, 0x00, 0x30}}, // 毒
    {0x6BD4, {0x00, 0x00, 0x20, 0xC0, 0x30, 0xC0, 0x30, 0xC0, 0x30, 0xC4, 0x30, 0xCE, 0x3E, 0xF8, 0x30, 0xF0, 0x30, 0xC0, 0x30, 0xC0, 0x30, 0xC0, 0x30, 0xC0, 0x36, 0xC6, 0x3E, 0xC6, 0x78, 0x7C, 0x60, 0x00}}, // 比
    {0x6C14, {0x0C, 0x00, 0x1C, 0x00, 0x1F, 0xFE, 0x30, 0x00, 0x6F, 0xF8, 0x40, 0x00, 0x00, 0x00, 0x3F, 0xF8, 0x00, 0x18, 0x00, 0x18, 0x00, 0x18, 0x00, 0x1A, 0x00, 0x0B, 0x00, 0x0E, 0x00, 0x06, 0x00, 0x00}}, // 气
    {0x6C34, {0x00, 0x00, 0x01, 0x80, 0x01, 0x80, 0x01, 0x80, 0x01, 0x8C, 0x7F, 0xDC, 0x7F, 0xF8, 0x05, 0xF0, 0x0D, 0xE0, 0x0D, 0xB0, 0x19, 0xB8, 0x39, 0x9C, 0x71, 0x8E, 0x21, 0x84, 0x03, 0x80, 0x03, 0x80}}, // 水
    {0x6C38, {0x03, 0x00, 0x03, 0xC0, 0x00, 0xC0, 0x1F, 0x80, 0x01, 0x88, 0x01, 0x8C, 0x7F, 0xD8, 0x07, 0xF0, 0x0D, 0xE0, 0x0D, 0xB0, 0x1D, 0xB8, 0x39, 0x9C, 0x71, 0x8E, 0x63, 0x84, 0x03, 0x00, 0x00, 0x00}}, // 永
    {0x6C42, {0x00, 0x00, 0x01, 0xB0, 0x01, 0xB8, 0x01, 0x80, 0x7F, 0xFE, 0x01, 0x80, 0x31, 0x9C, 0x39, 0xB8, 0x0D, 0xE0, 0x05, 0xC0, 0x0F, 0xF0, 0x3D, 0xB8, 0x71, 0x8C, 0x61, 0x84, 0x07, 0x80, 0x03, 0x00}}, // 求
    {0x6C89, {0x00, 0x00, 0x6F, 0xFC, 0x7C, 0x04, 0x1C, 0x04, 0x00, 0x00, 0x73, 0xF0, 0x33, 0x30, 0x03, 0x30, 0x13, 0x30, 0x33, 0x30, 0x33, 0x30, 0x26, 0x32, 0x66, 0x36, 0x7C, 0x3E, 0x48, 0x00, 0x00, 0x00}}, // 沉
    {0x6CA1, {0x00, 0x00, 0x33, 0xF0, 0x39, 0x30, 0x1B, 0x30, 0x03, 0x3C, 0x67, 0x1E, 0x76, 0x00, 0x17, 0xF8, 0x03, 0x18, 0x31, 0xB0, 0x31, 0xF0, 0x30, 0xE0, 0x61, 0xF8, 0x6F, 0xBE, 0x2E, 0x0E, 0x00, 0x00}}, // 没
    {0x6CAB, {0x00, 0x60, 0x30, 0x60, 0x18, 0x60, 0x07, 0xFE, 0x00, 0x60, 0x70, 0x60, 0x30, 0x60, 0x07, 0xFC, 0x00, 0xE0, 0x11, 0xF0, 0x33, 0x78, 0x37, 0x6E, 0x6E, 0x66, 0x6C, 0x60, 0x00, 0x60, 0x00, 0x00}}, // 沫
    {0x6CB3, {0x20, 0x00, 0x37, 0xFE, 0x18, 0x0C, 0x00, 0x0C, 0x07, 0xEC, 0x72, 0x6C, 0x32, 0x6C, 0x12, 0x6C, 0x12, 0x6C, 0x33, 0xEC, 0x32, 0x6C, 0x36, 0x0C, 0x60, 0x0C, 0x60, 0x3C, 0x20, 0x18, 0x00, 0x00}}, // 河
    {0x6CD5, {0x00, 0x60, 0x30, 0x60, 0x38, 0x60, 0x0B, 0xFC, 0x00, 0x60, 0x70, 0x60, 0x30, 0x60, 0x07, 0xFE, 0x10, 0xC0, 0x10, 0xC0, 0x31, 0x98, 0x31, 0x98, 0x33, 0x3C, 0x67, 0xFE, 0x26, 0x04, 0x00, 0x00}}, // 法
    {0x6CE1, {0x00, 0x00, 0x01, 0x80, 0x31, 0x80, 0x3B, 0xFC, 0x1B, 0x04, 0x06, 0x04, 0x6F, 0xEC, 0x37, 0x2C, 0x03, 0x2C, 0x13, 0x2C, 0x13, 0xEC, 0x33, 0x1C, 0x33, 0x02, 0x23, 0x06, 0x63, 0xFC, 0x00, 0x00}}, // 泡
    {0x6CE2, {0x00, 0x60, 0x30, 0x60, 0x1B, 0xFE, 0x02, 0x66, 0x42, 0x64, 0x72, 0x60, 0x33, 0xFC, 0x03, 0x8C, 0x16, 0xD8, 0x16, 0xD8, 0x36, 0x78, 0x36, 0x70, 0x6C, 0x78, 0x6D, 0xDE, 0x09, 0x86, 0x00, 0x00}}, // 波
    {0x6CF0, {0x01, 0x80, 0x01, 0x80, 0x3F, 0xFC, 0x03, 0x00, 0x3F, 0xFC, 0x06, 0x00, 0x7F, 0xFE, 0x0D, 0xB0, 0x19, 0x9C, 0x7D, 0xBE, 0x6D, 0xE0, 0x0F, 0xF0, 0x3D, 0xBC, 0x33, 0x88, 0x03, 0x00, 0x00, 0x00}}, // 泰
    {0x6D41, {0x00, 0xC0, 0x30, 0x60, 0x3F, 0xFE, 0x00, 0xC0, 0x41, 0x98, 0x77, 0xFC, 0x37, 0xFC, 0x00, 0x00, 0x13, 0xD8, 0x33, 0xD8, 0x33, 0xD8, 0x22, 0xD8, 0x66, 0xDA, 0x2C, 0xDE, 0x0C, 0x00, 0x00, 0x00}}, // 流
    {0x6D6E, {0x00, 0x3C, 0x37, 0xFC, 0x3B, 0x00, 0x1A, 0x6C, 0x43, 0x78, 0x73, 0x00, 0x33, 0xFC, 0x00, 0x1C, 0x10, 0x70, 0x30, 0x60, 0x3F, 0xFE, 0x30, 0x60, 0x60, 0x60, 0x60, 0xE0, 0x20, 0xE0, 0x00, 0x00}}, // 浮
    {0x6D8C, {0x00, 0x00, 0x37, 0xFE, 0x38, 0x0E, 0x18, 0xD8, 0x00, 0x70, 0x77, 0xFE, 0x36, 0x66, 0x06, 0x66, 0x07, 0xFE, 0x1E, 0x66, 0x1F, 0xFE, 0x36, 0x66, 0x36, 0x66, 0x66, 0x6E, 0x20, 0x0C, 0x00, 0x00}}, // 涌
    {0x6DD8, {0x00, 0x00, 0x21, 0x00, 0x3B, 0x00, 0x1B, 0xFE, 0x06, 0x06, 0x2D, 0x06, 0x73, 0xF6, 0x12, 0xC6, 0x0F, 0xFE, 0x10, 0xD6, 0x32, 0xD6, 0x32, 0xD6, 0x33, 0xF6, 0x70, 0x06, 0x20, 0x1C, 0x00, 0x00}}, // 淘
    {0x6DF1, {0x30, 0x00, 0x3F, 0xFE, 0x16, 0x06, 0x07, 0xB6, 0x61, 0xB0, 0x77, 0x3C, 0x30, 0xC0, 0x00, 0x40, 0x17, 0xFE, 0x31, 0xF0, 0x33, 0x70, 0x36, 0x5C, 0x6E, 0x4E, 0x6C, 0xC4, 0x20, 0xC0, 0x00, 0x00}}, // 深
    {0x6DF7, {0x00, 0x00, 0x33, 0xFC, 0x3A, 0x0C, 0x1A, 0x0C, 0x03, 0xFC, 0x62, 0x0C, 0x73, 0xFC, 0x10, 0x00, 0x06, 0x30, 0x16, 0x3E, 0x37, 0xB8, 0x36, 0x30, 0x37, 0xB6, 0x67, 0xBE, 0x66, 0x00, 0x00, 0x00}}, // 混
    {0x6DFB, {0x20, 0x00, 0x3F, 0xFC, 0x18, 0xC0, 0x00, 0xC0, 0x47, 0xFE, 0x71, 0xB0, 0x33, 0x98, 0x07, 0xCE, 0x0E, 0xC6, 0x32, 0xEC, 0x32, 0xFC, 0x66, 0xF6, 0x66, 0xF6, 0x65, 0xC0, 0x21, 0x80, 0x00, 0x00}}, // 添
    {0x6E29, {0x00, 0x00, 0x33, 0xFC, 0x3A, 0x0C, 0x1B, 0xFC, 0x42, 0x0C, 0x72, 0x0C, 0x33, 0xFC, 0x00, 0x00, 0x37, 0xFC, 0x35, 0xB4, 0x25, 0xB4, 0x65, 0xB4, 0x65, 0xB4, 0x6F, 0xFE, 0x00, 0x00, 0x00, 0x00}}, // 温
    {0x6E38, {0x02, 0x30, 0x63, 0x30, 0x32, 0x3E, 0x0F, 0xE0, 0x04, 0x60, 0x64, 0x7E, 0x37, 0x8C, 0x05, 0x98, 0x05, 0x98, 0x25, 0xFE, 0x3D, 0x98, 0x2D, 0x98, 0x6D, 0x98, 0x7B, 0xB8, 0x29, 0x30, 0x00, 0x00}}, // 游
    {0x6E85, {0x20, 0x30, 0x7F, 0xB4, 0x3C, 0xB4, 0x0F, 0xBC, 0x4F, 0xFC, 0x7F, 0xB0, 0x2F, 0xBE, 0x0E, 0xFC, 0x0E, 0x96, 0x2E, 0x9C, 0x26, 0x1C, 0x67, 0x98, 0x7C, 0xFE, 0x78, 0xC6, 0x00, 0x00, 0x00, 0x00}}, // 溅
    {0x6E90, {0x30, 0x00, 0x3F, 0xFE, 0x16, 0x30, 0x06, 0x60, 0x67, 0xFC, 0x77, 0x8C, 0x37, 0xFC, 0x07, 0x8C, 0x27, 0xFC, 0x34, 0x20, 0x3C, 0x2C, 0x2D, 0xAC, 0x6F, 0x26, 0x7A, 0x60, 0x00, 0x60, 0x00, 0x00}}, // 源
    {0x6EE1, {0x00, 0x00, 0x01, 0xB0, 0x31, 0xB0, 0x1F, 0xFE, 0x01, 0x90, 0x60, 0x10, 0x7F, 0xFE, 0x10, 0xB0, 0x07, 0xFE, 0x35, 0xB4, 0x35, 0xB4, 0x35, 0xF4, 0x27, 0x7C, 0x67, 0x64, 0x64, 0x0C, 0x04, 0x0C}}, // 满
    {0x6FC0, {0x00, 0x00, 0x03, 0x18, 0x33, 0x18, 0x3F, 0xD0, 0x04, 0xFE, 0x07, 0xF4, 0x74, 0xE4, 0x37, 0xE4, 0x03, 0x34, 0x0F, 0xDC, 0x36, 0x1C, 0x37, 0xD8, 0x36, 0x98, 0x6C, 0xBC, 0x6D, 0xF6, 0x20, 0x60}}, // 激
    {0x6FD2, {0x00, 0x00, 0x03, 0x00, 0x63, 0x7E, 0x3F, 0x10, 0x0F, 0x90, 0x0F, 0x7C, 0x6F, 0x44, 0x7F, 0xD4, 0x02, 0x54, 0x0E, 0xD4, 0x2B, 0xF4, 0x3B, 0x74, 0x63, 0x38, 0x66, 0x3E, 0x6C, 0xE6, 0x58, 0xC0}}, // 濒
    {0x706B, {0x00, 0x00, 0x01, 0x80, 0x01, 0x80, 0x01, 0x88, 0x11, 0x8C, 0x19, 0x98, 0x11, 0x98, 0x31, 0xB0, 0x33, 0xC0, 0x03, 0xC0, 0x06, 0x60, 0x0E, 0x70, 0x1C, 0x3C, 0x78, 0x1E, 0x60, 0x04, 0x00, 0x00}}, // 火
    {0x7075, {0x00, 0x00, 0x3F, 0xF8, 0x00, 0x08, 0x7F, 0xFE, 0x00, 0x08, 0x00, 0x08, 0x3F, 0xF8, 0x01, 0x80, 0x11, 0x98, 0x11, 0x98, 0x33, 0xB0, 0x03, 0xC0, 0x0E, 0x70, 0x7C, 0x1E, 0x70, 0x00, 0x00, 0x00}}, // 灵
    {0x707C, {0x0C, 0x60, 0x0C, 0x60, 0x08, 0xC0, 0x2A, 0xFE, 0x6F, 0xC6, 0x6D, 0x86, 0x69, 0x86, 0x68, 0x66, 0x18, 0x66, 0x1C, 0x26, 0x1E, 0x06, 0x1B, 0x06, 0x30, 0x06, 0x70, 0x1E, 0x20, 0x1C, 0x00, 0x00}}, // 灼
    {0x70BD, {0x18, 0x00, 0x19, 0xFC, 0x19, 0x8C, 0x7F, 0x8C, 0x7F, 0x8C, 0x7D, 0x8C, 0x79, 0x8C, 0x79, 0x8C, 0x19, 0xFC, 0x18, 0x00, 0x1C, 0xD8, 0x1E, 0xCC, 0x33, 0x86, 0x73, 0x06, 0x63, 0x00, 0x00, 0x00}}, // 炽
    {0x70C8, {0x00, 0x00, 0x00, 0x0C, 0x7F, 0x8C, 0x0C, 0x6C, 0x18, 0x6C, 0x1F, 0xEC, 0x71, 0x6C, 0x7B, 0x6C, 0x0E, 0x6C, 0x3C, 0x3C, 0x78, 0x1C, 0x20, 0x0C, 0x36, 0x4C, 0x66, 0x66, 0x66, 0x66, 0x00, 0x00}}, // 烈
    {0x70ED, {0x18, 0x60, 0x18, 0x60, 0x7D, 0xF8, 0x19, 0xD8, 0x18, 0x58, 0x3D, 0xD8, 0x78, 0xD8, 0x19, 0xEA, 0x3B, 0x0E, 0x33, 0x0E, 0x00, 0x00, 0x24, 0xCC, 0x66, 0xCC, 0x66, 0x66, 0x00, 0x00, 0x00, 0x00}}, // 热
    {0x7130, {0x18, 0x60, 0x18, 0x60, 0x18, 0xFE, 0x5E, 0xC4, 0x7F, 0x9C, 0x7D, 0xD8, 0x79, 0xFE, 0x59, 0x82, 0x19, 0x82, 0x19, 0xFE, 0x3D, 0x82, 0x37, 0x82, 0x65, 0xFE, 0x01, 0x82, 0x01, 0x80, 0x00, 0x00}}, // 焰
    {0x719F, {0x08, 0x60, 0x0C, 0x60, 0x7F, 0x60, 0x00, 0x68, 0x6E, 0xF8, 0x7E, 0x78, 0x01, 0xF8, 0x7E, 0xF8, 0x0E, 0xFA, 0x7E, 0xCE, 0x49, 0x8E, 0x19, 0x08, 0x36, 0xDC, 0x66, 0xCC, 0x64, 0x04, 0x00, 0x00}}, // 熟
    {0x7206, {0x10, 0x00, 0x1B, 0xFC, 0x13, 0x04, 0x13, 0xFC, 0x5F, 0x04, 0x5F, 0xFC, 0x50, 0x98, 0x53, 0xFC, 0x17, 0xFE, 0x19, 0xB8, 0x3F, 0x6E, 0x35, 0xF8, 0x63, 0xFC, 0x63, 0x64, 0x00, 0xE0, 0x00, 0x00}}, // 爆
    {0x722A, {0x00, 0x00, 0x00, 0xF8, 0x1F, 0xFC, 0x19, 0xB0, 0x19, 0xB0, 0x19, 0xB0, 0x19, 0xB0, 0x19, 0xB0, 0x19, 0xB0, 0x11, 0x98, 0x31, 0x98, 0x31, 0x8C, 0x61, 0x8E, 0x61, 0x84, 0x00, 0x00, 0x00, 0x00}}, // 爪
    {0x723D, {0x01, 0x80, 0x01, 0x80, 0x7F, 0xFE, 0x01, 0x88, 0x3F, 0xB8, 0x1D, 0xB8, 0x3F, 0xEC, 0x25, 0x80, 0x1D, 0xBC, 0x19, 0x9C, 0x3F, 0xFC, 0x27, 0x60, 0x0E, 0x38, 0x7C, 0x1E, 0x70, 0x06, 0x00, 0x00}}, // 爽
    {0x7259, {0x00, 0x00, 0x3F, 0xFC, 0x00, 0x60, 0x0C, 0x60, 0x1C, 0x60, 0x18, 0x60, 0x3F, 0xFE, 0x01, 0xE0, 0x01, 0xE0, 0x03, 0x60, 0x0E, 0x60, 0x1C, 0x60, 0x78, 0x60, 0x21, 0xE0, 0x00, 0xE0, 0x00, 0x00}}, // 牙
    {0x7269, {0x0C, 0xC0, 0x0C, 0xC0, 0x2C, 0x80, 0x2D, 0xFE, 0x3F, 0x7E, 0x6F, 0x5E, 0x6C, 0xDE, 0x0E, 0xD6, 0x1E, 0xB6, 0x7D, 0xB6, 0x6F, 0x66, 0x0C, 0x66, 0x0C, 0xCC, 0x0D, 0x9C, 0x0C, 0x00, 0x00, 0x00}}, // 物
    {0x7279, {0x08, 0x30, 0x08, 0x20, 0x69, 0xFC, 0x68, 0x20, 0x7E, 0x20, 0x69, 0xFE, 0x48, 0x18, 0x0E, 0x18, 0x7F, 0xFE, 0x78, 0x18, 0x49, 0x98, 0x08, 0xD8, 0x08, 0x98, 0x08, 0x38, 0x08, 0x38, 0x00, 0x00}}, // 特
    {0x72B6, {0x0C, 0x60, 0x0C, 0x6C, 0x0C, 0x6C, 0x6C, 0x64, 0x3C, 0x60, 0x3F, 0xFE, 0x0C, 0x60, 0x1C, 0x60, 0x3C, 0x70, 0x3C, 0x70, 0x6C, 0xD0, 0x6C, 0xD8, 0x0D, 0x8E, 0x0F, 0x86, 0x0D, 0x00, 0x00, 0x00}}, // 状
    {0x731B, {0x00, 0x00, 0x6D, 0xFC, 0x3C, 0x38, 0x38, 0x20, 0x7B, 0xFE, 0x58, 0x20, 0x18, 0x60, 0x38, 0x60, 0x6F, 0xFC, 0x6F, 0xD4, 0x0F, 0xD4, 0x0B, 0xD4, 0x1B, 0xD6, 0x3F, 0xFE, 0x00, 0x00, 0x00, 0x00}}, // 猛
    {0x7387, {0x01, 0x80, 0x01, 0x80, 0x7F, 0xFE, 0x23, 0x4C, 0x36, 0xFC, 0x1F, 0xD0, 0x09, 0xC0, 0x1B, 0x7C, 0x37, 0xEC, 0x21, 0xA0, 0x01, 0x80, 0x7F, 0xFE, 0x01, 0x80, 0x01, 0x80, 0x01, 0x80, 0x00, 0x00}}, // 率
    {0x738B, {0x00, 0x00, 0x00, 0x00, 0x3F, 0xFC, 0x01, 0x80, 0x01, 0x80, 0x01, 0x80, 0x01, 0x80, 0x1F, 0xF8, 0x01, 0x80, 0x01, 0x80, 0x01, 0x80, 0x01, 0x80, 0x7F, 0xFE, 0x00, 0x00, 0x00, 0x00, 0x00, 0x00}}, // 王
    {0x73A9, {0x00, 0x00, 0x7D, 0xFC, 0x10, 0x00, 0x10, 0x00, 0x10, 0x00, 0x13, 0xFE, 0x7C, 0xF0, 0x10, 0xF0, 0x10, 0xB0, 0x11, 0xB0, 0x1D, 0xB0, 0x7F, 0xB2, 0x63, 0x36, 0x0E, 0x1E, 0x06, 0x00, 0x00, 0x00}}, // 玩
    {0x73AF, {0x00, 0x00, 0x7F, 0xFE, 0x18, 0x20, 0x18, 0x60, 0x18, 0x60, 0x7E, 0x60, 0x18, 0xE8, 0x18, 0xEC, 0x19, 0xEC, 0x1D, 0xE6, 0x3F, 0x66, 0x7F, 0x60, 0x42, 0x60, 0x00, 0x60, 0x00, 0x60, 0x00, 0x00}}, // 环
    {0x73B0, {0x00, 0x00, 0x01, 0xFC, 0x7F, 0x0C, 0x11, 0x6C, 0x11, 0x6C, 0x11, 0x6C, 0x7D, 0x6C, 0x11, 0x6C, 0x11, 0x6C, 0x10, 0xF0, 0x14, 0xF0, 0x7D, 0xB0, 0x73, 0xB6, 0x0F, 0x3E, 0x06, 0x00, 0x00, 0x00}}, // 现
    {0x7403, {0x00, 0x68, 0x00, 0x6C, 0x7C, 0x6C, 0x13, 0xFE, 0x10, 0x60, 0x10, 0x64, 0x7F, 0x6C, 0x11, 0xE8, 0x10, 0x70, 0x10, 0xF8, 0x1D, 0xEC, 0x3F, 0x66, 0x72, 0x60, 0x40, 0xE0, 0x00, 0xE0, 0x00, 0x00}}, // 球
    {0x7406, {0x00, 0x00, 0x03, 0xFE, 0x7F, 0x26, 0x13, 0x26, 0x13, 0xFE, 0x13, 0x26, 0x7F, 0x26, 0x13, 0xFE, 0x10, 0x20, 0x10, 0x20, 0x1D, 0xFE, 0x7C, 0x20, 0x70, 0x20, 0x47, 0xFF, 0x00, 0x00, 0x00, 0x00}}, // 理
    {0x74E3, {0x30, 0x08, 0x11, 0xC8, 0x7F, 0xFE, 0x03, 0xC0, 0x6B, 0xD6, 0x3B, 0xD4, 0x3B, 0xDC, 0x7F, 0xFE, 0x13, 0x48, 0x7F, 0x48, 0x7F, 0x7E, 0x35, 0xE8, 0x35, 0xF8, 0x6D, 0x48, 0x60, 0x08, 0x00, 0x00}}, // 瓣
    {0x751F, {0x00, 0x00, 0x00, 0xC0, 0x1C, 0xC0, 0x1C, 0xC0, 0x18, 0xC0, 0x3F, 0xFC, 0x30, 0xC0, 0x60, 0xC0, 0x00, 0xC0, 0x0F, 0xF8, 0x00, 0xC0, 0x00, 0xC0, 0x00, 0xC0, 0x00, 0xC0, 0x7F, 0xFE, 0x00, 0x00}}, // 生
    {0x7528, {0x00, 0x00, 0x1F, 0xFE, 0x18, 0xC4, 0x18, 0xC4, 0x18, 0xC4, 0x1F, 0xFC, 0x18, 0xC4, 0x18, 0xC4, 0x1F, 0xFC, 0x18, 0xC4, 0x18, 0xC4, 0x18, 0xC4, 0x30, 0xC4, 0x30, 0x1C, 0x30, 0x00, 0x00, 0x00}}, // 用
    {0x7529, {0x00, 0x00, 0x3F, 0xFC, 0x11, 0x8C, 0x11, 0x8C, 0x1F, 0xFC, 0x11, 0x8C, 0x11, 0x8C, 0x11, 0x8C, 0x3F, 0xFC, 0x31, 0x8C, 0x31, 0x9C, 0x31, 0x82, 0x61, 0x87, 0x41, 0xFE, 0x00, 0x00, 0x00, 0x00}}, // 甩
    {0x7535, {0x00, 0x00, 0x03, 0x00, 0x03, 0x00, 0x03, 0x10, 0x7F, 0xF0, 0x63, 0x10, 0x63, 0x10, 0x7F, 0xF0, 0x63, 0x10, 0x63, 0x10, 0x7F, 0xF8, 0x63, 0x18, 0x63, 0x04, 0x03, 0x06, 0x03, 0xFC, 0x00, 0x00}}, // 电
    {0x754C, {0x00, 0x00, 0x1F, 0xF8, 0x11, 0x88, 0x11, 0x88, 0x1F, 0xF8, 0x11, 0x88, 0x1F, 0xF8, 0x06, 0x60, 0x1C, 0x38, 0x3E, 0x3E, 0x76, 0x2E, 0x04, 0x20, 0x0C, 0x20, 0x38, 0x20, 0x30, 0x30, 0x00, 0x00}}, // 界
    {0x7554, {0x00, 0x30, 0x01, 0xB6, 0x7F, 0xBC, 0x5E, 0xBC, 0x5E, 0xB8, 0x5E, 0x30, 0x7F, 0xFE, 0x5E, 0x30, 0x5E, 0x30, 0x5E, 0x30, 0x5F, 0xFE, 0x7E, 0x30, 0x46, 0x30, 0x40, 0x30, 0x00, 0x30, 0x00, 0x00}}, // 畔
    {0x7559, {0x0E, 0x00, 0x3F, 0xFE, 0x30, 0x36, 0x37, 0x26, 0x3F, 0x66, 0x78, 0xDC, 0x20, 0x88, 0x1F, 0xFC, 0x1C, 0x84, 0x18, 0x84, 0x1F, 0xFC, 0x18, 0x84, 0x18, 0x84, 0x1F, 0xFC, 0x18, 0x04, 0x00, 0x00}}, // 留
    {0x75F9, {0x00, 0xC0, 0x00, 0xC0, 0x1F, 0xFE, 0x78, 0x00, 0x7B, 0xFC, 0x7A, 0x6C, 0x1B, 0xFC, 0x3A, 0x6C, 0x7B, 0xFC, 0x58, 0x00, 0x1F, 0xFE, 0x11, 0x98, 0x31, 0x98, 0x37, 0x18, 0x26, 0x18, 0x00, 0x00}}, // 痹
    {0x7684, {0x00, 0x00, 0x18, 0x60, 0x18, 0x60, 0x18, 0x7C, 0x7E, 0xFE, 0x62, 0xC6, 0x63, 0x86, 0x63, 0x86, 0x7E, 0x66, 0x62, 0x66, 0x62, 0x24, 0x62, 0x04, 0x7E, 0x04, 0x62, 0x0C, 0x62, 0x3C, 0x00, 0x18}}, // 的
    {0x76AE, {0x00, 0xC0, 0x00, 0xC0, 0x00, 0xC0, 0x1F, 0xFE, 0x10, 0xCC, 0x10, 0xCC, 0x10, 0xC0, 0x1F, 0xF8, 0x32, 0x18, 0x33, 0x30, 0x31, 0xB0, 0x31, 0xE0, 0x31, 0xF8, 0x6F, 0xBE, 0x6E, 0x0E, 0x00, 0x00}}, // 皮
    {0x76D2, {0x00, 0x00, 0x01, 0x80, 0x03, 0xC0, 0x07, 0xE0, 0x1C, 0x3C, 0x7F, 0xFE, 0x60, 0x02, 0x1F, 0xF8, 0x18, 0x18, 0x1F, 0xF8, 0x00, 0x00, 0x1F, 0xF8, 0x12, 0x48, 0x12, 0x48, 0x7F, 0xFE, 0x00, 0x00}}, // 盒
    {0x76DB, {0x00, 0x00, 0x00, 0xD8, 0x00, 0xD0, 0x3F, 0xFC, 0x30, 0xC0, 0x3F, 0x58, 0x33, 0x70, 0x33, 0x70, 0x37, 0xFA, 0x61, 0x9E, 0x60, 0x0C, 0x1F, 0xF8, 0x12, 0xD8, 0x12, 0xD8, 0x7F, 0xFE, 0x00, 0x00}}, // 盛
    {0x76EE, {0x00, 0x00, 0x1F, 0xF8, 0x18, 0x18, 0x18, 0x18, 0x18, 0x18, 0x1F, 0xF8, 0x18, 0x18, 0x18, 0x18, 0x1F, 0xF8, 0x18, 0x18, 0x18, 0x18, 0x18, 0x18, 0x1F, 0xF8, 0x18, 0x18, 0x00, 0x00, 0x00, 0x00}}, // 目
    {0x76F4, {0x00, 0x00, 0x01, 0x80, 0x01, 0x80, 0x7F, 0xFE, 0x01, 0x80, 0x1F, 0xF8, 0x18, 0x18, 0x1F, 0xF8, 0x18, 0x18, 0x18, 0x18, 0x1F, 0xF8, 0x18, 0x18, 0x1F, 0xF8, 0x18, 0x18, 0x7F, 0xFE, 0x00, 0x00}}, // 直
    {0x7701, {0x01, 0x80, 0x04, 0x98, 0x0C, 0x9C, 0x19, 0x8E, 0x33, 0xB2, 0x01, 0xF0, 0x07, 0xC0, 0x7F, 0xFC, 0x78, 0x0C, 0x0F, 0xFC, 0x0F, 0xFC, 0x0F, 0xFC, 0x0F, 0xFC, 0x0F, 0xFC, 0x08, 0x0C, 0x00, 0x00}}, // 省
    {0x770B, {0x00, 0x3C, 0x3F, 0xFC, 0x01, 0x00, 0x1F, 0xF8, 0x03, 0x00, 0x7F, 0xFE, 0x06, 0x00, 0x0F, 0xF8, 0x1C, 0x08, 0x7F, 0xF8, 0x6C, 0x08, 0x0F, 0xF8, 0x0C, 0x08, 0x0F, 0xF8, 0x0C, 0x08, 0x00, 0x00}}, // 看
    {0x771F, {0x01, 0x80, 0x01, 0x80, 0x3F, 0xFC, 0x01, 0x80, 0x1F, 0xF8, 0x1F, 0xF8, 0x18, 0x18, 0x1F, 0xF8, 0x18, 0x18, 0x1F, 0xF8, 0x18, 0x18, 0x7F, 0xFE, 0x06, 0x70, 0x3C, 0x3C, 0x30, 0x0C, 0x00, 0x00}}, // 真
    {0x7720, {0x00, 0x00, 0x07, 0xFC, 0x7F, 0x0C, 0x6F, 0x0C, 0x6F, 0xFC, 0x7F, 0x24, 0x6F, 0x20, 0x6F, 0x20, 0x7F, 0xFE, 0x6F, 0x30, 0x6F, 0x30, 0x7F, 0x58, 0x6F, 0xDE, 0x03, 0x8E, 0x03, 0x00, 0x00, 0x00}}, // 眠
    {0x7761, {0x00, 0x00, 0x78, 0x7C, 0x6C, 0x7C, 0x6C, 0x60, 0x6F, 0xFE, 0x7D, 0x68, 0x6D, 0x68, 0x6F, 0xFE, 0x7D, 0x68, 0x6D, 0x68, 0x6F, 0xFE, 0x7C, 0x60, 0x6C, 0x60, 0x63, 0xFC, 0x00, 0x00, 0x00, 0x00}}, // 睡
    {0x77E5, {0x10, 0x00, 0x18, 0x00, 0x38, 0x7E, 0x3F, 0xE6, 0x34, 0x66, 0x64, 0x66, 0x04, 0x66, 0x7F, 0xE6, 0x0C, 0x66, 0x0C, 0x66, 0x0E, 0x66, 0x1B, 0x7E, 0x39, 0xE6, 0x70, 0x66, 0x20, 0x00, 0x00, 0x00}}, // 知
    {0x77F3, {0x00, 0x00, 0x70, 0x0E, 0x7F, 0xFE, 0x03, 0x00, 0x02, 0x00, 0x06, 0x00, 0x0F, 0xF8, 0x1C, 0x18, 0x3C, 0x18, 0x7C, 0x18, 0x2C, 0x18, 0x0C, 0x18, 0x0F, 0xF8, 0x0C, 0x18, 0x00, 0x08, 0x00, 0x00}}, // 石
    {0x7834, {0x00, 0x30, 0x00, 0x30, 0x7F, 0xFE, 0x19, 0xB6, 0x19, 0xB6, 0x31, 0xB0, 0x3F, 0xFC, 0x77, 0xCC, 0x77, 0xEC, 0x37, 0xEC, 0x37, 0xB8, 0x3F, 0x38, 0x37, 0x38, 0x33, 0xEE, 0x02, 0xC6, 0x00, 0x00}}, // 破
    {0x783E, {0x00, 0x00, 0x7E, 0x1C, 0x11, 0xFE, 0x31, 0x80, 0x31, 0xB0, 0x31, 0xB0, 0x7D, 0xFE, 0x75, 0x30, 0x74, 0x30, 0x34, 0xFC, 0x35, 0xB6, 0x3D, 0xB6, 0x37, 0x32, 0x31, 0x70, 0x20, 0x70, 0x00, 0x00}}, // 砾
    {0x7840, {0x00, 0x00, 0x00, 0x30, 0x01, 0xB6, 0x7F, 0xB6, 0x19, 0xB6, 0x19, 0xB6, 0x19, 0xFE, 0x3E, 0x36, 0x76, 0x30, 0x77, 0xB2, 0x37, 0xB6, 0x37, 0xB6, 0x3F, 0xB6, 0x37, 0xB6, 0x31, 0xFE, 0x00, 0x06}}, // 础
    {0x786E, {0x00, 0x60, 0x00, 0x60, 0x7E, 0xFC, 0x19, 0x98, 0x19, 0xFE, 0x17, 0xB2, 0x3E, 0xB2, 0x36, 0xFE, 0x76, 0xB2, 0x77, 0xB2, 0x37, 0xFE, 0x3F, 0x82, 0x37, 0x82, 0x33, 0x06, 0x13, 0x06, 0x00, 0x00}}, // 确
    {0x78B0, {0x00, 0x98, 0x00, 0xD8, 0x7C, 0x18, 0x13, 0xFE, 0x10, 0x58, 0x31, 0x5E, 0x3F, 0x5E, 0x75, 0x5E, 0x75, 0x5C, 0x35, 0x5C, 0x35, 0xDC, 0x3C, 0x58, 0x34, 0x58, 0x33, 0xFE, 0x00, 0x00, 0x00, 0x00}}, // 碰
    {0x793C, {0x18, 0x60, 0x1C, 0x60, 0x00, 0x60, 0x7F, 0x60, 0x06, 0x60, 0x0C, 0x60, 0x0C, 0x60, 0x1E, 0x60, 0x7B, 0x60, 0x69, 0x60, 0x48, 0x60, 0x08, 0x62, 0x08, 0x66, 0x08, 0x3E, 0x08, 0x00, 0x00, 0x00}}, // 礼
    {0x795E, {0x18, 0x30, 0x18, 0x30, 0x08, 0x30, 0x01, 0xFE, 0x7F, 0xB6, 0x0D, 0xB6, 0x19, 0xFE, 0x3D, 0xB6, 0x7F, 0xB6, 0x79, 0xFE, 0x19, 0xB6, 0x19, 0x30, 0x18, 0x30, 0x18, 0x30, 0x18, 0x30, 0x00, 0x00}}, // 神
    {0x79CD, {0x06, 0x30, 0x3E, 0x30, 0x38, 0x30, 0x09, 0xFE, 0x09, 0xB6, 0x7F, 0xB6, 0x19, 0xB6, 0x19, 0xB6, 0x3F, 0xB6, 0x3B, 0xFE, 0x69, 0xB6, 0x68, 0xB2, 0x08, 0x30, 0x08, 0x30, 0x08, 0x30, 0x00, 0x00}}, // 种
    {0x79D2, {0x0E, 0x30, 0x7E, 0x30, 0x18, 0x30, 0x18, 0xBC, 0x7F, 0xBC, 0x19, 0xB6, 0x1D, 0xB2, 0x3F, 0x3C, 0x3A, 0x3C, 0x7B, 0x7C, 0x78, 0x58, 0x58, 0x30, 0x18, 0x70, 0x1B, 0xE0, 0x0B, 0x80, 0x00, 0x00}}, // 秒
    {0x79FB, {0x00, 0x60, 0x0E, 0x60, 0x7E, 0xFE, 0x19, 0x8C, 0x19, 0x7C, 0x7E, 0x78, 0x18, 0xF0, 0x1D, 0xF0, 0x3E, 0x7E, 0x7A, 0xC6, 0x79, 0xE6, 0x58, 0x3C, 0x18, 0x38, 0x19, 0xF0, 0x19, 0xC0, 0x00, 0x00}}, // 移
    {0x7A00, {0x00, 0x0C, 0x1D, 0xF8, 0x78, 0x78, 0x18, 0xFC, 0x19, 0xE4, 0x7F, 0xFE, 0x18, 0xC0, 0x1C, 0xB0, 0x3D, 0xFE, 0x3B, 0xB6, 0x7F, 0xB6, 0x5D, 0xB6, 0x19, 0xBE, 0x19, 0x34, 0x18, 0x30, 0x00, 0x00}}, // 稀
    {0x7A7A, {0x00, 0x00, 0x01, 0x80, 0x01, 0x80, 0x7F, 0xFE, 0x66, 0x66, 0x6E, 0x66, 0x1C, 0x60, 0x38, 0x7C, 0x20, 0x00, 0x1F, 0xF8, 0x01, 0x80, 0x01, 0x80, 0x01, 0x80, 0x01, 0x80, 0x7F, 0xFE, 0x00, 0x00}}, // 空
    {0x7A81, {0x01, 0x80, 0x01, 0x80, 0x3F, 0xFE, 0x26, 0x66, 0x2E, 0x66, 0x39, 0xFC, 0x31, 0x80, 0x01, 0xB0, 0x01, 0xB0, 0x7F, 0xFE, 0x03, 0xC0, 0x06, 0x60, 0x0E, 0x38, 0x7C, 0x1E, 0x30, 0x0C, 0x00, 0x00}}, // 突
    {0x7B49, {0x08, 0x60, 0x18, 0x62, 0x1F, 0xFE, 0x36, 0xD8, 0x61, 0x88, 0x1F, 0xF8, 0x01, 0x80, 0x01, 0x80, 0x7F, 0xFE, 0x00, 0x30, 0x3F, 0xFC, 0x00, 0x30, 0x06, 0x30, 0x06, 0x70, 0x00, 0x70, 0x00, 0x00}}, // 等
    {0x7BAD, {0x18, 0x60, 0x18, 0x60, 0x3F, 0xFE, 0x65, 0xD0, 0x0C, 0x30, 0x06, 0x60, 0x7F, 0xFE, 0x00, 0x0C, 0x3F, 0x6C, 0x3F, 0x6C, 0x31, 0x6C, 0x3F, 0x6C, 0x31, 0x6C, 0x33, 0x1C, 0x23, 0x18, 0x00, 0x00}}, // 箭
    {0x7CAE, {0x18, 0x20, 0x18, 0x30, 0x7F, 0xFC, 0x7F, 0x84, 0x3D, 0x84, 0x7F, 0xFC, 0x19, 0x84, 0x19, 0xFC, 0x3F, 0xB0, 0x3F, 0xB4, 0x79, 0x9C, 0x59, 0x98, 0x19, 0xEE, 0x19, 0xC6, 0x19, 0x00, 0x00, 0x00}}, // 粮
    {0x7CBE, {0x00, 0x00, 0x18, 0x30, 0x1F, 0xFE, 0x7E, 0x30, 0x7D, 0xFE, 0x18, 0x30, 0x7F, 0xFF, 0x18, 0x00, 0x3D, 0xFC, 0x3F, 0x84, 0x7F, 0xFC, 0x79, 0x84, 0x59, 0xFC, 0x19, 0x84, 0x19, 0x8C, 0x18, 0x8C}}, // 精
    {0x7CD6, {0x18, 0x20, 0x18, 0x30, 0x7F, 0xFE, 0x7D, 0x30, 0x7D, 0xFC, 0x7D, 0xFE, 0x19, 0x34, 0x39, 0x34, 0x3D, 0xFC, 0x3D, 0x30, 0x7B, 0xFC, 0x5B, 0xC4, 0x1A, 0xFC, 0x1E, 0xC4, 0x18, 0x04, 0x00, 0x00}}, // 糖
    {0x7D22, {0x00, 0x00, 0x01, 0x80, 0x01, 0x80, 0x3F, 0xFC, 0x01, 0x80, 0x7F, 0xFE, 0x63, 0x06, 0x66, 0x76, 0x1F, 0xE0, 0x03, 0x90, 0x07, 0x18, 0x3F, 0xFC, 0x09, 0x90, 0x1D, 0xB8, 0x71, 0x8C, 0x01, 0x84}}, // 索
    {0x7EA7, {0x18, 0x00, 0x1B, 0xFC, 0x31, 0x88, 0x27, 0x98, 0x67, 0x98, 0x7D, 0x9E, 0x19, 0x84, 0x11, 0xCC, 0x7D, 0xEC, 0x7D, 0xEC, 0x01, 0x38, 0x1F, 0x38, 0x7F, 0x7C, 0x47, 0xEE, 0x05, 0xC6, 0x00, 0x00}}, // 级
    {0x7EBF, {0x18, 0xC0, 0x18, 0xD8, 0x30, 0xD8, 0x36, 0xFE, 0x6F, 0xF8, 0x7F, 0xC0, 0x58, 0xFE, 0x13, 0xF8, 0x77, 0x4C, 0x7C, 0x78, 0x00, 0x70, 0x1E, 0x72, 0x7D, 0xDE, 0x43, 0x8E, 0x00, 0x04, 0x00, 0x00}}, // 线
    {0x7EC3, {0x18, 0x60, 0x30, 0x60, 0x23, 0xFE, 0x6C, 0xC0, 0x7F, 0xF0, 0x19, 0xF0, 0x39, 0xB0, 0x33, 0x30, 0x73, 0xFE, 0x7C, 0x30, 0x01, 0xBC, 0x3D, 0xB6, 0x7F, 0x36, 0x42, 0x70, 0x00, 0x60, 0x00, 0x00}}, // 练
    {0x7EC8, {0x18, 0x60, 0x18, 0x60, 0x30, 0xFC, 0x36, 0xCC, 0x6D, 0xD8, 0x7F, 0x70, 0x18, 0x70, 0x10, 0xFE, 0x3F, 0x8E, 0x3C, 0x70, 0x00, 0x38, 0x1C, 0xC0, 0x7C, 0xF0, 0x40, 0x38, 0x00, 0x18, 0x00, 0x00}}, // 终
    {0x7ECF, {0x00, 0x00, 0x18, 0x00, 0x19, 0xFC, 0x30, 0x18, 0x36, 0x30, 0x6E, 0x78, 0x7C, 0xFC, 0x5B, 0x86, 0x19, 0x02, 0x30, 0x00, 0x7D, 0xFC, 0x20, 0x30, 0x04, 0x30, 0x7C, 0x30, 0x73, 0xFE, 0x00, 0x00}}, // 经
    {0x7ED3, {0x00, 0x00, 0x18, 0x30, 0x18, 0x20, 0x18, 0x20, 0x33, 0xFE, 0x26, 0x20, 0x7C, 0x20, 0x7D, 0xFC, 0x18, 0x00, 0x30, 0x00, 0x7F, 0xFC, 0x7D, 0x8C, 0x01, 0x8C, 0x7F, 0xFC, 0x7D, 0x8C, 0x01, 0x80}}, // 结
    {0x7ED9, {0x18, 0x60, 0x18, 0x60, 0x30, 0xF0, 0x26, 0xD8, 0x6D, 0x8C, 0x7B, 0x0E, 0x7F, 0xFA, 0x32, 0x00, 0x7D, 0xFC, 0x7D, 0x8C, 0x01, 0x8C, 0x0D, 0x8C, 0x7D, 0xFC, 0x41, 0x8C, 0x01, 0x80, 0x00, 0x00}}, // 给
    {0x7EDD, {0x10, 0x40, 0x18, 0xC0, 0x31, 0xF8, 0x31, 0x98, 0x67, 0x30, 0x7D, 0xFC, 0x59, 0x24, 0x19, 0x24, 0x31, 0xFC, 0x7D, 0xFC, 0x21, 0x04, 0x01, 0x02, 0x7D, 0x86, 0x71, 0xFE, 0x00, 0x00, 0x00, 0x00}}, // 绝
    {0x7EE7, {0x00, 0x00, 0x10, 0x30, 0x1B, 0xB6, 0x33, 0xF4, 0x27, 0xFC, 0x6F, 0x70, 0x7B, 0x30, 0x1B, 0xFE, 0x33, 0x30, 0x23, 0x7C, 0x7F, 0x76, 0x03, 0xF0, 0x1F, 0x30, 0x7F, 0x00, 0x63, 0xFE, 0x00, 0x00}}, // 继
    {0x7EED, {0x00, 0x00, 0x10, 0x30, 0x18, 0x30, 0x31, 0xFE, 0x34, 0x30, 0x2F, 0xFE, 0x7C, 0x86, 0x18, 0xF4, 0x11, 0x70, 0x31, 0xB0, 0x7C, 0xB0, 0x23, 0xFE, 0x04, 0x60, 0x7C, 0x78, 0x73, 0xCE, 0x03, 0x06}}, // 续
    {0x7F16, {0x18, 0x60, 0x18, 0x30, 0x11, 0xFE, 0x35, 0x06, 0x6F, 0xFE, 0x7D, 0x00, 0x7B, 0x00, 0x1B, 0xFE, 0x33, 0xFA, 0x7F, 0xFA, 0x27, 0xFE, 0x07, 0xFA, 0x7D, 0xFA, 0x71, 0xE2, 0x01, 0x86, 0x00, 0x00}}, // 编
    {0x7F6E, {0x00, 0x00, 0x3F, 0xFC, 0x32, 0x64, 0x3F, 0xFC, 0x01, 0x80, 0x7F, 0xFE, 0x01, 0x80, 0x1F, 0xF8, 0x1F, 0xF8, 0x18, 0x18, 0x1F, 0xF8, 0x1F, 0xF8, 0x18, 0x18, 0x7F, 0xFE, 0x00, 0x00, 0x00, 0x00}}, // 置
    {0x7F8E, {0x04, 0x60, 0x06, 0x60, 0x3F, 0xFC, 0x01, 0x80, 0x1F, 0xF8, 0x01, 0x80, 0x01, 0x80, 0x7F, 0xFE, 0x01, 0x80, 0x01, 0x80, 0x7F, 0xFC, 0x03, 0xC0, 0x06, 0x70, 0x3C, 0x3E, 0x38, 0x0C, 0x00, 0x00}}, // 美
    {0x7F9E, {0x00, 0x00, 0x06, 0x30, 0x06, 0x60, 0x3F, 0xFC, 0x01, 0x80, 0x1F, 0xFC, 0x01, 0x80, 0x7F, 0xFE, 0x06, 0x00, 0x0F, 0xF8, 0x18, 0x98, 0x30, 0x98, 0x67, 0xFE, 0x01, 0x98, 0x1F, 0xFE, 0x00, 0x00}}, // 羞
    {0x7FA4, {0x00, 0x04, 0x7F, 0x6C, 0x1B, 0x68, 0x1B, 0x7E, 0x7F, 0x98, 0x1B, 0x18, 0x7F, 0x7E, 0x30, 0x18, 0x30, 0x18, 0x7F, 0x18, 0x73, 0xFE, 0x33, 0x18, 0x3F, 0x18, 0x33, 0x18, 0x00, 0x18, 0x00, 0x00}}, // 群
    {0x7FFB, {0x00, 0x00, 0x0F, 0x0E, 0x3F, 0xFE, 0x0F, 0x36, 0x3F, 0x3E, 0x7F, 0xFE, 0x1C, 0xFE, 0x3F, 0x7E, 0x6D, 0xB6, 0x7F, 0x7E, 0x3D, 0xFE, 0x3F, 0x36, 0x3D, 0x36, 0x3F, 0x76, 0x31, 0x66, 0x00, 0x00}}, // 翻
    {0x7FFC, {0x00, 0x00, 0x7F, 0xFC, 0x1B, 0x64, 0x1F, 0x7C, 0x00, 0x00, 0x37, 0xF8, 0x3F, 0xF8, 0x3F, 0xF8, 0x06, 0x60, 0x3F, 0xFC, 0x06, 0x60, 0x7F, 0xFE, 0x1E, 0x70, 0x78, 0x1C, 0x30, 0x04, 0x00, 0x00}}, // 翼
    {0x803F, {0x00, 0x00, 0x00, 0x30, 0xFF, 0x30, 0x26, 0x30, 0x26, 0x36, 0x27, 0xB4, 0x3F, 0xB4, 0x27, 0xBC, 0x27, 0xB0, 0x3E, 0x30, 0x26, 0x70, 0x26, 0x78, 0x7E, 0x78, 0x7E, 0xCE, 0x47, 0x86, 0x07, 0x84}}, // 耿
    {0x80A2, {0x00, 0x30, 0x3E, 0x30, 0x36, 0x30, 0x37, 0xFE, 0x3E, 0x30, 0x36, 0x30, 0x37, 0xFC, 0x37, 0xCC, 0x3E, 0xCC, 0x26, 0xD8, 0x26, 0x78, 0x66, 0x70, 0x66, 0x78, 0x7F, 0xDE, 0x4D, 0x86, 0x00, 0x00}}, // 肢
    {0x80AA, {0x00, 0x30, 0x3E, 0x30, 0x26, 0x00, 0x27, 0xFE, 0x26, 0x60, 0x3E, 0x60, 0x26, 0x7C, 0x26, 0x4C, 0x3E, 0xCC, 0x26, 0xCC, 0x26, 0xCC, 0x66, 0xCC, 0x67, 0x8C, 0x6F, 0xBC, 0x43, 0x18, 0x00, 0x00}}, // 肪
    {0x80C6, {0x00, 0x00, 0x7E, 0xFC, 0x66, 0x84, 0x26, 0x84, 0x26, 0x84, 0x3E, 0xFC, 0x26, 0x84, 0x26, 0x84, 0x7E, 0x84, 0x66, 0x84, 0x66, 0xFC, 0x66, 0x00, 0x66, 0x00, 0x7F, 0xFF, 0x4C, 0x00, 0x00, 0x00}}, // 胆
    {0x80CC, {0x00, 0x00, 0x06, 0x60, 0x06, 0x4C, 0x7E, 0x7C, 0x06, 0x60, 0x3E, 0x46, 0x7E, 0x7E, 0x00, 0x00, 0x1F, 0xF8, 0x18, 0x18, 0x1F, 0xF8, 0x18, 0x18, 0x1F, 0xF8, 0x18, 0x18, 0x18, 0x38, 0x18, 0x38}}, // 背
    {0x80DC, {0x00, 0x30, 0x3E, 0xB0, 0x27, 0xF0, 0x27, 0xB0, 0x27, 0xFE, 0x3F, 0xB0, 0x26, 0x30, 0x26, 0x30, 0x3E, 0xFE, 0x26, 0x30, 0x66, 0x30, 0x66, 0x30, 0x66, 0x30, 0x4F, 0xFE, 0x0C, 0x00, 0x00, 0x00}}, // 胜
    {0x80FD, {0x00, 0x00, 0x0C, 0x60, 0x18, 0x4C, 0x1A, 0x7C, 0x33, 0x70, 0x7F, 0x44, 0x00, 0x66, 0x3F, 0x7C, 0x23, 0x60, 0x3F, 0x4C, 0x23, 0x78, 0x23, 0x60, 0x3F, 0x40, 0x23, 0x46, 0x26, 0x7C, 0x00, 0x00}}, // 能
    {0x8102, {0x01, 0x84, 0x3F, 0x9C, 0x27, 0xF8, 0x27, 0x82, 0x27, 0x86, 0x3E, 0xFE, 0x26, 0x00, 0x27, 0xFC, 0x3F, 0x84, 0x27, 0x84, 0x67, 0xFC, 0x67, 0x84, 0x6F, 0xFC, 0x6D, 0x84, 0x40, 0x00, 0x00, 0x00}}, // 脂
    {0x8111, {0x00, 0x00, 0x00, 0x60, 0x3C, 0x30, 0x24, 0x00, 0x27, 0xFE, 0x24, 0xD8, 0x3C, 0xD8, 0x25, 0xF6, 0x25, 0x36, 0x3D, 0x36, 0x25, 0x7E, 0x65, 0xDE, 0x65, 0x06, 0x7D, 0xFE, 0x4C, 0x06, 0x00, 0x00}}, // 脑
    {0x8131, {0x00, 0x8C, 0x7E, 0xCC, 0x64, 0xD8, 0x24, 0x18, 0x25, 0xFC, 0x3D, 0x84, 0x25, 0x84, 0x65, 0xFC, 0x7C, 0xD0, 0x64, 0xD0, 0x64, 0xD0, 0x64, 0xD0, 0x65, 0x92, 0x5F, 0x9E, 0x43, 0x00, 0x00, 0x00}}, // 脱
    {0x81EA, {0x03, 0x00, 0x03, 0x00, 0x1F, 0xF8, 0x10, 0x08, 0x10, 0x08, 0x10, 0x08, 0x1F, 0xF8, 0x10, 0x08, 0x10, 0x08, 0x1F, 0xF8, 0x10, 0x08, 0x10, 0x08, 0x1F, 0xF8, 0x10, 0x08, 0x30, 0x08, 0x00, 0x00}}, // 自
    {0x81F3, {0x00, 0x00, 0x30, 0x1C, 0x3F, 0xFC, 0x03, 0x00, 0x06, 0x70, 0x0C, 0x38, 0x3F, 0xFC, 0x11, 0x88, 0x01, 0x80, 0x1F, 0xF8, 0x01, 0x80, 0x01, 0x80, 0x01, 0x80, 0x7F, 0xFE, 0x00, 0x00, 0x00, 0x00}}, // 至
    {0x820C, {0x00, 0x78, 0x3F, 0xF8, 0x1F, 0xFC, 0x01, 0x80, 0x01, 0x80, 0x7F, 0xFE, 0x01, 0x80, 0x01, 0x88, 0x1F, 0xF8, 0x18, 0x18, 0x18, 0x18, 0x18, 0x18, 0x1F, 0xF8, 0x18, 0x18, 0x00, 0x00, 0x00, 0x00}}, // 舌
    {0x8214, {0x00, 0x00, 0x0D, 0xFC, 0x7C, 0x60, 0x10, 0x60, 0x13, 0xFE, 0x7C, 0xD0, 0x11, 0x98, 0x13, 0xCE, 0x7E, 0x46, 0x6D, 0x6C, 0x6D, 0x7C, 0x6F, 0x56, 0x7F, 0x5E, 0x6C, 0xC0, 0x00, 0xC0, 0x00, 0x00}}, // 舔
    {0x821E, {0x0C, 0x00, 0x1F, 0xFC, 0x3B, 0x58, 0x6B, 0x58, 0x3F, 0xFE, 0x0B, 0x58, 0x3F, 0xFE, 0x00, 0x00, 0x18, 0x10, 0x3F, 0xFC, 0x73, 0x98, 0x3E, 0xD0, 0x0C, 0xFE, 0x1C, 0x10, 0x70, 0x18, 0x00, 0x00}}, // 舞
    {0x822C, {0x0C, 0x00, 0x08, 0x7C, 0x3F, 0x4C, 0x33, 0x4C, 0x3B, 0xCE, 0x3B, 0xCE, 0x33, 0x00, 0x7F, 0xFC, 0x33, 0xCC, 0x3B, 0x4C, 0x2B, 0x78, 0x23, 0x38, 0x63, 0x7E, 0x67, 0xEE, 0x44, 0x82, 0x00, 0x00}}, // 般
    {0x8272, {0x06, 0x00, 0x07, 0x00, 0x0F, 0xF0, 0x38, 0x60, 0x70, 0xC0, 0x3F, 0xFC, 0x31, 0x88, 0x11, 0x88, 0x11, 0x88, 0x1F, 0xF8, 0x10, 0x00, 0x10, 0x06, 0x18, 0x0E, 0x1F, 0xFC, 0x00, 0x00, 0x00, 0x00}}, // 色
    {0x82B1, {0x06, 0x60, 0x06, 0x60, 0x7F, 0xFE, 0x06, 0x60, 0x04, 0x00, 0x04, 0xC0, 0x0C, 0xCC, 0x18, 0xD8, 0x78, 0xF0, 0x78, 0xF0, 0x08, 0xC0, 0x08, 0xC0, 0x18, 0xC6, 0x18, 0xFE, 0x18, 0x00, 0x00, 0x00}}, // 花
    {0x82BD, {0x00, 0x00, 0x06, 0x60, 0x06, 0x60, 0x7F, 0xFE, 0x06, 0x60, 0x00, 0x00, 0x3F, 0xFC, 0x08, 0x60, 0x1C, 0x60, 0x38, 0x60, 0x3F, 0xFE, 0x01, 0xE0, 0x07, 0x60, 0x3C, 0x60, 0x71, 0xE0, 0x00, 0x00}}, // 芽
    {0x8302, {0x00, 0x00, 0x06, 0x60, 0x04, 0x60, 0x7F, 0xFE, 0x04, 0x60, 0x05, 0xF8, 0x01, 0x88, 0x1F, 0xFE, 0x11, 0x80, 0x10, 0x98, 0x10, 0xF0, 0x30, 0xE0, 0x31, 0xE0, 0x37, 0xB6, 0x66, 0x1E, 0x20, 0x0C}}, // 茂
    {0x8349, {0x04, 0x60, 0x06, 0x60, 0x7F, 0xFE, 0x06, 0x60, 0x1F, 0xF8, 0x18, 0x08, 0x18, 0x08, 0x1F, 0xF8, 0x18, 0x08, 0x1F, 0xF8, 0x01, 0x80, 0x7F, 0xFE, 0x01, 0x80, 0x01, 0x80, 0x01, 0x80, 0x00, 0x00}}, // 草
    {0x836F, {0x06, 0x60, 0x06, 0x60, 0x7F, 0xFE, 0x06, 0x60, 0x18, 0x00, 0x18, 0xE0, 0x16, 0xFE, 0x3E, 0x84, 0x7D, 0x84, 0x18, 0x6C, 0x3E, 0x3C, 0x3C, 0x2C, 0x0E, 0x0C, 0x7E, 0x3C, 0x20, 0x18, 0x00, 0x00}}, // 药
    {0x83B7, {0x00, 0x40, 0x06, 0x60, 0x7F, 0xFE, 0x06, 0x60, 0x24, 0x68, 0x3E, 0x6C, 0x18, 0x60, 0x7F, 0xFE, 0x0C, 0x60, 0x1C, 0x60, 0x74, 0x70, 0x64, 0xD8, 0x0D, 0x9C, 0x3F, 0x8E, 0x13, 0x04, 0x00, 0x00}}, // 获
    {0x83DC, {0x00, 0x00, 0x06, 0x60, 0x06, 0x60, 0x7F, 0xFE, 0x00, 0x00, 0x00, 0x78, 0x3F, 0xFC, 0x19, 0x98, 0x19, 0xB0, 0x01, 0x80, 0x7F, 0xFE, 0x07, 0xC0, 0x0D, 0xF0, 0x19, 0xBE, 0x71, 0x8C, 0x21, 0x80}}, // 菜
    {0x84C4, {0x00, 0x00, 0x06, 0x60, 0x7F, 0xFE, 0x04, 0x60, 0x01, 0x80, 0x7F, 0xFE, 0x0E, 0x30, 0x1F, 0xF0, 0x1F, 0x18, 0x3F, 0xFC, 0x3F, 0xFC, 0x11, 0x88, 0x1F, 0xF8, 0x11, 0x88, 0x1F, 0xF8, 0x30, 0x08}}, // 蓄
    {0x864E, {0x03, 0x00, 0x03, 0xFC, 0x03, 0x00, 0x3F, 0xFE, 0x39, 0x86, 0x31, 0xF4, 0x3F, 0xC0, 0x31, 0x80, 0x31, 0xF8, 0x32, 0x00, 0x36, 0x60, 0x26, 0x60, 0x66, 0x66, 0x7C, 0x7E, 0x38, 0x00, 0x00, 0x00}}, // 虎
    {0x866B, {0x00, 0x00, 0x01, 0x80, 0x01, 0x80, 0x01, 0x80, 0x3F, 0xF8, 0x31, 0x88, 0x31, 0x88, 0x31, 0x88, 0x31, 0x88, 0x3F, 0xF8, 0x31, 0x88, 0x11, 0x90, 0x01, 0x98, 0x7F, 0xFC, 0x7F, 0xC4, 0x00, 0x04}}, // 虫
    {0x86CB, {0x00, 0x00, 0x7F, 0xFC, 0x01, 0x8C, 0x0D, 0x80, 0x19, 0xF8, 0x3F, 0x80, 0x73, 0xFE, 0x61, 0x80, 0x3F, 0xF8, 0x31, 0x88, 0x3F, 0xF8, 0x31, 0x90, 0x01, 0x98, 0x7F, 0xFC, 0x78, 0x04, 0x00, 0x00}}, // 蛋
    {0x86D9, {0x00, 0x00, 0x08, 0x30, 0x08, 0x30, 0x2A, 0xFE, 0x7E, 0x30, 0x6A, 0x30, 0x6A, 0x30, 0x6B, 0xFE, 0x7E, 0x30, 0x6A, 0x30, 0x6A, 0xFE, 0x0A, 0x30, 0x1F, 0x30, 0x7F, 0x30, 0x61, 0xFE, 0x00, 0x00}}, // 蛙
    {0x8715, {0x18, 0x8C, 0x18, 0xD8, 0x18, 0xD8, 0x18, 0x10, 0x7F, 0xFC, 0x5F, 0x8C, 0x5F, 0x8C, 0x5F, 0xFC, 0x7E, 0x50, 0x5E, 0xD0, 0x1E, 0xD0, 0x1E, 0xD0, 0x7F, 0x96, 0x73, 0x9E, 0x03, 0x00, 0x00, 0x00}}, // 蜕
    {0x8782, {0x00, 0x00, 0x18, 0x80, 0x18, 0x9E, 0x1B, 0xF6, 0x7F, 0x74, 0x7F, 0x74, 0x7F, 0xFC, 0x7F, 0x7C, 0x7F, 0x76, 0x7F, 0xF6, 0x1F, 0x16, 0x1F, 0x5E, 0x7F, 0xFC, 0x63, 0x30, 0x00, 0x30, 0x00, 0x00}}, // 螂
    {0x87B3, {0x00, 0x00, 0x00, 0x00, 0x18, 0xB4, 0x18, 0xBC, 0x7E, 0x30, 0x7F, 0xFE, 0x7F, 0x02, 0x7E, 0xFC, 0x7E, 0x8C, 0x7E, 0xFC, 0x78, 0x30, 0x1C, 0x30, 0x1F, 0xFE, 0x7E, 0x30, 0x63, 0xFE, 0x00, 0x00}}, // 螳
    {0x884C, {0x08, 0x00, 0x1C, 0x00, 0x39, 0xFC, 0x70, 0x00, 0x6C, 0x00, 0x0C, 0x00, 0x1B, 0xFE, 0x38, 0x18, 0x78, 0x18, 0x78, 0x18, 0x18, 0x18, 0x18, 0x18, 0x18, 0x18, 0x18, 0x78, 0x18, 0x70, 0x00, 0x00}}, // 行
    {0x8861, {0x03, 0x00, 0x1B, 0x00, 0x37, 0xDE, 0x64, 0xC0, 0x17, 0xE0, 0x1F, 0xBF, 0x37, 0xE4, 0x77, 0xA4, 0x77, 0xE4, 0x31, 0x84, 0x3F, 0xF4, 0x31, 0x84, 0x33, 0xC4, 0x3E, 0x6C, 0x30, 0x0C, 0x00, 0x00}}, // 衡
    {0x8865, {0x18, 0x60, 0x1C, 0x60, 0x08, 0x60, 0x7E, 0x60, 0x0C, 0x60, 0x0C, 0x78, 0x1B, 0x7C, 0x3F, 0x6E, 0x7E, 0x66, 0x7F, 0x60, 0x1B, 0x60, 0x18, 0x60, 0x18, 0x60, 0x18, 0x60, 0x18, 0x60, 0x00, 0x00}}, // 补
    {0x88AB, {0x18, 0x30, 0x18, 0x30, 0x0D, 0xFE, 0x7D, 0xB6, 0x0D, 0xB4, 0x19, 0xB0, 0x35, 0xFC, 0x7D, 0xCC, 0x79, 0x4C, 0x3D, 0x78, 0x37, 0x78, 0x33, 0x30, 0x32, 0x7C, 0x36, 0xCE, 0x15, 0x86, 0x00, 0x00}}, // 被
    {0x88AD, {0x03, 0x30, 0x03, 0x30, 0x7F, 0xFE, 0x06, 0xD8, 0x06, 0xF8, 0x1F, 0xC6, 0x3B, 0xFC, 0x21, 0x80, 0x7F, 0xFE, 0x03, 0x00, 0x0E, 0xD8, 0x3C, 0x70, 0x75, 0x38, 0x0F, 0x1E, 0x04, 0x04, 0x00, 0x00}}, // 袭
    {0x8981, {0x00, 0x00, 0x7F, 0xFE, 0x06, 0x40, 0x06, 0x40, 0x3F, 0xFC, 0x36, 0x4C, 0x3F, 0xDC, 0x00, 0x00, 0x03, 0x00, 0x7F, 0xFE, 0x04, 0x30, 0x0F, 0xE0, 0x03, 0xF0, 0x3F, 0x3C, 0x38, 0x0C, 0x00, 0x00}}, // 要
    {0x89D2, {0x03, 0x00, 0x06, 0x00, 0x0F, 0xF8, 0x1C, 0x30, 0x3F, 0xFE, 0x28, 0xC6, 0x08, 0xC6, 0x0F, 0xFE, 0x08, 0xC6, 0x18, 0xC6, 0x18, 0xC6, 0x1F, 0xFE, 0x18, 0x06, 0x30, 0x1E, 0x30, 0x0C, 0x00, 0x00}}, // 角
    {0x89E3, {0x18, 0x00, 0x18, 0xFE, 0x3E, 0x26, 0x66, 0x26, 0x7F, 0x7C, 0x3D, 0xC8, 0x3D, 0x58, 0x3F, 0x78, 0x3D, 0x7E, 0x3D, 0xD8, 0x3F, 0x18, 0x21, 0xFE, 0x61, 0x18, 0x63, 0x18, 0x63, 0x18, 0x00, 0x00}}, // 解
    {0x89E6, {0x10, 0x10, 0x18, 0x10, 0x3E, 0x10, 0x64, 0xFE, 0x7F, 0xD6, 0x2B, 0xD6, 0x2B, 0xD6, 0x3F, 0xD6, 0x2B, 0xFE, 0x2B, 0xD6, 0x3F, 0x14, 0x63, 0x16, 0x63, 0x1E, 0x46, 0xFE, 0x00, 0xC2, 0x00, 0x00}}, // 触
    {0x8BA1, {0x10, 0x30, 0x38, 0x30, 0x18, 0x30, 0x00, 0x30, 0x00, 0x30, 0xFB, 0xFF, 0x10, 0x30, 0x10, 0x30, 0x10, 0x30, 0x10, 0x30, 0x16, 0x30, 0x1E, 0x30, 0x3C, 0x30, 0x38, 0x30, 0x10, 0x30, 0x00, 0x00}}, // 计
    {0x8BA4, {0x10, 0x70, 0x38, 0x60, 0x1C, 0x60, 0x08, 0x60, 0x00, 0x60, 0xF8, 0x60, 0x10, 0x70, 0x10, 0x70, 0x10, 0x70, 0x16, 0xD0, 0x1E, 0xD8, 0x1D, 0xDC, 0x3B, 0x8E, 0x17, 0x06, 0x06, 0x00, 0x00, 0x00}}, // 认
    {0x8BAF, {0x00, 0x00, 0x30, 0x08, 0x37, 0xF8, 0x11, 0x98, 0x01, 0x98, 0xF1, 0x98, 0xF1, 0x98, 0x37, 0xF8, 0x31, 0x98, 0x31, 0x98, 0x31, 0x98, 0x3D, 0x9A, 0x3D, 0x8F, 0x39, 0x8E, 0x31, 0x86, 0x00, 0x00}}, // 讯
    {0x8BBE, {0x00, 0x00, 0x31, 0xF8, 0x19, 0x98, 0x19, 0x98, 0x03, 0x18, 0xF3, 0x1E, 0x30, 0x00, 0x37, 0xFC, 0x31, 0x18, 0x31, 0x98, 0x34, 0xF0, 0x3C, 0x70, 0x38, 0xFC, 0x37, 0x9E, 0x06, 0x06, 0x00, 0x00}}, // 设
    {0x8BF4, {0x11, 0x18, 0x31, 0x98, 0x18, 0x98, 0x10, 0x30, 0x03, 0xFC, 0xF3, 0x0C, 0x33, 0x0C, 0x33, 0xFC, 0x30, 0xF0, 0x30, 0xB0, 0x35, 0xB0, 0x3D, 0xB0, 0x3B, 0xB6, 0x37, 0x1E, 0x06, 0x00, 0x00, 0x00}}, // 说
    {0x8BF7, {0x00, 0x00, 0x20, 0x60, 0x30, 0x60, 0x3F, 0xFE, 0x13, 0xFC, 0x00, 0x60, 0x70, 0x60, 0x37, 0xFE, 0x33, 0xFC, 0x33, 0x0C, 0x33, 0xFC, 0x3F, 0x0C, 0x3F, 0xFC, 0x3B, 0x0C, 0x33, 0x1C, 0x03, 0x1C}}, // 请
    {0x8D44, {0x01, 0x80, 0x31, 0x80, 0x3B, 0xFE, 0x07, 0x6C, 0x08, 0xF0, 0x39, 0xB8, 0x77, 0x0E, 0x1F, 0xFC, 0x18, 0x18, 0x19, 0x98, 0x19, 0x98, 0x1B, 0x18, 0x03, 0xF0, 0x1E, 0x3C, 0x38, 0x0C, 0x00, 0x00}}, // 资
    {0x8D70, {0x00, 0x00, 0x01, 0x80, 0x01, 0x80, 0x1F, 0xFC, 0x01, 0x80, 0x01, 0x80, 0x01, 0x80, 0x7F, 0xFE, 0x01, 0x80, 0x0D, 0x80, 0x19, 0xFC, 0x19, 0x80, 0x3F, 0x80, 0x37, 0xFE, 0x61, 0xFE, 0x00, 0x00}}, // 走
    {0x8D77, {0x00, 0x00, 0x0C, 0x00, 0x0C, 0xFC, 0x7F, 0x4C, 0x0C, 0x4C, 0x0C, 0x4C, 0x0C, 0x7C, 0x7F, 0x44, 0x2C, 0x40, 0x3C, 0x44, 0x3F, 0x46, 0x7C, 0x7C, 0x7C, 0x00, 0x6E, 0x0E, 0x47, 0xFE, 0x00, 0x00}}, // 起
    {0x8D85, {0x00, 0x00, 0x0C, 0x00, 0x0C, 0xFE, 0x3F, 0x26, 0x0C, 0x64, 0x0C, 0x6C, 0x7F, 0xDC, 0x0C, 0x00, 0x0C, 0xFC, 0x3C, 0xC4, 0x3F, 0xC4, 0x3C, 0xFC, 0x7C, 0xC4, 0x6F, 0xFE, 0x43, 0xFE, 0x00, 0x00}}, // 超
    {0x8DC3, {0x00, 0x0C, 0x3F, 0xFC, 0x27, 0xE0, 0x26, 0x60, 0x26, 0x60, 0x3E, 0x60, 0x09, 0xFE, 0x68, 0x70, 0x6E, 0x70, 0x68, 0x70, 0x68, 0xD8, 0x7F, 0xD8, 0x7D, 0x8C, 0x63, 0x8E, 0x02, 0x06, 0x00, 0x00}}, // 跃
    {0x8DD1, {0x00, 0x00, 0x00, 0x60, 0x3E, 0xC0, 0x26, 0xFE, 0x27, 0x86, 0x27, 0x06, 0x3F, 0xF6, 0x08, 0xB6, 0x08, 0xB6, 0x6E, 0xB6, 0x68, 0xF4, 0x68, 0x8C, 0x6E, 0x8A, 0x7E, 0x86, 0x60, 0xFE, 0x00, 0x00}}, // 跑
    {0x8DDF, {0x00, 0x00, 0x3F, 0xFC, 0x27, 0x8C, 0x27, 0x8C, 0x27, 0xFC, 0x3F, 0x8C, 0x09, 0x8C, 0x09, 0xFC, 0x6F, 0xA4, 0x69, 0xBE, 0x69, 0xB8, 0x6B, 0x98, 0x7F, 0xFC, 0x79, 0xEE, 0x01, 0x82, 0x00, 0x00}}, // 跟
    {0x8DEF, {0x00, 0x40, 0x7E, 0xF0, 0x66, 0xFC, 0x67, 0xCC, 0x67, 0xD8, 0x7F, 0x70, 0x08, 0x78, 0x09, 0xDE, 0x6F, 0x8E, 0x69, 0xFC, 0x68, 0x8C, 0x6A, 0x8C, 0x7E, 0xFC, 0x78, 0x8C, 0x41, 0x80, 0x00, 0x00}}, // 路
    {0x8DF3, {0x00, 0x00, 0x00, 0x58, 0x3E, 0x50, 0x27, 0x56, 0x27, 0x56, 0x27, 0xDC, 0x3F, 0xDC, 0x08, 0x50, 0x68, 0xD8, 0x2F, 0xDC, 0x2B, 0x5E, 0x28, 0xD0, 0x7E, 0x92, 0x79, 0x9E, 0x02, 0x1E, 0x00, 0x00}}, // 跳
    {0x8E81, {0x00, 0x00, 0x7D, 0xFC, 0x2D, 0x8C, 0x2D, 0xFC, 0x3C, 0x00, 0x7F, 0xDE, 0x1A, 0x56, 0x7B, 0xDE, 0x7C, 0x00, 0x7F, 0xFE, 0x78, 0xF0, 0x79, 0xF8, 0x7F, 0x7C, 0x67, 0x6E, 0x02, 0x60, 0x00, 0x00}}, // 躁
    {0x8EAB, {0x03, 0x00, 0x03, 0x00, 0x1F, 0xF8, 0x18, 0x18, 0x1F, 0xF8, 0x18, 0x18, 0x1F, 0xFE, 0x18, 0x1E, 0x18, 0x18, 0x7F, 0xF8, 0x00, 0xF8, 0x03, 0x98, 0x1E, 0x18, 0x78, 0x78, 0x20, 0x70, 0x00, 0x00}}, // 身
    {0x8EAF, {0x0C, 0x00, 0x18, 0xFE, 0x3E, 0xC0, 0x36, 0xC4, 0x3E, 0xE6, 0x36, 0xFC, 0x36, 0xDC, 0x3F, 0xD8, 0x37, 0xDC, 0x7F, 0xDC, 0x7E, 0xF6, 0x1E, 0xE2, 0x3E, 0xC0, 0x6E, 0x7E, 0x0E, 0x00, 0x00, 0x00}}, // 躯
    {0x8F7B, {0x18, 0x00, 0x19, 0xFC, 0x7E, 0x18, 0x30, 0x38, 0x20, 0x30, 0x2C, 0xFC, 0x69, 0xCE, 0x7F, 0x86, 0x09, 0xFC, 0x0E, 0x30, 0x7E, 0x30, 0x78, 0x30, 0x08, 0x30, 0x0D, 0xFE, 0x0C, 0x00, 0x00, 0x00}}, // 轻
    {0x8FB9, {0x00, 0xC0, 0x30, 0xC0, 0x30, 0xC0, 0x1F, 0xFC, 0x00, 0xCC, 0x00, 0xCC, 0x70, 0xCC, 0x11, 0x8C, 0x11, 0x8C, 0x13, 0x0C, 0x17, 0x3C, 0x1A, 0x10, 0x3E, 0x06, 0x67, 0xFE, 0x00, 0x00, 0x00, 0x00}}, // 边
    {0x8FC5, {0x00, 0x00, 0x20, 0x08, 0x37, 0xF8, 0x11, 0x98, 0x01, 0x98, 0x79, 0x98, 0x31, 0xB8, 0x37, 0xF8, 0x61, 0x98, 0x79, 0x98, 0x19, 0x9A, 0x11, 0x8E, 0x39, 0x86, 0x7F, 0xFE, 0x63, 0xFE, 0x00, 0x00}}, // 迅
    {0x8FC7, {0x00, 0x00, 0x20, 0x18, 0x30, 0x18, 0x38, 0x18, 0x17, 0xFE, 0x78, 0x18, 0x19, 0x18, 0x31, 0x98, 0x61, 0x98, 0x78, 0x98, 0x18, 0x18, 0x10, 0x78, 0x38, 0x30, 0x7F, 0xFE, 0x67, 0xFE, 0x00, 0x00}}, // 过
    {0x8FCE, {0x00, 0x00, 0x21, 0x80, 0x33, 0xFE, 0x12, 0x64, 0x02, 0x64, 0x7A, 0x64, 0x32, 0x64, 0x32, 0x64, 0x62, 0x64, 0x7B, 0xEC, 0x1F, 0xEC, 0x12, 0x60, 0x38, 0x60, 0x7F, 0xFE, 0x67, 0xFE, 0x00, 0x00}}, // 迎
    {0x8FD0, {0x00, 0x00, 0x30, 0x00, 0x33, 0xFC, 0x30, 0x00, 0x00, 0x00, 0x00, 0x00, 0x07, 0xFE, 0x78, 0xD0, 0x18, 0xD8, 0x19, 0x8C, 0x1B, 0xFC, 0x1B, 0xFC, 0x38, 0x00, 0x7F, 0xFE, 0x63, 0xFE, 0x00, 0x00}}, // 运
    {0x8FD4, {0x00, 0x00, 0x30, 0x3C, 0x33, 0xFC, 0x13, 0x00, 0x03, 0xFC, 0x73, 0xCC, 0x33, 0xDC, 0x23, 0x78, 0x7A, 0x78, 0x5A, 0x70, 0x16, 0xFC, 0x37, 0xCE, 0x3C, 0x04, 0x7F, 0xFE, 0x67, 0xFE, 0x00, 0x00}}, // 返
    {0x8FDB, {0x00, 0x00, 0x01, 0x98, 0x31, 0x90, 0x31, 0x90, 0x17, 0xFE, 0x01, 0x90, 0x11, 0x90, 0x71, 0x90, 0x37, 0xFE, 0x31, 0x90, 0x31, 0x90, 0x33, 0x10, 0x37, 0x10, 0x3E, 0x10, 0x7F, 0xFE, 0x03, 0xFE}}, // 进
    {0x8FDE, {0x00, 0xC0, 0x30, 0xC0, 0x37, 0xFE, 0x31, 0x80, 0x03, 0x60, 0x03, 0x60, 0x77, 0xFC, 0x30, 0x60, 0x30, 0x60, 0x37, 0xFE, 0x30, 0x60, 0x30, 0x60, 0x3C, 0x00, 0x7F, 0xFE, 0x43, 0xFE, 0x00, 0x00}}, // 连
    {0x8FF7, {0x00, 0x00, 0x00, 0x60, 0x32, 0x4C, 0x33, 0x4C, 0x13, 0x58, 0x00, 0x40, 0x7F, 0xFC, 0x30, 0xF0, 0x21, 0xF0, 0x79, 0x78, 0x5B, 0x4C, 0x1E, 0x4E, 0x34, 0x60, 0x38, 0x40, 0x7F, 0xFE, 0x63, 0xFE}}, // 迷
    {0x9002, {0x00, 0x00, 0x00, 0x3C, 0x33, 0xFC, 0x30, 0x60, 0x10, 0x60, 0x7F, 0xFE, 0x10, 0x60, 0x32, 0x64, 0x63, 0xFC, 0x7B, 0x0C, 0x1B, 0x0C, 0x13, 0xFC, 0x3B, 0x0C, 0x7F, 0xFE, 0x63, 0xFE, 0x00, 0x00}}, // 适
    {0x9003, {0x00, 0x00, 0x01, 0xB0, 0x31, 0xB4, 0x35, 0xB6, 0x16, 0xBC, 0x07, 0xB8, 0x7A, 0xB0, 0x13, 0xBC, 0x37, 0xBE, 0x7D, 0xB0, 0x19, 0xB4, 0x17, 0x3E, 0x3E, 0x00, 0x7F, 0xFE, 0x67, 0xFE, 0x40, 0x00}}, // 逃
    {0x9009, {0x00, 0x00, 0x01, 0x60, 0x33, 0x60, 0x33, 0xFC, 0x12, 0x60, 0x06, 0x60, 0x78, 0x60, 0x17, 0xFE, 0x20, 0xB0, 0x79, 0xB0, 0x59, 0xB6, 0x17, 0x3E, 0x3A, 0x00, 0x7F, 0xFE, 0x67, 0xFE, 0x40, 0x00}}, // 选
    {0x901A, {0x00, 0x00, 0x23, 0xFC, 0x30, 0x98, 0x10, 0xE0, 0x07, 0xFC, 0x7E, 0x44, 0x36, 0x44, 0x27, 0xFC, 0x7E, 0x44, 0x1F, 0xFC, 0x16, 0x6C, 0x36, 0x7C, 0x7E, 0x06, 0x67, 0xFE, 0x00, 0x00, 0x00, 0x00}}, // 通
    {0x901F, {0x00, 0x00, 0x00, 0x60, 0x30, 0x60, 0x37, 0xFE, 0x10, 0x60, 0x03, 0xFC, 0x7A, 0x64, 0x32, 0x64, 0x23, 0xFC, 0x78, 0xF8, 0x1B, 0xEC, 0x17, 0x66, 0x38, 0x60, 0x7F, 0xFE, 0x67, 0xFE, 0x00, 0x00}}, // 速
    {0x9020, {0x01, 0x60, 0x33, 0x60, 0x33, 0xFC, 0x12, 0x60, 0x00, 0x60, 0x7F, 0xFE, 0x30, 0x60, 0x33, 0xFC, 0x7B, 0x0C, 0x1B, 0x0C, 0x13, 0xFC, 0x3B, 0x0C, 0x7F, 0x8E, 0x67, 0xFE, 0x00, 0x00, 0x00, 0x00}}, // 造
    {0x9047, {0x00, 0x00, 0x23, 0xFC, 0x33, 0x6C, 0x13, 0xFC, 0x03, 0x6C, 0x7B, 0xFC, 0x32, 0x60, 0x37, 0xFE, 0x7A, 0x76, 0x1A, 0xFE, 0x13, 0xDE, 0x3A, 0x0E, 0x7F, 0x9E, 0x67, 0xFE, 0x00, 0x00, 0x00, 0x00}}, // 遇
    {0x9053, {0x00, 0x98, 0x21, 0x98, 0x30, 0x10, 0x17, 0xFE, 0x00, 0x60, 0x7B, 0xFC, 0x13, 0x0C, 0x33, 0xFC, 0x33, 0x0C, 0x7B, 0xFC, 0x1B, 0x0C, 0x13, 0xFC, 0x3B, 0x0C, 0x7F, 0xFE, 0x67, 0xFE, 0x00, 0x00}}, // 道
    {0x90E8, {0x0C, 0x00, 0x0C, 0x7E, 0x7F, 0xE6, 0x00, 0x64, 0x33, 0x6C, 0x1E, 0x6C, 0x7F, 0xE8, 0x00, 0x6C, 0x00, 0x66, 0x3F, 0x66, 0x33, 0x62, 0x33, 0x6E, 0x3F, 0x6E, 0x33, 0x60, 0x20, 0x60, 0x00, 0x00}}, // 部
    {0x91CA, {0x0E, 0x00, 0x7F, 0xFC, 0x1A, 0xCC, 0x5E, 0x58, 0x7C, 0x70, 0x18, 0xFE, 0x7F, 0xFE, 0x19, 0x30, 0x3D, 0xFC, 0x3E, 0x30, 0x78, 0x30, 0xDB, 0xFE, 0x18, 0x30, 0x18, 0x30, 0x00, 0x30, 0x00, 0x00}}, // 释
    {0x91CC, {0x00, 0x00, 0x3F, 0xFC, 0x31, 0x8C, 0x31, 0x8C, 0x3F, 0xFC, 0x31, 0x8C, 0x31, 0x8C, 0x3F, 0xFC, 0x01, 0x80, 0x01, 0x80, 0x3F, 0xFC, 0x01, 0x80, 0x01, 0x80, 0x7F, 0xFE, 0x00, 0x00, 0x00, 0x00}}, // 里
    {0x91CD, {0x00, 0x00, 0x01, 0xF8, 0x3F, 0xF8, 0x01, 0x80, 0x7F, 0xFE, 0x01, 0x80, 0x1F, 0xF8, 0x11, 0x88, 0x1F, 0xF8, 0x11, 0x88, 0x1F, 0xF8, 0x01, 0x80, 0x3F, 0xFC, 0x01, 0x80, 0x7F, 0xFE, 0x00, 0x00}}, // 重
    {0x91CE, {0x00, 0x00, 0x7F, 0x7E, 0x6B, 0x0E, 0x6B, 0x38, 0x7F, 0x38, 0x6B, 0x18, 0x7B, 0xFE, 0x08, 0x16, 0x08, 0x16, 0x7F, 0x10, 0x08, 0x10, 0x08, 0x10, 0x7F, 0x10, 0x7E, 0x70, 0x00, 0x70, 0x00, 0x00}}, // 野
    {0x91CF, {0x00, 0x00, 0x1F, 0xF8, 0x1F, 0xF8, 0x10, 0x08, 0x1F, 0xF8, 0x7F, 0xFE, 0x00, 0x00, 0x1F, 0xF8, 0x1F, 0xF8, 0x11, 0x88, 0x1F, 0xF8, 0x3F, 0xFC, 0x01, 0x80, 0x7F, 0xFE, 0x00, 0x00, 0x00, 0x00}}, // 量
    {0x91D1, {0x00, 0x00, 0x03, 0x80, 0x03, 0x80, 0x06, 0xE0, 0x0C, 0x30, 0x38, 0x1E, 0x7F, 0xF6, 0x01, 0x80, 0x01, 0x80, 0x3F, 0xF8, 0x01, 0x80, 0x19, 0x90, 0x0D, 0xB0, 0x01, 0xB0, 0x7F, 0xFC, 0x00, 0x00}}, // 金
    {0x9488, {0x18, 0x30, 0x18, 0x30, 0x30, 0x30, 0x7F, 0x30, 0x60, 0x30, 0x7E, 0xFF, 0x18, 0x30, 0x18, 0x30, 0x7E, 0x30, 0x18, 0x30, 0x18, 0x30, 0x1A, 0x30, 0x1E, 0x30, 0x1C, 0x30, 0x18, 0x00, 0x00, 0x00}}, // 针
    {0x94A2, {0x18, 0x00, 0x31, 0xFE, 0x3F, 0x06, 0x61, 0x1E, 0x41, 0xDE, 0x7D, 0x76, 0x11, 0x76, 0x11, 0x36, 0x7F, 0x76, 0x11, 0x7E, 0x11, 0xDE, 0x15, 0x06, 0x1D, 0x06, 0x3B, 0x0E, 0x10, 0x0C, 0x00, 0x00}}, // 钢
    {0x94B3, {0x10, 0x8C, 0x38, 0x8C, 0x30, 0x8C, 0x7E, 0x8C, 0x63, 0xFF, 0x7C, 0x8C, 0x10, 0x8C, 0x10, 0x8C, 0x7E, 0xFC, 0x10, 0x8C, 0x10, 0x8C, 0x14, 0x8C, 0x1C, 0xFC, 0x38, 0x8C, 0x10, 0x80, 0x00, 0x00}}, // 钳
    {0x94C1, {0x18, 0x30, 0x30, 0xB0, 0x3E, 0xB0, 0x61, 0xFE, 0x41, 0xB0, 0x7D, 0x30, 0x10, 0x30, 0x11, 0xFE, 0x7C, 0x30, 0x10, 0x70, 0x10, 0x78, 0x1E, 0xD8, 0x1D, 0xCE, 0x3B, 0x86, 0x13, 0x02, 0x00, 0x00}}, // 铁
    {0x950B, {0x18, 0xC0, 0x30, 0xC0, 0x3D, 0xFC, 0x63, 0x58, 0x60, 0x78, 0x3D, 0xDE, 0x13, 0xA6, 0x11, 0xFE, 0x7C, 0x20, 0x10, 0x20, 0x11, 0xFC, 0x14, 0x20, 0x3F, 0xFE, 0x38, 0x20, 0x30, 0x20, 0x00, 0x00}}, // 锋
    {0x952E, {0x00, 0x00, 0x18, 0x30, 0x37, 0xFC, 0x3D, 0x34, 0x63, 0x34, 0x43, 0xFE, 0x3E, 0x34, 0x37, 0xFC, 0x31, 0xB0, 0x7B, 0xFC, 0x33, 0x30, 0x3F, 0xFE, 0x3B, 0xB0, 0x37, 0xFE, 0x34, 0x7E, 0x00, 0x00}}, // 键
    {0x9570, {0x30, 0x20, 0x33, 0xFE, 0x32, 0x00, 0x7E, 0x58, 0x43, 0xFE, 0x7A, 0x50, 0x33, 0xFE, 0x32, 0x54, 0x7F, 0xFE, 0x32, 0x54, 0x37, 0xFE, 0x3E, 0xD8, 0x3F, 0xDC, 0x3F, 0x56, 0x2C, 0x50, 0x00, 0x00}}, // 镰
    {0x957F, {0x0C, 0x18, 0x0C, 0x38, 0x0C, 0x30, 0x0C, 0xE0, 0x0D, 0xC0, 0x0C, 0x00, 0x7F, 0xFE, 0x0C, 0xC0, 0x0C, 0xC0, 0x0C, 0x60, 0x0C, 0x70, 0x0D, 0x38, 0x0F, 0x1E, 0x0E, 0x04, 0x08, 0x00, 0x00, 0x00}}, // 长
    {0x95F2, {0x18, 0x00, 0x1B, 0xFE, 0x08, 0x06, 0x61, 0x86, 0x61, 0x86, 0x61, 0x86, 0x6F, 0xF6, 0x61, 0x86, 0x63, 0xE6, 0x67, 0xB6, 0x6D, 0xB6, 0x7D, 0x86, 0x61, 0x86, 0x61, 0x9E, 0x20, 0x1C, 0x00, 0x00}}, // 闲
    {0x95F4, {0x18, 0x00, 0x1D, 0xFC, 0x0C, 0x04, 0x20, 0x04, 0x20, 0x04, 0x27, 0xE4, 0x26, 0x64, 0x26, 0x64, 0x27, 0xE4, 0x26, 0x64, 0x26, 0x64, 0x27, 0xE4, 0x20, 0x04, 0x20, 0x1C, 0x20, 0x1C, 0x00, 0x00}}, // 间
    {0x961F, {0x00, 0x60, 0x7E, 0x60, 0x64, 0x60, 0x6C, 0x60, 0x6C, 0x60, 0x68, 0x60, 0x6C, 0x60, 0x6C, 0x60, 0x66, 0xE0, 0x66, 0xF0, 0x6E, 0xD0, 0x7D, 0x98, 0x63, 0x0E, 0x67, 0x0E, 0x64, 0x00, 0x00, 0x00}}, // 队
    {0x9632, {0x00, 0x60, 0x7C, 0x60, 0x6C, 0x00, 0x6F, 0xFE, 0x78, 0xC0, 0x78, 0xC0, 0x78, 0xFC, 0x6C, 0xCC, 0x6C, 0x8C, 0x6D, 0x8C, 0x7D, 0x8C, 0x79, 0x8C, 0x63, 0x0C, 0x67, 0x78, 0x66, 0x38, 0x00, 0x00}}, // 防
    {0x9633, {0x00, 0x00, 0x7F, 0xFE, 0x67, 0x86, 0x65, 0x86, 0x6D, 0x86, 0x6D, 0x86, 0x6D, 0xFE, 0x6D, 0x86, 0x67, 0x86, 0x67, 0x86, 0x7F, 0x86, 0x7D, 0xFE, 0x61, 0x86, 0x60, 0x84, 0x60, 0x00, 0x00, 0x00}}, // 阳
    {0x9664, {0x00, 0x60, 0x7C, 0xE0, 0x6C, 0xF0, 0x69, 0x98, 0x7B, 0x1E, 0x7F, 0xFE, 0x78, 0x60, 0x68, 0x60, 0x6F, 0xFC, 0x6C, 0x60, 0x7D, 0x78, 0x7B, 0x6C, 0x66, 0x6E, 0x66, 0xE4, 0x60, 0xC0, 0x00, 0x00}}, // 除
    {0x968F, {0x00, 0x10, 0x7C, 0x30, 0x6E, 0xFE, 0x6B, 0x60, 0x7B, 0xFC, 0x79, 0xC4, 0x7F, 0xC4, 0x6B, 0x7C, 0x6F, 0x44, 0x6F, 0x7C, 0x7B, 0x44, 0x73, 0xCC, 0x63, 0x08, 0x67, 0xFE, 0x64, 0x7C, 0x00, 0x00}}, // 随
    {0x96F7, {0x00, 0x00, 0x3F, 0xF8, 0x01, 0x80, 0x7F, 0xFE, 0x61, 0x86, 0x7D, 0xFE, 0x1D, 0xF8, 0x00, 0x00, 0x3F, 0xF8, 0x31, 0x88, 0x31, 0x88, 0x3F, 0xF8, 0x31, 0x88, 0x3F, 0xF8, 0x30, 0x08, 0x00, 0x00}}, // 雷
    {0x9700, {0x00, 0x00, 0x1F, 0xFC, 0x01, 0x80, 0x7F, 0xFE, 0x61, 0x86, 0x7F, 0xFE, 0x1F, 0xF8, 0x00, 0x00, 0x7F, 0xFE, 0x01, 0x00, 0x3F, 0xFC, 0x36, 0xCC, 0x36, 0xCC, 0x36, 0xDC, 0x32, 0x18, 0x00, 0x00}}, // 需
    {0x9707, {0x00, 0x00, 0x3F, 0xFC, 0x01, 0x80, 0x7F, 0xFE, 0x7F, 0xFE, 0x1F, 0xFC, 0x00, 0x00, 0x1F, 0xFC, 0x17, 0xF8, 0x10, 0x00, 0x1F, 0xFC, 0x36, 0xD8, 0x36, 0x70, 0x67, 0x3E, 0x04, 0x04, 0x00, 0x00}}, // 震
    {0x9759, {0x10, 0x60, 0x18, 0xE0, 0x7F, 0xF8, 0x19, 0x98, 0x7F, 0xFC, 0x7F, 0x34, 0x00, 0x34, 0x7F, 0xFE, 0x62, 0x34, 0x7E, 0xFC, 0x62, 0x34, 0x7E, 0x30, 0x62, 0x30, 0x66, 0x70, 0x46, 0x60, 0x00, 0x00}}, // 静
    {0x9760, {0x00, 0x00, 0x01, 0x80, 0x09, 0x80, 0x3F, 0xFC, 0x7F, 0xFE, 0x01, 0x80, 0x1F, 0xF8, 0x18, 0x18, 0x1F, 0xF8, 0x02, 0x40, 0x3E, 0x7E, 0x3E, 0x7C, 0x02, 0x40, 0x7E, 0x7E, 0x46, 0x40, 0x04, 0x00}}, // 靠
    {0x9762, {0x00, 0x00, 0x7F, 0xFE, 0x01, 0x80, 0x01, 0x80, 0x3F, 0xFC, 0x36, 0x6C, 0x36, 0x6C, 0x37, 0xEC, 0x36, 0x6C, 0x36, 0x6C, 0x37, 0xEC, 0x36, 0x6C, 0x3F, 0xFC, 0x30, 0x0C, 0x30, 0x00, 0x00, 0x00}}, // 面
    {0x97F3, {0x01, 0x80, 0x01, 0x80, 0x7F, 0xFC, 0x0C, 0x70, 0x06, 0x60, 0x7F, 0xFE, 0x00, 0x00, 0x10, 0x00, 0x1F, 0xF8, 0x18, 0x18, 0x1F, 0xF8, 0x18, 0x18, 0x18, 0x18, 0x1F, 0xF8, 0x18, 0x18, 0x00, 0x00}}, // 音
    {0x9875, {0x00, 0x00, 0x7F, 0xFE, 0x01, 0x80, 0x01, 0x80, 0x1F, 0xF8, 0x18, 0x18, 0x19, 0x98, 0x19, 0x98, 0x19, 0x98, 0x19, 0x98, 0x1B, 0x18, 0x07, 0x60, 0x1E, 0x78, 0x7C, 0x1C, 0x20, 0x0C, 0x00, 0x00}}, // 页
    {0x9876, {0x00, 0x00, 0xFF, 0xFE, 0x18, 0x30, 0x18, 0x30, 0x19, 0xFE, 0x19, 0x86, 0x19, 0xA6, 0x19, 0xB6, 0x19, 0xB6, 0x19, 0xB6, 0x19, 0xA6, 0x18, 0x78, 0x18, 0xFC, 0x3B, 0xCE, 0x33, 0x02, 0x00, 0x00}}, // 顶
    {0x987A, {0x00, 0x00, 0x63, 0xFE, 0x6A, 0x30, 0x6A, 0x30, 0x2A, 0xFC, 0x2A, 0xC4, 0x2A, 0xF4, 0x2A, 0xF4, 0x2A, 0xF4, 0x2A, 0xF4, 0x6A, 0xF4, 0x6A, 0x38, 0x62, 0x6C, 0x42, 0xC6, 0x00, 0x80, 0x00, 0x00}}, // 顺
    {0x987D, {0x00, 0x00, 0x7F, 0xFE, 0x00, 0x30, 0x00, 0x30, 0x7E, 0xFC, 0x7C, 0x84, 0x3C, 0xB4, 0x3C, 0xB4, 0x3C, 0xB4, 0x3C, 0xB4, 0x3E, 0xB4, 0x6E, 0x64, 0x6C, 0xFC, 0x41, 0xCE, 0x01, 0x86, 0x00, 0x00}}, // 顽
    {0x98CE, {0x00, 0x00, 0x3F, 0xF8, 0x30, 0x18, 0x30, 0x58, 0x34, 0x78, 0x36, 0xD8, 0x33, 0xD8, 0x33, 0x98, 0x31, 0x98, 0x33, 0xD8, 0x36, 0x78, 0x3C, 0x6A, 0x60, 0x0E, 0x60, 0x0E, 0x40, 0x06, 0x00, 0x00}}, // 风
    {0x98D8, {0x00, 0x00, 0x7F, 0xFC, 0x1C, 0x8C, 0x7F, 0x9C, 0x5F, 0xDC, 0x5F, 0xFC, 0x7F, 0xFC, 0x3E, 0xBC, 0x00, 0xBC, 0x7F, 0xBC, 0x08, 0xFC, 0x2F, 0xDC, 0x6B, 0xC6, 0x5B, 0x06, 0x1A, 0x06, 0x00, 0x00}}, // 飘
    {0x98DE, {0x00, 0x00, 0x7F, 0xC0, 0x00, 0xD8, 0x00, 0xF0, 0x00, 0xE0, 0x00, 0xE0, 0x00, 0xF0, 0x00, 0xF8, 0x00, 0xC8, 0x00, 0xC0, 0x00, 0x64, 0x00, 0x76, 0x00, 0x3E, 0x00, 0x0C, 0x00, 0x00, 0x00, 0x00}}, // 飞
    {0x98DF, {0x01, 0x80, 0x03, 0xC0, 0x06, 0xE0, 0x0F, 0xF8, 0x19, 0x1E, 0x7F, 0xFE, 0x78, 0x18, 0x1F, 0xF8, 0x18, 0x18, 0x1F, 0xF8, 0x19, 0x8C, 0x18, 0xD8, 0x18, 0x70, 0x3E, 0x3C, 0x38, 0x0C, 0x00, 0x00}}, // 食
    {0x9971, {0x18, 0xC0, 0x30, 0xC0, 0x30, 0xFE, 0x3D, 0x86, 0x6F, 0x06, 0x6F, 0xF6, 0x31, 0xB6, 0x31, 0xB6, 0x31, 0xB4, 0x31, 0xF4, 0x35, 0x8C, 0x3D, 0x88, 0x39, 0x86, 0x31, 0xFE, 0x30, 0x00, 0x00, 0x00}}, // 饱
    {0x9996, {0x04, 0x20, 0x06, 0x60, 0x00, 0x60, 0x7F, 0xFE, 0x01, 0x80, 0x1F, 0xF8, 0x18, 0x18, 0x1F, 0xF8, 0x18, 0x18, 0x18, 0x18, 0x1F, 0xF8, 0x18, 0x18, 0x1F, 0xF8, 0x18, 0x18, 0x18, 0x18, 0x00, 0x00}}, // 首
    {0x9A6C, {0x00, 0x00, 0x3F, 0xF8, 0x00, 0x18, 0x0C, 0x30, 0x0C, 0x30, 0x0C, 0x30, 0x0C, 0x30, 0x0C, 0x30, 0x0F, 0xFC, 0x00, 0x04, 0x00, 0x0C, 0x7F, 0xFC, 0x00, 0x0C, 0x00, 0x3C, 0x00, 0x38, 0x00, 0x00}}, // 马
    {0x9A8C, {0x00, 0x60, 0x7C, 0x70, 0x0C, 0xD8, 0x0C, 0x9C, 0x2D, 0x8E, 0x6F, 0xFE, 0x6C, 0x00, 0x6D, 0x08, 0x7F, 0xEC, 0x05, 0xE8, 0xF5, 0xF8, 0x44, 0xB8, 0x0C, 0x10, 0x1F, 0xFE, 0x00, 0x00, 0x00, 0x00}}, // 验
    {0x9AD8, {0x01, 0x80, 0x01, 0x80, 0x7F, 0xFE, 0x00, 0x00, 0x0F, 0xF8, 0x08, 0x18, 0x0F, 0xF8, 0x20, 0x04, 0x3F, 0xFC, 0x30, 0x0C, 0x37, 0xEC, 0x34, 0x2C, 0x37, 0xEC, 0x30, 0x1C, 0x30, 0x1C, 0x00, 0x00}}, // 高
    {0x9B3C, {0x03, 0x00, 0x02, 0x00, 0x3F, 0xF8, 0x33, 0x18, 0x33, 0x18, 0x3F, 0xF8, 0x33, 0x18, 0x3F, 0xF8, 0x32, 0x18, 0x07, 0xB0, 0x07, 0xA8, 0x0D, 0xFC, 0x39, 0xC6, 0x70, 0xFE, 0x60, 0x00, 0x00, 0x00}}, // 鬼
    {0x9C7C, {0x00, 0x00, 0x06, 0x00, 0x0E, 0x00, 0x1F, 0xF0, 0x38, 0x60, 0x3F, 0xFC, 0x18, 0x8C, 0x18, 0x8C, 0x1F, 0xFC, 0x18, 0x8C, 0x18, 0x8C, 0x1F, 0xFC, 0x00, 0x00, 0x00, 0x00, 0x7F, 0xFE, 0x00, 0x00}}, // 鱼
    {0x9CA4, {0x00, 0x00, 0x18, 0x00, 0x38, 0xFE, 0x3E, 0xD6, 0x6C, 0xD6, 0x7F, 0xFE, 0x6A, 0xD6, 0x2A, 0xD6, 0x3E, 0xFE, 0x2A, 0x10, 0x7F, 0x10, 0x00, 0xFE, 0x06, 0x10, 0x7E, 0x10, 0x61, 0xFF, 0x00, 0x00}}, // 鲤
    {0x9EBB, {0x01, 0x80, 0x01, 0xC0, 0x3F, 0xFE, 0x32, 0x10, 0x32, 0x10, 0x3F, 0xFE, 0x3E, 0x10, 0x3F, 0xFC, 0x3F, 0xFC, 0x2F, 0xFC, 0x2F, 0xFC, 0x6B, 0xDC, 0x7A, 0xDE, 0x6A, 0x96, 0x02, 0x10, 0x00, 0x00}}, // 麻
    {0x9F99, {0x00, 0x00, 0x07, 0x00, 0x03, 0x38, 0x03, 0x18, 0x06, 0x00, 0x7F, 0xFE, 0x06, 0xC0, 0x06, 0xCC, 0x06, 0xD8, 0x0C, 0xF0, 0x0C, 0xF0, 0x1C, 0xE0, 0x39, 0xC6, 0x77, 0xFE, 0x62, 0xFC, 0x00, 0x00}}, // 龙
    {0x9F9F, {0x00, 0x00, 0x06, 0x00, 0x0E, 0x00, 0x1F, 0xF0, 0x70, 0xC0, 0x7F, 0xF8, 0x31, 0x88, 0x31, 0x88, 0x3F, 0xF8, 0x31, 0x88, 0x31, 0x88, 0x3F, 0xF8, 0x01, 0x86, 0x01, 0x86, 0x01, 0xFE, 0x00, 0x00}}, // 龟
};

const uint16_t FONT16CN_COUNT = 551;

const Font16CNGlyph* findFont16CNGlyph(uint32_t codepoint) {
    int lo = 0;
    int hi = FONT16CN_COUNT - 1;
    while (lo <= hi) {
        int mid = (lo + hi) / 2;
        uint32_t value = pgm_read_dword(&FONT16CN_GLYPHS[mid].codepoint);
        if (value == codepoint) return &FONT16CN_GLYPHS[mid];
        if (value < codepoint) lo = mid + 1;
        else hi = mid - 1;
    }
    return nullptr;
}
