#include "MenuAssets.h"

namespace MenuAssets {

const RleFrame MAIN_ICON_FRAMES[] STICKMON_FLASH_DATA = {
    { 0, 1349 },
    { 1349, 1349 },
    { 2698, 1349 },
    { 4047, 1349 },
    { 5396, 1349 },
    { 6745, 1349 },
    { 8094, 1349 },
    { 9443, 1349 },
    { 10792, 1349 },
};

const uint16_t MAIN_ICON_RLE[] STICKMON_FLASH_DATA = {
    0x8055, 0x001E, 0xFFFF, 0xFFFF, 0xFFFF, 0xFFFF, 0xFFFF, 0xFFFF, 0xFFFF, 0xFFFF, 0xFFFF, 0xFFFF,
    0xFFFF, 0xFFFF, 0xFFFF, 0xFFFF, 0xFFFF, 0xFFFF, 0xFFFF, 0xFFFF, 0xFFFF, 0xFFFF, 0xFFFF, 0xFFFF,
    0xFFFF, 0xFFFF, 0xFFFF, 0xFFFF, 0xFFFF, 0xFFFF, 0xFFFF, 0xFFFF, 0x8008, 0x0022, 0xFFFF, 0xFFFF,
    0xFFFF, 0xFFFF, 0xFFFF, 0xFFFF, 0xFFFF, 0xFFFF, 0xFFFF, 0xFFFF, 0xFFFF, 0xFFFF, 0xFFFF, 0xFFFF,
    0xFFFF, 0xFFFF, 0xFFFF, 0xFFFF, 0xFFFF, 0xFFFF, 0xFFFF, 0xFFFF, 0xFFFF, 0xFFFF, 0xFFFF, 0xFFFF,
    0xFFFF, 0xFFFF, 0xFFFF, 0xFFFF, 0xFFFF, 0xFFFF, 0xFFFF, 0xFFFF, 0x8006, 0x0022, 0xFFFF, 0xFFFF,
    0xFFFF, 0xFFFF, 0xFFFF, 0xFFFF, 0xFFFF, 0xFFFF, 0xFFFF, 0xFFFF, 0xFFFF, 0xFFFF, 0xFFFF, 0xFFFF,
    0xFFFF, 0xFFFF, 0xFFFF, 0xFFFF, 0xFFFF, 0xFFFF, 0xFFFF, 0xFFFF, 0xFFFF, 0xFFFF, 0xFFFF, 0xFFFF,
    0xFFFF, 0xFFFF, 0xFFFF, 0xFFFF, 0xFFFF, 0xFFFF, 0xFFFF, 0xFFFF, 0x8005, 0x0024, 0xFFFF, 0xFFFF,
    0xFFFF, 0xFFFF, 0xFFFF, 0xFFFF, 0xFFFF, 0xFFFF, 0xFFFF, 0xFFFF, 0xFFFF, 0xFFFF, 0xFFFF, 0xFFFF,
    0xFFFF, 0xFFFF, 0xFFFF, 0xFFFF, 0xFFFF, 0xFFFF, 0xFFFF, 0xFFFF, 0xFFFF, 0xFFFF, 0xFFFF, 0xFFFF,
    0xFFFF, 0xFFFF, 0xFFFF, 0xFFFF, 0xFFFF, 0xFFFF, 0xFFFF, 0xFFFF, 0xFFFF, 0xFFFF, 0x8004, 0x0024,
    0xFFFF, 0xFFFF, 0xFFFF, 0xFFFF, 0xFFFF, 0xFFFF, 0xFFFF, 0xFFFF, 0xFFFF, 0xFFFF, 0xFFFF, 0xFFFF,
    0xFFFF, 0xFFFF, 0xFFFF, 0xFFFF, 0xFFFF, 0xFFFF, 0xFFFF, 0xFFFF, 0xFFFF, 0xFFFF, 0xFFFF, 0xFFFF,
    0xFFFF, 0xFFFF, 0xFFFF, 0xFFFF, 0xFFFF, 0xFFFF, 0xFFFF, 0xFFFF, 0xFFFF, 0xFFFF, 0xFFFF, 0xFFFF,
    0x8004, 0x0024, 0xFFFF, 0xFFFF, 0xFFFF, 0xFFFF, 0xFFFF, 0xFFFF, 0xFFFF, 0xFFFF, 0xFFFF, 0xFFFF,
    0xFFFF, 0xFFFF, 0xFFFF, 0xFFFF, 0xFFFF, 0xFFFF, 0xFFFF, 0xFFFF, 0xFFFF, 0xFFFF, 0xFFFF, 0xFFFF,
    0xFFFF, 0xFFFF, 0xFFFF, 0xFFFF, 0xFFFF, 0xFFFF, 0xFFFF, 0xFFFF, 0xFFFF, 0xFFFF, 0xFFFF, 0xFFFF,
    0xFFFF, 0xFFFF, 0x8004, 0x0024, 0xFFFF, 0xFFFF, 0xFFFF, 0xFFFF, 0xFFFF, 0xFFFF, 0xFFFF, 0xFFFF,
    0xFFFF, 0xFFFF, 0xFFFF, 0xFFFF, 0xFFFF, 0xFFFF, 0xFFFF, 0xFFFF, 0xFFFF, 0xFFFF, 0xFFFF, 0xFFFF,
    0xFFFF, 0xFFFF, 0xFFFF, 0xFFFF, 0xFFFF, 0xFFFF, 0xFFFF, 0xFFFF, 0xFFFF, 0xFFFF, 0xFFFF, 0xFFFF,
    0xFFFF, 0xFFFF, 0xFFFF, 0xFFFF, 0x8004, 0x0024, 0xFFFF, 0xFFFF, 0xFFFF, 0xFFFF, 0xFFFF, 0xFFFF,
    0xFFFF, 0xFFFF, 0xFFFF, 0xFFFF, 0xFFFF, 0xFFFF, 0xFFFF, 0xFFFF, 0xFFFF, 0xFFFF, 0xFFFF, 0xFFFF,
    0xFFFF, 0xF7BD, 0xF77C, 0xF7BD, 0xFFFF, 0xFFFF, 0xFFFF, 0xF7BD, 0xF77C, 0xFFFF, 0xFFFF, 0xFFFF,
    0xFFFF, 0xFFFF, 0xFFFF, 0xFFFF, 0xFFFF, 0xFFFF, 0x8004, 0x0024, 0xFFFF, 0xFFFF, 0xF7BD, 0xF77C,
    0xFFFF, 0xF77C, 0xF77C, 0xFFFF, 0xFFFF, 0xFFFF, 0xFFFF, 0xFFFF, 0xFFFF, 0xFFFF, 0xFFFF, 0xFFFF,
    0xFFFF, 0xF77C, 0xF77C, 0xFFDE, 0xFFDE, 0xFFFF, 0xFFBD, 0xF7BD, 0xF77C, 0xF77C, 0xFFFF, 0xFFFF,
    0xF7BD, 0xF7BD, 0xFFDE, 0xFFFF, 0xFFFF, 0xFFFF, 0xFFFF, 0xFFFF, 0x8004, 0x0024, 0xFFFF, 0xFFFF,
    0xFFBD, 0xF77C, 0xCF37, 0xCF37, 0xFFDE, 0xFFBD, 0xF77C, 0xFFBD, 0xFFFF, 0xFFFF, 0xFFFF, 0xFFFF,
    0xFFBD, 0xF77C, 0xFFBD, 0xF7BD, 0xCF37, 0xCF37, 0x6DEB, 0x8ECD, 0xCF37, 0xF77C, 0xFFFF, 0xEEED,
    0x8228, 0xEEED, 0xFFF5, 0xF77C, 0xFFFF, 0xF7BD, 0xF77C, 0xFFFF, 0xFFFF, 0xFFFF, 0x8004, 0x0024,
    0xFFFF, 0xFFDE, 0xFFBD, 0xCF37, 0x55CA, 0x6DEB, 0x8ECD, 0xCF37, 0xCF37, 0xF7BD, 0xFFBD, 0xF77C,
    0xFFBD, 0xF77C, 0xF77C, 0xCF37, 0xCF37, 0x868D, 0x6DEB, 0x768D, 0x55CA, 0x3D2B, 0x3D2B, 0x55CA,
    0x8ECD, 0xA5AC, 0x8228, 0x8228, 0x8228, 0x8228, 0xEEED, 0xF792, 0xF77C, 0xF7BD, 0xFFFF, 0xFFFF,
    0x8004, 0x0024, 0xFFFF, 0xFFDE, 0xFFBD, 0xF77C, 0x6DEB, 0x768D, 0x768D, 0x6DEB, 0x6DEB, 0x868D,
    0xCF37, 0xCF37, 0xCF37, 0xCF37, 0x8ECD, 0x6DEB, 0x6DEB, 0x868D, 0x8ECD, 0x8ECD, 0x55CA, 0x55CA,
    0x6DEB, 0x55CA, 0x3D2B, 0x6DEB, 0x8228, 0x8228, 0x8228, 0x8228, 0x8228, 0x8228, 0xF792, 0xF77C,
    0xF7BD, 0xFFFF, 0x8004, 0x0024, 0xFFFF, 0xFFFF, 0xFFDE, 0xF77C, 0x868D, 0x768D, 0x868D, 0x868D,
    0x868D, 0x768D, 0x6DEB, 0x6DEB, 0x6DEB, 0x6DEB, 0x768D, 0x8ECD, 0x8ECD, 0x8ECD, 0x8ECD, 0x8ECD,
    0x6DEB, 0x55CA, 0x55CA, 0x55CA, 0x55CA, 0x6DEB, 0x8228, 0x8228, 0x8228, 0x8228, 0x8228, 0xCF37,
    0xF77C, 0xF77C, 0xFFFF, 0xFFFF, 0x8004, 0x0024, 0xFFFF, 0xFFFF, 0xF7BD, 0xF77C, 0x6DEB, 0x6DEB,
    0x8ECD, 0x868D, 0x868D, 0x868D, 0x8ECD, 0x868D, 0x6DEB, 0x868D, 0x8ECD, 0x8ECD, 0x8ECD, 0x8ECD,
    0x8ECD, 0x8ECD, 0x6DEB, 0x55CA, 0x55CA, 0x55CA, 0x55CA, 0x6DEB, 0x8228, 0x8228, 0x8228, 0x0129,
    0x3D2B, 0xCF37, 0xF77C, 0xF7BD, 0xFFFF, 0xFFFF, 0x8004, 0x0024, 0xFFFF, 0xFFFF, 0xFFBD, 0xF77C,
    0x0B77, 0x0B77, 0x4C30, 0x8ECD, 0x8ECD, 0x868D, 0x868D, 0x868D, 0x6DEB, 0x868D, 0x8ECD, 0x8ECD,
    0x868D, 0x868D, 0x8ECD, 0x8ECD, 0x6DEB, 0x55CA, 0x55CA, 0x55CA, 0x55CA, 0x3D2B, 0x8228, 0x0129,
    0x3D2B, 0x3D2B, 0x55CA, 0xCF37, 0xFFBD, 0xF7BD, 0xFFFF, 0xFFFF, 0x8004, 0x0024, 0xFFFF, 0xFFFF,
    0xFFDE, 0xF77C, 0x4C30, 0x0B77, 0x0B77, 0x4C30, 0x8ECD, 0x868D, 0x868D, 0x868D, 0x6DEB, 0x868D,
    0x768D, 0x868D, 0x8ECD, 0x8ECD, 0x768D, 0x8ECD, 0x6DEB, 0x55CA, 0x55CA, 0x55CA, 0x768D, 0x6DEB,
    0x0129, 0x6DEB, 0xB6EB, 0x6DEB, 0x55CA, 0x8ECD, 0xFFBD, 0xF7BD, 0xFFFF, 0xFFFF, 0x8004, 0x0024,
    0xFFFF, 0xFFFF, 0xFFDE, 0xF77C, 0x4C30, 0x0B77, 0x0B77, 0x0B77, 0x6DEB, 0x8ECD, 0x868D, 0x8ECD,
    0x55CA, 0x6DEB, 0xB6EB, 0xEEED, 0xEEED, 0xEEED, 0xB6EB, 0x868D, 0x55CA, 0x55CA, 0x6DEB, 0x3D2B,
    0xB6EB, 0xEEED, 0x0129, 0xB6EB, 0xEEED, 0xA5AC, 0x3D2B, 0x8ECD, 0xF77C, 0xFFBD, 0xFFFF, 0xFFFF,
    0x8004, 0x0024, 0xFFFF, 0xFFFF, 0xFFDE, 0xF77C, 0x4C30, 0x0B77, 0x0B77, 0x0B77, 0x4C30, 0xB6EB,
    0x8ECD, 0x768D, 0x6DEB, 0xB6EB, 0xEEED, 0xEEED, 0xEEED, 0xEEED, 0xEEED, 0xEEED, 0x6DEB, 0x3D2B,
    0x55CA, 0x3D2B, 0x6DEB, 0xEEED, 0xEEED, 0xEEED, 0xB6EB, 0x6DEB, 0x55CA, 0x8ECD, 0xF77C, 0xFFDE,
    0xFFFF, 0xFFFF, 0x8004, 0x0024, 0xFFFF, 0xFFFF, 0xFFDE, 0xFFBD, 0x4C30, 0x0B77, 0x0B77, 0x0B77,
    0x0B77, 0x6DEB, 0x868D, 0xB6EB, 0xEEED, 0xEEED, 0xB6EB, 0x6DEB, 0x55CA, 0xA5AC, 0xB6EB, 0xEEED,
    0xEEED, 0xB6EB, 0x6DEB, 0x6DEB, 0xB6EB, 0xEEED, 0xEEED, 0x6DEB, 0x3D2B, 0x6DEB, 0x6DEB, 0x8ECD,
    0xF77C, 0xFFBD, 0xFFFF, 0xFFFF, 0x8004, 0x0024, 0xFFFF, 0xFFFF, 0xFFDE, 0xF77C, 0x4C30, 0x0B77,
    0x0B77, 0x0B77, 0x0B77, 0x0B77, 0x0B77, 0x6DEB, 0xB6EB, 0xB6EB, 0x3D2B, 0x55CA, 0x868D, 0x768D,
    0x6DEB, 0xB6EB, 0xEEED, 0xEEED, 0xEEED, 0xEEED, 0xEEED, 0xEEED, 0x55CA, 0x3D2B, 0x768D, 0x868D,
    0x6DEB, 0x8ECD, 0xF77C, 0xFFBD, 0xFFFF, 0xFFFF, 0x8004, 0x0024, 0xFFFF, 0xFFFF, 0xFFDE, 0xFFBD,
    0x4C30, 0x0B77, 0x0B77, 0x0B77, 0x0B77, 0x4C30, 0x6DEB, 0x0B77, 0x0B77, 0x3D2B, 0x768D, 0x8ECD,
    0x868D, 0x868D, 0x768D, 0x768D, 0xA5AC, 0xB6EB, 0xEEED, 0xEEED, 0xB6EB, 0x3D2B, 0x3D2B, 0x8ECD,
    0x868D, 0x868D, 0x6DEB, 0x868D, 0xF77C, 0xFFBD, 0xFFFF, 0xFFFF, 0x8004, 0x0024, 0xFFFF, 0xFFFF,
    0xFFDE, 0xFFBD, 0x4C30, 0x0B77, 0x0B77, 0x0B77, 0xA5AC, 0xEEED, 0xEEED, 0xEEED, 0x0B77, 0x4C30,
    0xB6EB, 0x868D, 0x868D, 0x868D, 0x868D, 0x868D, 0x6DEB, 0x3D2B, 0x3D2B, 0x3D2B, 0x3D2B, 0x3D2B,
    0x868D, 0x868D, 0x768D, 0x868D, 0x6DEB, 0x868D, 0xF77C, 0xF77C, 0xFFDE, 0xFFFF, 0x8004, 0x0024,
    0xFFFF, 0xFFFF, 0xFFDE, 0xFFBD, 0x4C30, 0x0B77, 0xA5AC, 0xB6EB, 0xEEED, 0xEEED, 0xB6EB, 0x4C30,
    0x0B77, 0x0B77, 0x768D, 0xB6EB, 0x868D, 0x868D, 0x868D, 0x868D, 0x868D, 0x3D2B, 0x3D2B, 0x3D2B,
    0x3D2B, 0x55CA, 0x6DEB, 0x868D, 0x868D, 0x868D, 0x768D, 0x768D, 0xF77C, 0xF77C, 0xFFDE, 0xFFFF,
    0x8004, 0x0024, 0xFFFF, 0xFFFF, 0xFFDE, 0xFFDE, 0xF792, 0xB6EB, 0xEEED, 0xEEED, 0xB6EB, 0x6DEB,
    0x0B77, 0x0B77, 0x0B77, 0x0B77, 0x0B77, 0x6DEB, 0xB6EB, 0x8ECD, 0x768D, 0x868D, 0x868D, 0x3D2B,
    0x3D2B, 0x55CA, 0x55CA, 0x3D2B, 0x6DEB, 0x868D, 0x868D, 0x868D, 0x768D, 0x768D, 0xF77C, 0xF77C,
    0xFFDE, 0xFFFF, 0x8004, 0x0024, 0xFFFF, 0xFFFF, 0xFFDE, 0xF7BD, 0xF792, 0xEEED, 0xB6EB, 0x6DEB,
    0x0B77, 0x0B77, 0x0B77, 0x0B77, 0x0B77, 0x0B77, 0x0B77, 0x0B77, 0x4C30, 0x6DEB, 0x8ECD, 0x8ECD,
    0x768D, 0x3D2B, 0x3D2B, 0x55CA, 0x3D2B, 0x3D2B, 0x6DEB, 0x868D, 0x868D, 0x868D, 0x868D, 0x6DEB,
    0xCF37, 0xF77C, 0xFFDE, 0xFFFF, 0x8004, 0x0024, 0xFFFF, 0xFFFF, 0xF7BD, 0xF77C, 0xCF37, 0x4C30,
    0x0B77, 0x0B77, 0x0B77, 0x0B77, 0x0B77, 0x0B77, 0x0B77, 0x0B77, 0x0B77, 0x0B77, 0x0B77, 0x0B77,
    0x3D2B, 0x768D, 0x8ECD, 0x55CA, 0x3D2B, 0x3D2B, 0x3D2B, 0x3D2B, 0x6DEB, 0x868D, 0x868D, 0x768D,
    0x6DEB, 0x55CA, 0xCF37, 0xF77C, 0xFFDE, 0xFFFF, 0x8004, 0x0024, 0xFFFF, 0xFFFF, 0xF7BD, 0xF77C,
    0xF77C, 0x0B77, 0x0B77, 0x0B77, 0x0B77, 0x0B77, 0x0B77, 0x0B77, 0x0B77, 0x0B77, 0x0B77, 0x0B77,
    0x0B77, 0x0B77, 0x4C30, 0xCF37, 0xF77C, 0xF77C, 0xF77C, 0x8ECD, 0x3D2B, 0x3D2B, 0x55CA, 0x6DEB,
    0x6DEB, 0x868D, 0x8ECD, 0xF77C, 0xF77C, 0xF77C, 0xFFFF, 0xFFFF, 0x8004, 0x0024, 0xFFFF, 0xFFFF,
    0xFFFF, 0xF77C, 0xF77C, 0xFFBD, 0xFFBD, 0xCF37, 0x4C30, 0x0B77, 0x0B77, 0x0B77, 0x0B77, 0x0B77,
    0x0B77, 0x4C30, 0xCF37, 0xF77C, 0xFFBD, 0xF77C, 0xF77C, 0xF77C, 0xF77C, 0xFFDE, 0xFFBD, 0xCF37,
    0x868D, 0x8ECD, 0xCF37, 0xFFBD, 0xFFBD, 0xF77C, 0xF77C, 0xFFFF, 0xFFFF, 0xFFFF, 0x8004, 0x0024,
    0xFFFF, 0xFFFF, 0xFFFF, 0xFFFF, 0xFFFF, 0xF77C, 0xF77C, 0xFFBD, 0xFFBD, 0xFFBD, 0xF77C, 0xCF37,
    0x4C30, 0x4C30, 0xF77C, 0xFFBD, 0xFFBD, 0xF77C, 0xF77C, 0xFFFF, 0xFFFF, 0xFFFF, 0xFFFF, 0xF77C,
    0xF77C, 0xFFBD, 0xFFBD, 0xFFBD, 0xF77C, 0xCF37, 0xF77C, 0xFFFF, 0xFFFF, 0xFFFF, 0xFFFF, 0xFFFF,
    0x8004, 0x0024, 0xFFFF, 0xFFFF, 0xFFFF, 0xFFFF, 0xFFFF, 0xFFFF, 0xFFFF, 0xFFFF, 0xF77C, 0xF77C,
    0xF77C, 0xFFBD, 0xFFBD, 0xFFBD, 0xF77C, 0xF77C, 0xF7BD, 0xFFFF, 0xFFFF, 0xFFFF, 0xFFFF, 0xFFFF,
    0xFFFF, 0xFFFF, 0xFFFF, 0xFFFF, 0xF77C, 0xF77C, 0xFFFF, 0xFFFF, 0xFFFF, 0xFFFF, 0xFFFF, 0xFFFF,
    0xFFFF, 0xFFFF, 0x8004, 0x0024, 0xFFFF, 0xFFFF, 0xFFFF, 0xFFFF, 0xFFFF, 0xFFFF, 0xFFFF, 0xFFFF,
    0xFFFF, 0xFFFF, 0xFFFF, 0xF7BD, 0xF77C, 0xF77C, 0xFFDE, 0xFFFF, 0xFFFF, 0xFFFF, 0xFFFF, 0xFFFF,
    0xFFFF, 0xFFFF, 0xFFFF, 0xFFFF, 0xFFFF, 0xFFFF, 0xFFFF, 0xFFFF, 0xFFFF, 0xFFFF, 0xFFFF, 0xFFFF,
    0xFFFF, 0xFFFF, 0xFFFF, 0xFFFF, 0x8004, 0x0024, 0xFFFF, 0xFFFF, 0xFFFF, 0xFFFF, 0xFFFF, 0xFFFF,
    0xFFFF, 0xFFFF, 0xFFFF, 0xFFFF, 0xFFFF, 0xFFFF, 0xFFFF, 0xFFFF, 0xFFFF, 0xFFFF, 0xFFFF, 0xFFFF,
    0xFFFF, 0xFFFF, 0xFFFF, 0xFFFF, 0xFFFF, 0xFFFF, 0xFFFF, 0xFFFF, 0xFFFF, 0xFFFF, 0xFFFF, 0xFFFF,
    0xFFFF, 0xFFFF, 0xFFFF, 0xFFFF, 0xFFFF, 0xFFFF, 0x8004, 0x0024, 0xFFFF, 0xFFFF, 0xFFFF, 0xFFFF,
    0xFFFF, 0xFFFF, 0xFFFF, 0xFFFF, 0xFFFF, 0xFFFF, 0xFFFF, 0xFFFF, 0xFFFF, 0xFFFF, 0xFFFF, 0xFFFF,
    0xFFFF, 0xFFFF, 0xFFFF, 0xFFFF, 0xFFFF, 0xFFFF, 0xFFFF, 0xFFFF, 0xFFFF, 0xFFFF, 0xFFFF, 0xFFFF,
    0xFFFF, 0xFFFF, 0xFFFF, 0xFFFF, 0xFFFF, 0xFFFF, 0xFFFF, 0xFFFF, 0x8005, 0x0022, 0xFFFF, 0xFFFF,
    0xFFFF, 0xFFFF, 0xFFFF, 0xFFFF, 0xFFFF, 0xFFFF, 0xFFFF, 0xFFFF, 0xFFFF, 0xFFFF, 0xFFFF, 0xFFFF,
    0xFFFF, 0xFFFF, 0xFFFF, 0xFFFF, 0xFFFF, 0xFFFF, 0xFFFF, 0xFFFF, 0xFFFF, 0xFFFF, 0xFFFF, 0xFFFF,
    0xFFFF, 0xFFFF, 0xFFFF, 0xFFFF, 0xFFFF, 0xFFFF, 0xFFFF, 0xFFFF, 0x8006, 0x0022, 0xFFFF, 0xFFFF,
    0xFFFF, 0xFFFF, 0xFFFF, 0xFFFF, 0xFFFF, 0xFFFF, 0xFFFF, 0xFFFF, 0xFFFF, 0xFFFF, 0xFFFF, 0xFFFF,
    0xFFFF, 0xFFFF, 0xFFFF, 0xFFFF, 0xFFFF, 0xFFFF, 0xFFFF, 0xFFFF, 0xFFFF, 0xFFFF, 0xFFFF, 0xFFFF,
    0xFFFF, 0xFFFF, 0xFFFF, 0xFFFF, 0xFFFF, 0xFFFF, 0xFFFF, 0xFFFF, 0x8008, 0x001E, 0xFFFF, 0xFFFF,
    0xFFFF, 0xFFFF, 0xFFFF, 0xFFFF, 0xFFFF, 0xFFFF, 0xFFFF, 0xFFFF, 0xFFFF, 0xFFFF, 0xFFFF, 0xFFFF,
    0xFFFF, 0xFFFF, 0xFFFF, 0xFFFF, 0xFFFF, 0xFFFF, 0xFFFF, 0xFFFF, 0xFFFF, 0xFFFF, 0xFFFF, 0xFFFF,
    0xFFFF, 0xFFFF, 0xFFFF, 0xFFFF, 0x8055, 0x8055, 0x001E, 0xFFFF, 0xFFFF, 0xFFFF, 0xFFFF, 0xFFFF,
    0xFFFF, 0xFFFF, 0xFFFF, 0xFFFF, 0xFFFF, 0xFFFF, 0xFFFF, 0xFFFF, 0xFFFF, 0xFFFF, 0xFFFF, 0xFFFF,
    0xFFFF, 0xFFFF, 0xFFFF, 0xFFFF, 0xFFFF, 0xFFFF, 0xFFFF, 0xFFFF, 0xFFFF, 0xFFFF, 0xFFFF, 0xFFFF,
    0xFFFF, 0x8008, 0x0022, 0xFFFF, 0xFFFF, 0xFFFF, 0xFFFF, 0xFFFF, 0xFFFF, 0xFFFF, 0xFFFF, 0xFFFF,
    0xFFFF, 0xFFFF, 0xFFFF, 0xFFFF, 0xFFFF, 0xFFFF, 0xFFFF, 0xFFFF, 0xFFFF, 0xFFFF, 0xFFFF, 0xFFFF,
    0xFFFF, 0xFFFF, 0xFFFF, 0xFFFF, 0xFFFF, 0xFFFF, 0xFFFF, 0xFFFF, 0xFFFF, 0xFFFF, 0xFFFF, 0xFFFF,
    0xFFFF, 0x8006, 0x0022, 0xFFFF, 0xFFFF, 0xFFFF, 0xFFFF, 0xFFFF, 0xFFFF, 0xFFFF, 0xFFFF, 0xFFFF,
    0xFFFF, 0xFFFF, 0xFFFF, 0xFFFF, 0xFFFF, 0xFFFF, 0xFFFF, 0xFFFF, 0xFFFF, 0xFFFF, 0xFFFF, 0xFFFF,
    0xFFFF, 0xFFFF, 0xFFFF, 0xFFFF, 0xFFFF, 0xFFFF, 0xFFFF, 0xFFFF, 0xFFFF, 0xFFFF, 0xFFFF, 0xFFFF,
    0xFFFF, 0x8005, 0x0024, 0xFFFF, 0xFFFF, 0xFFFF, 0xFFFF, 0xFFFF, 0xFFFF, 0xFFFF, 0xFFFF, 0xFFFF,
    0xFFFF, 0xFFFF, 0xFFFF, 0xFFFF, 0xFFFF, 0xFFFF, 0xFFFF, 0xFFFF, 0xFFFF, 0xFFDE, 0xFFDE, 0xFFFF,
    0xFFFF, 0xFFFF, 0xFFFF, 0xFFFF, 0xFFFF, 0xFFFF, 0xFFFF, 0xFFFF, 0xFFFF, 0xFFFF, 0xFFFF, 0xFFFF,
    0xFFFF, 0xFFFF, 0xFFFF, 0x8004, 0x0024, 0xFFFF, 0xFFFF, 0xFFFF, 0xFFFF, 0xFFFF, 0xFFFF, 0xFFFF,
    0xFFFF, 0xFFFF, 0xFFFF, 0xFFFF, 0xFFFF, 0xFFFF, 0xFFFF, 0xFFFF, 0xFFFF, 0xEF7C, 0xFFFF, 0xFFFF,
    0xFFFF, 0xFFBD, 0xFFFF, 0xFFFF, 0xFFFF, 0xFFFF, 0xFFFF, 0xFFFF, 0xFFDE, 0xFFFF, 0xFFFF, 0xFFFF,
    0xFFFF, 0xFFFF, 0xFFFF, 0xFFFF, 0xFFFF, 0x8004, 0x0024, 0xFFFF, 0xFFFF, 0xFFFF, 0xFFFF, 0xFFFF,
    0xFFFF, 0xFFFF, 0xFFFF, 0xFFFF, 0xFFFF, 0xFFFF, 0xFFFF, 0xFFFF, 0xFFFF, 0xFFDE, 0xEF7C, 0xFFFF,
    0xEF7C, 0x9EEE, 0xCF36, 0xFFDC, 0xFFBD, 0xFFFF, 0xFFFF, 0xFFFF, 0xFFDE, 0xEF7C, 0xFFFD, 0xFFFD,
    0xFFBD, 0xFFFF, 0xFFFF, 0xFFFF, 0xFFFF, 0xFFFF, 0xFFFF, 0x8004, 0x0024, 0xFFFF, 0xFFFF, 0xFFFF,
    0xFFFF, 0xFFFF, 0xFFFF, 0xFFFF, 0xFFFF, 0xFFDE, 0xFFDE, 0xFFFF, 0xFFFF, 0xFFFF, 0xFFBD, 0xFFBD,
    0xFFFD, 0x9EEE, 0x3D28, 0x3D28, 0x3D28, 0xCF36, 0xFFDE, 0xEF7C, 0xFFFF, 0xEF7C, 0xFFFD, 0xFFDC,
    0x7D51, 0xCF36, 0xFFDC, 0xFFBD, 0xFFFF, 0xFFFF, 0xFFFF, 0xFFFF, 0xFFFF, 0x8004, 0x0024, 0xFFFF,
    0xFFFF, 0xFFFF, 0xFFFF, 0xFFFF, 0xFFFF, 0xFFFF, 0xEF7C, 0xFFFD, 0xFFFF, 0xFFBD, 0xFFFF, 0xFFDE,
    0xFFDE, 0xEF7C, 0x8E4E, 0x3D28, 0x3D28, 0x3D28, 0x3D28, 0x7D51, 0xFFFF, 0xFFDC, 0xFFDC, 0xFFFD,
    0xCF36, 0x2394, 0x0A31, 0x0A31, 0xEF7C, 0xFFDC, 0xFFFF, 0xFFFF, 0xFFFF, 0xFFFF, 0xFFFF, 0x8004,
    0x0024, 0xFFFF, 0xFFFF, 0xFFFF, 0xFFFF, 0xFFFF, 0xFFFF, 0xFFBD, 0xFFFD, 0x8E4E, 0x8E4E, 0xFFFD,
    0xEF7C, 0xFFBD, 0xEF7C, 0x3D28, 0x3D28, 0x3D28, 0x3D28, 0x3D28, 0x8EAD, 0x7D51, 0x0A31, 0x7D51,
    0xFFDC, 0x7D51, 0x0A31, 0x0A31, 0x0A31, 0x0A31, 0xCF36, 0xFFFD, 0xFFDE, 0xFFFF, 0xFFFF, 0xFFFF,
    0xFFFF, 0x8004, 0x0024, 0xFFFF, 0xFFFF, 0xFFFF, 0xFFFF, 0xFFFF, 0xFFBD, 0xFFFF, 0x8E4E, 0x3D28,
    0x3D28, 0x8E4E, 0xFFFF, 0xEF7C, 0x3D28, 0x3D28, 0x3D28, 0x2C4C, 0x8E4E, 0xA74F, 0xA74F, 0x96CE,
    0x0A31, 0x0A31, 0x2394, 0x0A31, 0x0A31, 0x0A31, 0x0A31, 0x0A31, 0xCF36, 0xFFFD, 0xFFDF, 0xFFFF,
    0xFFFF, 0xFFFF, 0xFFFF, 0x8004, 0x0024, 0xFFFF, 0xFFFF, 0xFFFF, 0xFFFF, 0xFFFF, 0xFFDE, 0xCF36,
    0x3D28, 0x3D28, 0x3D28, 0x3D28, 0xA74F, 0x9EEE, 0x3D28, 0x3D28, 0x3D28, 0x8E4E, 0xA74F, 0xA74F,
    0xA74F, 0xA74F, 0x2394, 0x0B35, 0x0B35, 0x0B35, 0x0B35, 0x0B35, 0x0A31, 0x2394, 0xFFBD, 0xFFBD,
    0xFFFF, 0xFFFF, 0xFFFF, 0xFFFF, 0xFFFF, 0x8004, 0x0024, 0xFFFF, 0xFFFF, 0xFFFF, 0xFFFF, 0xEF7C,
    0xFFFF, 0x9EEE, 0x3D28, 0x3D28, 0x3D28, 0x8EAD, 0x8EAD, 0x8EAD, 0xA74F, 0x9EEE, 0x96CE, 0xA74F,
    0xA74F, 0x9EEE, 0xA74F, 0xA74F, 0x0A31, 0x0B35, 0x2394, 0x0B35, 0x0B35, 0x2394, 0x0B35, 0x2394,
    0xFFFD, 0xEF7C, 0xFFDE, 0xFFFF, 0xFFFF, 0xFFFF, 0xFFFF, 0x8004, 0x0024, 0xFFFF, 0xFFFF, 0xFFFF,
    0xFFFF, 0xFFFD, 0xFFFD, 0x3D28, 0x2C4C, 0x8E4E, 0x9EEE, 0xA74F, 0x9EEE, 0x9EEE, 0x96CE, 0xA74F,
    0xA74F, 0x9EEE, 0x9EEE, 0xA74F, 0xA74F, 0x8E4E, 0x0A31, 0x0B35, 0x2394, 0x0B35, 0x0B35, 0x0B35,
    0x0B35, 0x0B35, 0x7D51, 0xFFDC, 0xEF7C, 0xFFFF, 0xFFFF, 0xFFFF, 0xFFFF, 0x8004, 0x0024, 0xFFFF,
    0xFFFF, 0xFFFF, 0xFFFF, 0xFFFD, 0xFFDC, 0x7D51, 0x8EAD, 0xA74F, 0x96CE, 0x8EAD, 0x96CE, 0x9EEE,
    0x9EEE, 0x9EEE, 0x9EEE, 0x9EEE, 0x9EEE, 0xA74F, 0xA74F, 0x3D28, 0x0A31, 0x0B35, 0x2394, 0x0B35,
    0x0B35, 0x0B35, 0x2394, 0x0B35, 0x0A31, 0xCF36, 0xFFFD, 0xFFDE, 0xFFFF, 0xFFFF, 0xFFFF, 0x8004,
    0x0024, 0xFFFF, 0xFFFF, 0xFFFF, 0xFFFF, 0xFFDE, 0xEF7C, 0x8EAD, 0x8EAD, 0x8EAD, 0x8EAD, 0x96CE,
    0x96CE, 0x9EEE, 0x9EEE, 0x9EEE, 0x9EEE, 0x9EEE, 0x9EEE, 0x9EEE, 0xA74F, 0xA74F, 0x2394, 0x0B35,
    0x2394, 0x2394, 0x0B35, 0x0B35, 0x0B35, 0x2394, 0x0B35, 0x0B35, 0xCF36, 0xFFFD, 0xFFDE, 0xFFFF,
    0xFFFF, 0x8004, 0x0024, 0xFFFF, 0xFFFF, 0xFFFF, 0xFFDE, 0xFFFD, 0xCF36, 0x8EAD, 0x8EAD, 0x8EAD,
    0x8EAD, 0x96CE, 0x96CE, 0x9EEE, 0x9EEE, 0x9EEE, 0xA74F, 0xA74F, 0x9EEE, 0x9EEE, 0x96CE, 0xA74F,
    0x9EEE, 0x0B35, 0x0B35, 0x0B35, 0x0B35, 0x2394, 0x0A31, 0x0086, 0x0B35, 0x0B35, 0x7D51, 0xFFDC,
    0xFFBD, 0xFFFF, 0xFFFF, 0x8004, 0x0024, 0xFFFF, 0xFFFF, 0xFFFF, 0xFFFF, 0xEF7C, 0x8EAD, 0x8EAD,
    0x9EEE, 0x9EEE, 0x8EAD, 0x96CE, 0x96CE, 0x9EEE, 0x96CE, 0x9EEE, 0x9EEE, 0x96CE, 0xA74F, 0x96CE,
    0x96CE, 0xA74F, 0xA74F, 0x2394, 0x0B35, 0x2394, 0x0B35, 0x0B35, 0x0A31, 0x0086, 0x0B35, 0x0B35,
    0x7D51, 0xFFDC, 0xFFFD, 0xFFFF, 0xFFFF, 0x8004, 0x0024, 0xFFFF, 0xFFFF, 0xFFDE, 0xFFFD, 0xCF36,
    0x8EAD, 0x8E4E, 0x2C4C, 0x8E4E, 0x9EEE, 0x96CE, 0x96CE, 0x96CE, 0x9EEE, 0xA74F, 0x3D28, 0x0086,
    0x8E4E, 0xA74F, 0xEF7C, 0xFFDE, 0xA74F, 0x8E4E, 0xEF7C, 0xFFBD, 0x2394, 0x0B35, 0x0A31, 0x0A31,
    0x0B35, 0x0B35, 0x2394, 0xEF7C, 0xFFFF, 0xFFFF, 0xFFFF, 0x8004, 0x0024, 0xFFFF, 0xFFFF, 0xFFDE,
    0xFFFD, 0xCF36, 0x8EAD, 0x3D28, 0x0086, 0x2C4C, 0xA74F, 0x96CE, 0x96CE, 0x96CE, 0xA74F, 0x9EEE,
    0x2C4C, 0x0086, 0x3D28, 0xA74F, 0xFFFD, 0xFFFD, 0xFFFD, 0xFFFD, 0xFFDC, 0xFFFF, 0x7D51, 0x0A31,
    0x0B35, 0x0B35, 0x0B35, 0x0B35, 0x2394, 0xEF7C, 0xFFFF, 0xFFFF, 0xFFFF, 0x8004, 0x0024, 0xFFFF,
    0xFFFF, 0xFFDE, 0xFFDC, 0xA74F, 0x8EAD, 0x8E4E, 0x0086, 0x3D28, 0xA74F, 0xA74F, 0xA74F, 0xA74F,
    0xA74F, 0xA74F, 0x2C4C, 0x0086, 0x8E4E, 0x8EAD, 0xCF36, 0xFFFF, 0xFFDC, 0xFFDC, 0xFFDC, 0xFFFF,
    0x2394, 0x0A31, 0x0B35, 0x0B35, 0x0B35, 0x0A31, 0x7D51, 0xFFDC, 0xFFFD, 0xFFFF, 0xFFFF, 0x8004,
    0x0024, 0xFFFF, 0xFFFF, 0xFFDE, 0xFFDC, 0xCF36, 0x8EAD, 0x8EAD, 0x8E4E, 0x96CE, 0x8E4E, 0x3D28,
    0x8E4E, 0x8E4E, 0x3D28, 0x8EAD, 0xA74F, 0x8E4E, 0xA74F, 0x8EAD, 0x7D51, 0xFFBD, 0xFFFF, 0xFFDC,
    0xFFFF, 0x7D51, 0x0A31, 0x0B35, 0x0B35, 0x0B35, 0x0B35, 0x0A31, 0xCF36, 0xFFDC, 0xFFDE, 0xFFFF,
    0xFFFF, 0x8004, 0x0024, 0xFFFF, 0xFFFF, 0xFFDE, 0xFFFD, 0xCF36, 0x3D28, 0x8EAD, 0xA74F, 0x96CE,
    0x8EAD, 0x3D28, 0x2C4C, 0x2C4C, 0x3D28, 0x96CE, 0xA74F, 0xA74F, 0x9EEE, 0xA74F, 0x8EAD, 0x7D51,
    0xEF7C, 0xFFDF, 0xCF36, 0x0086, 0x0A31, 0x0B35, 0x0B35, 0x0B35, 0x0A31, 0xCF36, 0xFFDC, 0xEF7C,
    0xFFFF, 0xFFFF, 0xFFFF, 0x8004, 0x0024, 0xFFFF, 0xFFFF, 0xFFFF, 0xFFBD, 0xFFBD, 0x8E4E, 0x3D28,
    0x9EEE, 0x8EAD, 0x8EAD, 0xA74F, 0x8EAD, 0x8EAD, 0xA74F, 0x9EEE, 0x8EAD, 0x96CE, 0x96CE, 0x96CE,
    0x9EEE, 0x3D28, 0x3D28, 0x7D51, 0x0086, 0x0A31, 0x0B35, 0x0B35, 0x0B35, 0x2394, 0xCF36, 0xFFDC,
    0xEF7C, 0xFFDE, 0xFFFF, 0xFFFF, 0xFFFF, 0x8004, 0x0024, 0xFFFF, 0xFFFF, 0xFFFF, 0xFFDE, 0xFFDC,
    0xEF7C, 0x3D28, 0x3D28, 0x9EEE, 0x9EEE, 0x8EAD, 0x9EEE, 0xA74F, 0x96CE, 0x8EAD, 0x96CE, 0x96CE,
    0x96CE, 0x96CE, 0x8EAD, 0xA74F, 0x8EAD, 0x2C4C, 0x0086, 0x0B35, 0x0B35, 0x0B35, 0x0A31, 0x7D51,
    0xFFFD, 0xEF7C, 0xFFDE, 0xFFFF, 0xFFFF, 0xFFFF, 0xFFFF, 0x8004, 0x0024, 0xFFFF, 0xFFFF, 0xFFFF,
    0xFFFF, 0xFFBD, 0xFFBD, 0xEF7C, 0x7D51, 0x3D28, 0x8EAD, 0x96CE, 0x9EEE, 0x96CE, 0x8EAD, 0x96CE,
    0x96CE, 0x96CE, 0x96CE, 0x8EAD, 0x9EEE, 0x9EEE, 0x3D28, 0x3D28, 0x2C4C, 0x0A31, 0x0B35, 0x0B35,
    0x0B35, 0x2394, 0xEF7C, 0xFFDC, 0xFFFF, 0xFFFF, 0xFFFF, 0xFFFF, 0xFFFF, 0x8004, 0x0024, 0xFFFF,
    0xFFFF, 0xFFFF, 0xFFFF, 0xFFFF, 0xFFBD, 0xFFFD, 0xFFDE, 0x3D28, 0x3D28, 0x3D28, 0x3D28, 0x3D28,
    0x8EAD, 0x96CE, 0x8EAD, 0x8EAD, 0x8EAD, 0xA74F, 0x9EEE, 0x3D28, 0x2C4C, 0x3D28, 0x2C4C, 0x0A31,
    0x0B35, 0x0B35, 0x0B35, 0x0A31, 0x7D51, 0xFFFD, 0xFFBD, 0xFFFF, 0xFFFF, 0xFFFF, 0xFFFF, 0x8004,
    0x0024, 0xFFFF, 0xFFFF, 0xFFFF, 0xFFFF, 0xFFFF, 0xFFFF, 0xEF7C, 0xFFFD, 0x3D28, 0x3D28, 0x3D28,
    0x3D28, 0x3D28, 0x8EAD, 0x8EAD, 0x8EAD, 0x8EAD, 0x9EEE, 0x8EAD, 0x3D28, 0x2C4C, 0x2C4C, 0x2C4C,
    0x3D28, 0x0086, 0x0A31, 0x0A31, 0x0A31, 0x0A31, 0x7D51, 0xFFBD, 0xEF7C, 0xFFFF, 0xFFFF, 0xFFFF,
    0xFFFF, 0x8004, 0x0024, 0xFFFF, 0xFFFF, 0xFFFF, 0xFFFF, 0xFFFF, 0xFFFF, 0xEF7C, 0xEF7C, 0xEF7C,
    0xCF36, 0x9EEE, 0x96CE, 0x8E4E, 0x8E4E, 0x8EAD, 0x8EAD, 0x8E4E, 0x3D28, 0x2C4C, 0x2C4C, 0x3D28,
    0x3D28, 0x3D28, 0x7D51, 0x7D51, 0x7D51, 0xCF36, 0xCF36, 0xEF7C, 0xEF7C, 0xEF7C, 0xFFDE, 0xFFFF,
    0xFFFF, 0xFFFF, 0xFFFF, 0x8004, 0x0024, 0xFFFF, 0xFFFF, 0xFFFF, 0xFFFF, 0xFFFF, 0xFFFF, 0xFFFF,
    0xEF7C, 0xEF7C, 0xFFBD, 0xFFBD, 0xFFDC, 0xFFFD, 0xEF7C, 0xEF7C, 0xEF7C, 0xEF7C, 0xCF36, 0xEF7C,
    0xEF7C, 0xFFDC, 0xFFDC, 0xFFFD, 0xFFFD, 0xFFFD, 0xFFDC, 0xFFDC, 0xFFDC, 0xFFDC, 0xEF7C, 0xFFDE,
    0xFFFF, 0xFFFF, 0xFFFF, 0xFFFF, 0xFFFF, 0x8004, 0x0024, 0xFFFF, 0xFFFF, 0xFFFF, 0xFFFF, 0xFFFF,
    0xFFFF, 0xFFFF, 0xFFFF, 0xFFFF, 0xFFDE, 0xEF7C, 0xEF7C, 0xEF7C, 0xEF7C, 0xFFBD, 0xFFDC, 0xFFDC,
    0xFFDC, 0xFFDC, 0xFFDC, 0xEF7C, 0xEF7C, 0xEF7C, 0xEF7C, 0xEF7C, 0xEF7C, 0xEF7C, 0xFFFF, 0xFFFF,
    0xFFFF, 0xFFFF, 0xFFFF, 0xFFFF, 0xFFFF, 0xFFFF, 0xFFFF, 0x8004, 0x0024, 0xFFFF, 0xFFFF, 0xFFFF,
    0xFFFF, 0xFFFF, 0xFFFF, 0xFFFF, 0xFFFF, 0xFFFF, 0xFFFF, 0xFFFF, 0xFFFF, 0xFFFF, 0xFFFF, 0xFFFF,
    0xFFFF, 0xFFFF, 0xFFFF, 0xFFFF, 0xFFFF, 0xFFFF, 0xFFFF, 0xFFFF, 0xFFFF, 0xFFFF, 0xFFFF, 0xFFFF,
    0xFFFF, 0xFFFF, 0xFFFF, 0xFFFF, 0xFFFF, 0xFFFF, 0xFFFF, 0xFFFF, 0xFFFF, 0x8004, 0x0024, 0xFFFF,
    0xFFFF, 0xFFFF, 0xFFFF, 0xFFFF, 0xFFFF, 0xFFFF, 0xFFFF, 0xFFFF, 0xFFFF, 0xFFFF, 0xFFFF, 0xFFFF,
    0xFFFF, 0xFFFF, 0xFFFF, 0xFFFF, 0xFFFF, 0xFFFF, 0xFFFF, 0xFFFF, 0xFFFF, 0xFFFF, 0xFFFF, 0xFFFF,
    0xFFFF, 0xFFFF, 0xFFFF, 0xFFFF, 0xFFFF, 0xFFFF, 0xFFFF, 0xFFFF, 0xFFFF, 0xFFFF, 0xFFFF, 0x8004,
    0x0024, 0xFFFF, 0xFFFF, 0xFFFF, 0xFFFF, 0xFFFF, 0xFFFF, 0xFFFF, 0xFFFF, 0xFFFF, 0xFFFF, 0xFFFF,
    0xFFFF, 0xFFFF, 0xFFFF, 0xFFFF, 0xFFFF, 0xFFFF, 0xFFFF, 0xFFFF, 0xFFFF, 0xFFFF, 0xFFFF, 0xFFFF,
    0xFFFF, 0xFFFF, 0xFFFF, 0xFFFF, 0xFFFF, 0xFFFF, 0xFFFF, 0xFFFF, 0xFFFF, 0xFFFF, 0xFFFF, 0xFFFF,
    0xFFFF, 0x8005, 0x0022, 0xFFFF, 0xFFFF, 0xFFFF, 0xFFFF, 0xFFFF, 0xFFFF, 0xFFFF, 0xFFFF, 0xFFFF,
    0xFFFF, 0xFFFF, 0xFFFF, 0xFFFF, 0xFFFF, 0xFFFF, 0xFFFF, 0xFFFF, 0xFFFF, 0xFFFF, 0xFFFF, 0xFFFF,
    0xFFFF, 0xFFFF, 0xFFFF, 0xFFFF, 0xFFFF, 0xFFFF, 0xFFFF, 0xFFFF, 0xFFFF, 0xFFFF, 0xFFFF, 0xFFFF,
    0xFFFF, 0x8006, 0x0022, 0xFFFF, 0xFFFF, 0xFFFF, 0xFFFF, 0xFFFF, 0xFFFF, 0xFFFF, 0xFFFF, 0xFFFF,
    0xFFFF, 0xFFFF, 0xFFFF, 0xFFFF, 0xFFFF, 0xFFFF, 0xFFFF, 0xFFFF, 0xFFFF, 0xFFFF, 0xFFFF, 0xFFFF,
    0xFFFF, 0xFFFF, 0xFFFF, 0xFFFF, 0xFFFF, 0xFFFF, 0xFFFF, 0xFFFF, 0xFFFF, 0xFFFF, 0xFFFF, 0xFFFF,
    0xFFFF, 0x8008, 0x001E, 0xFFFF, 0xFFFF, 0xFFFF, 0xFFFF, 0xFFFF, 0xFFFF, 0xFFFF, 0xFFFF, 0xFFFF,
    0xFFFF, 0xFFFF, 0xFFFF, 0xFFFF, 0xFFFF, 0xFFFF, 0xFFFF, 0xFFFF, 0xFFFF, 0xFFFF, 0xFFFF, 0xFFFF,
    0xFFFF, 0xFFFF, 0xFFFF, 0xFFFF, 0xFFFF, 0xFFFF, 0xFFFF, 0xFFFF, 0xFFFF, 0x8055, 0x8055, 0x001E,
    0xFFFF, 0xFFFF, 0xFFFF, 0xFFFF, 0xFFFF, 0xFFFF, 0xFFFF, 0xFFFF, 0xFFFF, 0xFFFF, 0xFFFF, 0xFFFF,
    0xFFFF, 0xFFFF, 0xFFFF, 0xFFFF, 0xFFFF, 0xFFFF, 0xFFFF, 0xFFFF, 0xFFFF, 0xFFFF, 0xFFFF, 0xFFFF,
    0xFFFF, 0xFFFF, 0xFFFF, 0xFFFF, 0xFFFF, 0xFFFF, 0x8008, 0x0022, 0xFFFF, 0xFFFF, 0xFFFF, 0xFFFF,
    0xFFFF, 0xFFFF, 0xFFFF, 0xFFFF, 0xFFFF, 0xFFFF, 0xFFFF, 0xFFFF, 0xFFFF, 0xFFFF, 0xFFFF, 0xFFFF,
    0xFFFF, 0xFFFF, 0xFFFF, 0xFFFF, 0xFFFF, 0xFFFF, 0xFFFF, 0xFFFF, 0xFFFF, 0xFFFF, 0xFFFF, 0xFFFF,
    0xFFFF, 0xFFFF, 0xFFFF, 0xFFFF, 0xFFFF, 0xFFFF, 0x8006, 0x0022, 0xFFFF, 0xFFFF, 0xFFFF, 0xFFFF,
    0xFFFF, 0xFFFF, 0xFFFF, 0xFFFF, 0xFFFF, 0xFFFF, 0xFFFF, 0xFFFF, 0xFFFF, 0xFFFF, 0xFFFF, 0xFFFF,
    0xFFFF, 0xFFFF, 0xFFFF, 0xFFFF, 0xFFFF, 0xFFFF, 0xFFFF, 0xFFFF, 0xFFFF, 0xFFFF, 0xFFFF, 0xFFFF,
    0xFFFF, 0xFFFF, 0xFFFF, 0xFFFF, 0xFFFF, 0xFFFF, 0x8005, 0x0024, 0xFFFF, 0xFFFF, 0xFFFF, 0xFFFF,
    0xFFFF, 0xFFFF, 0xFFFF, 0xFFFF, 0xFFFF, 0xFFFF, 0xFFFF, 0xFFFF, 0xFFFF, 0xFFFF, 0xFFFF, 0xF7BD,
    0xF7FF, 0xFFFF, 0xFFDE, 0xFFFF, 0xFFFF, 0xFFFF, 0xF7BD, 0xF7BD, 0xF7BD, 0xFFFF, 0xFFFF, 0xFFFF,
    0xFFFF, 0xFFFF, 0xFFFF, 0xFFFF, 0xFFFF, 0xFFFF, 0xFFFF, 0xFFFF, 0x8004, 0x0024, 0xFFFF, 0xFFFF,
    0xFFFF, 0xFFFF, 0xFFFF, 0xFFFF, 0xFFFF, 0xFFFF, 0xFFFF, 0xFFFF, 0xFFFF, 0xFFFF, 0xFFFF, 0xF7BD,
    0xF7BD, 0xF7FF, 0xFF9C, 0xFF9C, 0xF7FF, 0xF7BD, 0xFFDE, 0xF7BD, 0xFFDE, 0xFFFE, 0xF7FF, 0xF7FF,
    0xF7BD, 0xFFDE, 0xFFFF, 0xFFFF, 0xFFFF, 0xFFFF, 0xFFFF, 0xFFFF, 0xFFFF, 0xFFFF, 0x8004, 0x0024,
    0xFFFF, 0xFFFF, 0xFFFF, 0xFFFF, 0xFFFF, 0xFFFF, 0xFFFF, 0xFFFF, 0xFFFF, 0xFFFF, 0xFFFF, 0xFFFF,
    0xE79C, 0xF7FF, 0xFF9C, 0xF5F2, 0xFAA3, 0xFB03, 0xF5F2, 0xF7FF, 0xFFFF, 0xFFDE, 0xA58F, 0xABA2,
    0xF5F2, 0xFF9C, 0xF7FF, 0xFFFF, 0xFF9C, 0xFFFF, 0xFFFF, 0xFFFF, 0xFFFF, 0xFFFF, 0xFFFF, 0xFFFF,
    0x8004, 0x0024, 0xFFFF, 0xFFFF, 0xFFFF, 0xFFFF, 0xFFFF, 0xFFFF, 0xFFFF, 0xFFFF, 0xFFFF, 0xFFFF,
    0xFFDE, 0xE79C, 0xF7FF, 0xFE32, 0xFB03, 0xF201, 0xF201, 0xF201, 0xF201, 0xFB03, 0xFF9C, 0xF5F2,
    0x3040, 0xB201, 0xF201, 0xFAA3, 0xFB03, 0xF5F2, 0xFFDE, 0xF7BD, 0xFFFF, 0xFFFF, 0xFFFF, 0xFFFF,
    0xFFFF, 0xFFFF, 0x8004, 0x0024, 0xFFFF, 0xFFFF, 0xFFFF, 0xFFFF, 0xFFFF, 0xFFFF, 0xFFFF, 0xFFFF,
    0xFFFF, 0xF7BD, 0xF7FF, 0xFFDE, 0xF5F2, 0xF201, 0xF201, 0xFB03, 0xFAA3, 0xFAA3, 0xFAA3, 0xF201,
    0xFB03, 0xB201, 0x3040, 0xB201, 0xFB03, 0xB201, 0xB201, 0xB201, 0xFFFF, 0xFF9C, 0xFFFF, 0xFFFF,
    0xFFFF, 0xFFFF, 0xFFFF, 0xFFFF, 0x8004, 0x0024, 0xFFFF, 0xFFFF, 0xFFFF, 0xFFFF, 0xFFFF, 0xFFFF,
    0xFFFF, 0xFFFF, 0xF7BD, 0xF7FF, 0xFE32, 0xFAA3, 0xF201, 0xFAA3, 0xFB03, 0xFAA3, 0xFAA3, 0xB201,
    0xFAA3, 0xFAA3, 0xF201, 0xFAA3, 0xB201, 0x3040, 0xB201, 0xB201, 0x3040, 0xA58F, 0xFFFF, 0xE79C,
    0xFFFF, 0xFFFF, 0xFFFF, 0xFFFF, 0xFFFF, 0xFFFF, 0x8004, 0x0024, 0xFFFF, 0xFFFF, 0xFFFF, 0xFFFF,
    0xFFFF, 0xFFFF, 0xF7BD, 0xF7FF, 0xFFDE, 0xF5F2, 0xF201, 0xF201, 0xFB03, 0xFAA3, 0xFAA3, 0xFAA3,
    0xFAA3, 0xF201, 0xFAA3, 0xFAA3, 0xFAA3, 0xFAA3, 0xFB03, 0xFAA3, 0xB201, 0x3040, 0x3040, 0xF5F2,
    0xFFFE, 0xFFFF, 0xFFFF, 0xFFFF, 0xFFFF, 0xFFFF, 0xFFFF, 0xFFFF, 0x8004, 0x0024, 0xFFFF, 0xFFFF,
    0xFFFF, 0xFFFF, 0xFFDE, 0xF7BD, 0xF7BD, 0xFE32, 0xFAA3, 0xF201, 0xFAA3, 0xFAA3, 0xFAA3, 0xFAA3,
    0xFAA3, 0xFAA3, 0xFB03, 0xFAA3, 0xFAA3, 0xFAA3, 0xFAA3, 0xFAA3, 0xFAA3, 0xFAA3, 0xFB03, 0xB201,
    0xB201, 0xE79C, 0xFFFF, 0xFFFF, 0xFFFF, 0xFFFF, 0xFFFF, 0xFFFF, 0xFFFF, 0xFFFF, 0x8004, 0x0024,
    0xFFFF, 0xFFFF, 0xFFFF, 0xFFDE, 0xF7BD, 0xFF9C, 0xF5F2, 0xF201, 0xF201, 0xFB03, 0xFAA3, 0xFAA3,
    0xFAA3, 0xFB03, 0xFB03, 0xFB03, 0xB201, 0xB201, 0xFAA3, 0xFB03, 0xFB03, 0xFAA3, 0xFAA3, 0xFAA3,
    0xFAA3, 0xFB03, 0xFAA3, 0xF5F2, 0xFF9C, 0xFFFF, 0xF7BD, 0xFFDE, 0xFFFF, 0xFFFF, 0xFFFF, 0xFFFF,
    0x8004, 0x0024, 0xFFFF, 0xFFFF, 0xFFDE, 0xFFDE, 0xFF9C, 0xFAA3, 0xF201, 0xFAA3, 0xFB03, 0xFAA3,
    0xFAA3, 0xFB03, 0xFB03, 0xFAA3, 0xB201, 0xB201, 0xB201, 0xB201, 0xB201, 0xB201, 0xFAA3, 0xFAA3,
    0xFB03, 0xFAA3, 0xFAA3, 0xFAA3, 0xFAA3, 0xF201, 0xFAA3, 0xFE32, 0xF7BD, 0xE79C, 0xFFFF, 0xFFFF,
    0xFFFF, 0xFFFF, 0x8004, 0x0024, 0xFFFF, 0xFFFF, 0xFFDE, 0xFFFF, 0xFE32, 0xF201, 0xFAA3, 0xFB03,
    0xFAA3, 0xFB03, 0xFB03, 0xFAA3, 0xB201, 0xB201, 0xB201, 0xB201, 0xFC40, 0xFCA1, 0xF382, 0xB201,
    0xB201, 0xB201, 0xF201, 0xFAA3, 0xFB03, 0xFB03, 0xFAA3, 0xFB03, 0xF201, 0xF201, 0xF5F2, 0xFFFF,
    0xFFDE, 0xFFFF, 0xFFFF, 0xFFFF, 0x8004, 0x0024, 0xFFFF, 0xFFFF, 0xFFFF, 0xF7BD, 0xF7BD, 0xFB03,
    0xF201, 0xFB03, 0xFB03, 0xFAA3, 0xB201, 0xB201, 0xB201, 0xABA2, 0xFC40, 0xFCA1, 0xFCA1, 0xFC40,
    0xFCA1, 0xFCA1, 0xFC40, 0xABA2, 0xB201, 0xB201, 0xB201, 0xFAA3, 0xFB03, 0xFB03, 0xFB03, 0xF201,
    0xF5F2, 0xF7FF, 0xFF9C, 0xFFFF, 0xFFFF, 0xFFFF, 0x8004, 0x0024, 0xFFFF, 0xFFFF, 0xFFFF, 0xFF9C,
    0xF7FF, 0xFE32, 0xF201, 0xF201, 0xB201, 0xB201, 0xB201, 0xF382, 0xFCA1, 0xFC40, 0xFC40, 0xFC40,
    0xFC40, 0xFC40, 0xFC40, 0xFC40, 0xFC40, 0xFC40, 0xFC40, 0xF382, 0xB201, 0xB201, 0xB201, 0xF201,
    0xF201, 0xFAA3, 0xFF9C, 0xF7BD, 0xFFFF, 0xFFFF, 0xFFFF, 0xFFFF, 0x8004, 0x0024, 0xFFFF, 0xFFFF,
    0xFFFF, 0xFFFF, 0xE79C, 0xFF9C, 0xE79C, 0xA58F, 0xB201, 0xFC40, 0xFCA1, 0xFCA1, 0xFC40, 0xF5F2,
    0xFF9C, 0xFF9C, 0xFF9C, 0xFF9C, 0xFF9C, 0xFF9C, 0xFF9C, 0xFE32, 0xFCA1, 0xFC40, 0xFCA1, 0xFC40,
    0xB201, 0xABA2, 0xF5F2, 0xE79C, 0xF7BD, 0xFF9C, 0xFFFF, 0xFFFF, 0xFFFF, 0xFFFF, 0x8004, 0x0024,
    0xFFFF, 0xFFFF, 0xFFFF, 0xFFFF, 0xFFFF, 0xE79C, 0xF7FF, 0xFF9C, 0xFC02, 0xFC40, 0xFCA1, 0xFC40,
    0xFC02, 0xFF9C, 0xE79C, 0xA58F, 0xA58F, 0xFFDE, 0xE79C, 0xA58F, 0xA58F, 0xF7FF, 0xF5F2, 0xFC40,
    0xFCA1, 0xFC40, 0xFC40, 0xFCA1, 0xF7FF, 0xE79C, 0xFF9C, 0xFFFF, 0xFFFF, 0xFFFF, 0xFFFF, 0xFFFF,
    0x8004, 0x0024, 0xFFFF, 0xFFFF, 0xFFFF, 0xFFFF, 0xFFFF, 0xFFFF, 0xF7FF, 0xFE32, 0xFC02, 0xFC40,
    0xFC40, 0xFC40, 0xFC02, 0xFF9C, 0xA58F, 0x3040, 0x3040, 0xE79C, 0xA58F, 0x3040, 0x3040, 0xE79C,
    0xF5F2, 0xFC40, 0xFCA1, 0xFC40, 0xFC40, 0xFC02, 0xFF9C, 0xFF9C, 0xFFFF, 0xFFFF, 0xFFFF, 0xFFFF,
    0xFFFF, 0xFFFF, 0x8004, 0x0024, 0xFFFF, 0xFFFF, 0xFFFF, 0xFFFF, 0xFFFF, 0xFFFF, 0xF7FF, 0xFE32,
    0xFC40, 0xFC40, 0xFC40, 0xFC40, 0xFC02, 0xFF9C, 0xE79C, 0xA58F, 0xA58F, 0xFF9C, 0xA58F, 0xABA2,
    0xA58F, 0xE79C, 0xF5F2, 0xFC40, 0xFCA1, 0xFC40, 0xFC40, 0xFC02, 0xFFDE, 0xE79C, 0xFFFF, 0xFFFF,
    0xFFFF, 0xFFFF, 0xFFFF, 0xFFFF, 0x8004, 0x0024, 0xFFFF, 0xFFFF, 0xFFFF, 0xFFFF, 0xFFFF, 0xFFFF,
    0xF7FF, 0xFE32, 0xFC40, 0xFC40, 0xFC40, 0xFC40, 0xFC02, 0xFE32, 0xFFFF, 0xFFFE, 0xFFFE, 0xFF9C,
    0xFFFE, 0xFFFE, 0xFFFF, 0xFFFF, 0xF5F2, 0xFC40, 0xFCA1, 0xFC40, 0xFC40, 0xFC02, 0xFFDE, 0xE79C,
    0xFFFF, 0xFFFF, 0xFFFF, 0xFFFF, 0xFFFF, 0xFFFF, 0x8004, 0x0024, 0xFFFF, 0xFFFF, 0xFFFF, 0xFFFF,
    0xFFFF, 0xFFFF, 0xF7FF, 0xFE32, 0xFC40, 0xFC40, 0xFC40, 0xFC40, 0xFC02, 0xFF9C, 0xA58F, 0xABA2,
    0xA58F, 0xFF9C, 0xA58F, 0xABA2, 0xA58F, 0xE79C, 0xF5F2, 0xFC40, 0xFCA1, 0xFC40, 0xFC40, 0xFC02,
    0xFF9C, 0xE79C, 0xFFFF, 0xFFFF, 0xFFFF, 0xFFFF, 0xFFFF, 0xFFFF, 0x8004, 0x0024, 0xFFFF, 0xFFFF,
    0xFFFF, 0xFFFF, 0xFFFF, 0xFFDE, 0xF7FF, 0xFE32, 0xFC40, 0xFC40, 0xFC40, 0xFC40, 0xFC02, 0xFF9C,
    0xA58F, 0x3040, 0x3040, 0xE79C, 0xA58F, 0x3040, 0xABA2, 0xE79C, 0xF5F2, 0xF382, 0xFCA1, 0xFC40,
    0xFC40, 0xFC02, 0xFF9C, 0xE79C, 0xFFFF, 0xFFFF, 0xFFFF, 0xFFFF, 0xFFFF, 0xFFFF, 0x8004, 0x0024,
    0xFFFF, 0xFFFF, 0xFFFF, 0xFFFF, 0xFFFF, 0xFFDE, 0xF7FF, 0xFE32, 0xFC40, 0xFC40, 0xFC40, 0xFC40,
    0xFC40, 0xF5F2, 0xF7FF, 0xE79C, 0xE79C, 0xFFFF, 0xF7FF, 0xE79C, 0xE79C, 0xF7FF, 0xF382, 0xFC40,
    0xFCA1, 0xFCA1, 0xF382, 0xB201, 0xFF9C, 0xF7BD, 0xFFFF, 0xFFFF, 0xFFFF, 0xFFFF, 0xFFFF, 0xFFFF,
    0x8004, 0x0024, 0xFFFF, 0xFFFF, 0xFFFF, 0xFFFF, 0xFFFF, 0xF7BD, 0xF7FF, 0xFE32, 0xFC40, 0xFC40,
    0xFC40, 0xFC40, 0xFC40, 0xF382, 0xF5F2, 0xF5F2, 0xF5F2, 0xF5F2, 0xF5F2, 0xF5F2, 0xF5F2, 0xABA2,
    0xF382, 0xFCA1, 0xFCA1, 0xF382, 0xB201, 0xB201, 0xFF9C, 0xFFDE, 0xFFFF, 0xFFFF, 0xFFFF, 0xFFFF,
    0xFFFF, 0xFFFF, 0x8004, 0x0024, 0xFFFF, 0xFFFF, 0xFFFF, 0xFFFF, 0xFFFF, 0xF7BD, 0xF7FF, 0xFE32,
    0xF382, 0xFC40, 0xFC40, 0xFC40, 0xFC40, 0xFC40, 0xF382, 0xF382, 0xF382, 0xF382, 0xF382, 0xF382,
    0xF382, 0xF382, 0xFC40, 0xFC40, 0xB201, 0xB201, 0xB201, 0xB201, 0xE79C, 0xFFDE, 0xFFFF, 0xFFFF,
    0xFFFF, 0xFFFF, 0xFFFF, 0xFFFF, 0x8004, 0x0024, 0xFFFF, 0xFFFF, 0xFFFF, 0xFFFF, 0xFFFF, 0xFFFF,
    0xF7BD, 0xFF9C, 0xF5F2, 0xF5F2, 0xF5F2, 0xF5F2, 0xF5F2, 0xF5F2, 0xF5F2, 0xF5F2, 0xF5F2, 0xF5F2,
    0xF5F2, 0xF5F2, 0xF5F2, 0xF5F2, 0xF5F2, 0xF5F2, 0xF5F2, 0xF5F2, 0xF5F2, 0xF5F2, 0xFF9C, 0xE79C,
    0xFFFF, 0xFFFF, 0xFFFF, 0xFFFF, 0xFFFF, 0xFFFF, 0x8004, 0x0024, 0xFFFF, 0xFFFF, 0xFFFF, 0xFFFF,
    0xFFFF, 0xFFFF, 0xFF9C, 0xE79C, 0xF7FF, 0xFFFF, 0xFFFF, 0xFFFF, 0xF7FF, 0xFFFF, 0xF7FF, 0xF7FF,
    0xFFFF, 0xFFFF, 0xF7FF, 0xFFFF, 0xF7FF, 0xF7FF, 0xFFFF, 0xFFFF, 0xFFFF, 0xFFFF, 0xFFFF, 0xFFDE,
    0xE79C, 0xF7BD, 0xFFFF, 0xFFFF, 0xFFFF, 0xFFFF, 0xFFFF, 0xFFFF, 0x8004, 0x0024, 0xFFFF, 0xFFFF,
    0xFFFF, 0xFFFF, 0xFFFF, 0xFFFF, 0xFFFF, 0xFFDE, 0xF7BD, 0xE79C, 0xE79C, 0xE79C, 0xFF9C, 0xE79C,
    0xF7BD, 0xF7BD, 0xE79C, 0xE79C, 0xE79C, 0xE79C, 0xE79C, 0xE79C, 0xE79C, 0xE79C, 0xE79C, 0xF7BD,
    0xE79C, 0xE79C, 0xFFFF, 0xFFFF, 0xFFFF, 0xFFFF, 0xFFFF, 0xFFFF, 0xFFFF, 0xFFFF, 0x8004, 0x0024,
    0xFFFF, 0xFFFF, 0xFFFF, 0xFFFF, 0xFFFF, 0xFFFF, 0xFFFF, 0xFFFF, 0xFFFF, 0xFFFF, 0xFFFF, 0xFFFF,
    0xFFFF, 0xFFFF, 0xFFFF, 0xFFFF, 0xFFFF, 0xFFFF, 0xFFFF, 0xFFFF, 0xFFFF, 0xFFFF, 0xFFFF, 0xFFFF,
    0xFFFF, 0xFFFF, 0xFFFF, 0xFFFF, 0xFFFF, 0xFFFF, 0xFFFF, 0xFFFF, 0xFFFF, 0xFFFF, 0xFFFF, 0xFFFF,
    0x8004, 0x0024, 0xFFFF, 0xFFFF, 0xFFFF, 0xFFFF, 0xFFFF, 0xFFFF, 0xFFFF, 0xFFFF, 0xFFFF, 0xFFFF,
    0xFFFF, 0xFFFF, 0xFFFF, 0xFFFF, 0xFFFF, 0xFFFF, 0xFFFF, 0xFFFF, 0xFFFF, 0xFFFF, 0xFFFF, 0xFFFF,
    0xFFFF, 0xFFFF, 0xFFFF, 0xFFFF, 0xFFFF, 0xFFFF, 0xFFFF, 0xFFFF, 0xFFFF, 0xFFFF, 0xFFFF, 0xFFFF,
    0xFFFF, 0xFFFF, 0x8004, 0x0024, 0xFFFF, 0xFFFF, 0xFFFF, 0xFFFF, 0xFFFF, 0xFFFF, 0xFFFF, 0xFFFF,
    0xFFFF, 0xFFFF, 0xFFFF, 0xFFFF, 0xFFFF, 0xFFFF, 0xFFFF, 0xFFFF, 0xFFFF, 0xFFFF, 0xFFFF, 0xFFFF,
    0xFFFF, 0xFFFF, 0xFFFF, 0xFFFF, 0xFFFF, 0xFFFF, 0xFFFF, 0xFFFF, 0xFFFF, 0xFFFF, 0xFFFF, 0xFFFF,
    0xFFFF, 0xFFFF, 0xFFFF, 0xFFFF, 0x8004, 0x0024, 0xFFFF, 0xFFFF, 0xFFFF, 0xFFFF, 0xFFFF, 0xFFFF,
    0xFFFF, 0xFFFF, 0xFFFF, 0xFFFF, 0xFFFF, 0xFFFF, 0xFFFF, 0xFFFF, 0xFFFF, 0xFFFF, 0xFFFF, 0xFFFF,
    0xFFFF, 0xFFFF, 0xFFFF, 0xFFFF, 0xFFFF, 0xFFFF, 0xFFFF, 0xFFFF, 0xFFFF, 0xFFFF, 0xFFFF, 0xFFFF,
    0xFFFF, 0xFFFF, 0xFFFF, 0xFFFF, 0xFFFF, 0xFFFF, 0x8005, 0x0022, 0xFFFF, 0xFFFF, 0xFFFF, 0xFFFF,
    0xFFFF, 0xFFFF, 0xFFFF, 0xFFFF, 0xFFFF, 0xFFFF, 0xFFFF, 0xFFFF, 0xFFFF, 0xFFFF, 0xFFFF, 0xFFFF,
    0xFFFF, 0xFFFF, 0xFFFF, 0xFFFF, 0xFFFF, 0xFFFF, 0xFFFF, 0xFFFF, 0xFFFF, 0xFFFF, 0xFFFF, 0xFFFF,
    0xFFFF, 0xFFFF, 0xFFFF, 0xFFFF, 0xFFFF, 0xFFFF, 0x8006, 0x0022, 0xFFFF, 0xFFFF, 0xFFFF, 0xFFFF,
    0xFFFF, 0xFFFF, 0xFFFF, 0xFFFF, 0xFFFF, 0xFFFF, 0xFFFF, 0xFFFF, 0xFFFF, 0xFFFF, 0xFFFF, 0xFFFF,
    0xFFFF, 0xFFFF, 0xFFFF, 0xFFFF, 0xFFFF, 0xFFFF, 0xFFFF, 0xFFFF, 0xFFFF, 0xFFFF, 0xFFFF, 0xFFFF,
    0xFFFF, 0xFFFF, 0xFFFF, 0xFFFF, 0xFFFF, 0xFFFF, 0x8008, 0x001E, 0xFFFF, 0xFFFF, 0xFFFF, 0xFFFF,
    0xFFFF, 0xFFFF, 0xFFFF, 0xFFFF, 0xFFFF, 0xFFFF, 0xFFFF, 0xFFFF, 0xFFFF, 0xFFFF, 0xFFFF, 0xFFFF,
    0xFFFF, 0xFFFF, 0xFFFF, 0xFFFF, 0xFFFF, 0xFFFF, 0xFFFF, 0xFFFF, 0xFFFF, 0xFFFF, 0xFFFF, 0xFFFF,
    0xFFFF, 0xFFFF, 0x8055, 0x8055, 0x001E, 0xFFFF, 0xFFFF, 0xFFFF, 0xFFFF, 0xFFFF, 0xFFFF, 0xFFFF,
    0xFFFF, 0xFFFF, 0xFFFF, 0xFFFF, 0xFFFF, 0xFFFF, 0xFFFF, 0xFFFF, 0xFFFF, 0xFFFF, 0xFFFF, 0xFFFF,
    0xFFFF, 0xFFFF, 0xFFFF, 0xFFFF, 0xFFFF, 0xFFFF, 0xFFFF, 0xFFFF, 0xFFFF, 0xFFFF, 0xFFFF, 0x8008,
    0x0022, 0xFFFF, 0xFFFF, 0xFFFF, 0xFFFF, 0xFFFF, 0xFFFF, 0xFFFF, 0xFFFF, 0xFFFF, 0xFFFF, 0xFFFF,
    0xFFFF, 0xFFFF, 0xFFFF, 0xFFFF, 0xFFFF, 0xFFFF, 0xFFFF, 0xFFFF, 0xFFFF, 0xFFFF, 0xFFFF, 0xFFFF,
    0xFFFF, 0xFFFF, 0xFFFF, 0xFFFF, 0xFFFF, 0xFFFF, 0xFFFF, 0xFFFF, 0xFFFF, 0xFFFF, 0xFFFF, 0x8006,
    0x0022, 0xFFFF, 0xFFFF, 0xFFFF, 0xFFFF, 0xFFFF, 0xFFFF, 0xFFFF, 0xFFFF, 0xFFFF, 0xFFFF, 0xFFFF,
    0xFFFF, 0xFFFF, 0xFFFF, 0xFFFF, 0xFFFF, 0xFFFF, 0xFFFF, 0xFFFF, 0xFFFF, 0xFFFF, 0xFFFF, 0xFFFF,
    0xFFFF, 0xFFFF, 0xFFFF, 0xFFFF, 0xFFFF, 0xFFFF, 0xFFFF, 0xFFFF, 0xFFFF, 0xFFFF, 0xFFFF, 0x8005,
    0x0024, 0xFFFF, 0xFFFF, 0xFFFF, 0xFFFF, 0xFFFF, 0xFFFF, 0xFFFF, 0xFFFF, 0xFFFF, 0xFFFF, 0xFFFF,
    0xFFFF, 0xFFFF, 0xFFFF, 0xFFFF, 0xFFFF, 0xFFFF, 0xFFFF, 0xFFFF, 0xFFFF, 0xFFFF, 0xFFFF, 0xFFFF,
    0xFFFF, 0xFFFF, 0xFFFF, 0xFFFF, 0xFFFF, 0xFFFF, 0xFFFF, 0xFFFF, 0xFFFF, 0xFFFF, 0xFFFF, 0xFFFF,
    0xFFFF, 0x8004, 0x0024, 0xFFFF, 0xFFFF, 0xFFFF, 0xFFFF, 0xFFFF, 0xFFFF, 0xFFFF, 0xFFFF, 0xFFFF,
    0xFFFF, 0xFFFF, 0xFFFF, 0xFFFF, 0xFFFF, 0xFFFF, 0xFFFF, 0xFFFF, 0xFFFE, 0xFFBE, 0xFFBE, 0xFFFE,
    0xFFFF, 0xFFFF, 0xFFFF, 0xFFFF, 0xFFFF, 0xFFFF, 0xFFFF, 0xFFFF, 0xFFFF, 0xFFFF, 0xFFFF, 0xFFFF,
    0xFFFF, 0xFFFF, 0xFFFF, 0x8004, 0x0024, 0xFFFF, 0xFFFF, 0xFFFF, 0xFFFF, 0xFFFF, 0xFFFF, 0xFFFF,
    0xFFFF, 0xFFFF, 0xFFFF, 0xFFFF, 0xFFFF, 0xFFBE, 0xF79D, 0xF79D, 0xFFFF, 0xFFFF, 0xFFFF, 0xFFFF,
    0xFFFF, 0xFFFF, 0xFFFF, 0xFFFE, 0xF79D, 0xF79D, 0xFFBE, 0xFFFF, 0xFFFF, 0xFFFF, 0xFFFF, 0xFFFF,
    0xFFFF, 0xFFFF, 0xFFFF, 0xFFFF, 0xFFFF, 0x8004, 0x0024, 0xFFFF, 0xFFFF, 0xFFFF, 0xFFFF, 0xFFFF,
    0xFFFF, 0xFFFF, 0xFFFF, 0xFFFF, 0xFFFF, 0xF79D, 0xF7FE, 0xFFFF, 0xFFFF, 0xFFBE, 0xF79D, 0xEEB5,
    0xEEB5, 0xF68F, 0xF68F, 0xEEB5, 0xEEB5, 0xF79D, 0xFFBE, 0xFFFF, 0xFFFF, 0xF79D, 0xFFBE, 0xFFFF,
    0xFFFF, 0xFFFF, 0xFFFF, 0xFFFF, 0xFFFF, 0xFFFF, 0xFFFF, 0x8004, 0x0024, 0xFFFF, 0xFFFF, 0xFFFF,
    0xFFFF, 0xFFFF, 0xFFFF, 0xFFFF, 0xFFFE, 0xF79D, 0xFFFF, 0xFFFF, 0xEEB5, 0xDC05, 0xDC05, 0xCAE2,
    0xCAE2, 0xC220, 0xC220, 0xC220, 0xC220, 0xC220, 0xC220, 0xEB61, 0xDC05, 0xDC05, 0xF68F, 0xF79D,
    0xFFFF, 0xF79D, 0xF79D, 0xFFFF, 0xFFFF, 0xFFFF, 0xFFFF, 0xFFFF, 0xFFFF, 0x8004, 0x0024, 0xFFFF,
    0xFFFF, 0xFFFF, 0xFFFF, 0xFFFF, 0xFFFF, 0xF79D, 0xF7FE, 0xFFFE, 0xEEB5, 0xDC05, 0xDC05, 0xDC05,
    0xF68F, 0xEEB5, 0xEEB5, 0xEEB5, 0xEEB5, 0xEEB5, 0xEEB5, 0xEEB5, 0xF68F, 0xDC05, 0xEB61, 0xC220,
    0xC220, 0xEB61, 0xDC05, 0xF79D, 0xFFFE, 0xF79D, 0xFFFF, 0xFFFF, 0xFFFF, 0xFFFF, 0xFFFF, 0x8004,
    0x0024, 0xFFFF, 0xFFFF, 0xFFFF, 0xFFFF, 0xFFBE, 0xFFBE, 0xFFBE, 0xC613, 0xCAE2, 0xC220, 0xC220,
    0xDC05, 0xC613, 0xEEB5, 0xEEB5, 0xEEB5, 0xEEB5, 0xEEB5, 0xEEB5, 0xEEB5, 0xF79D, 0xF79D, 0xF79D,
    0xF79D, 0xEEB5, 0xDC05, 0xEB61, 0xEB61, 0xCAE2, 0xEEB5, 0xFFBE, 0xF79D, 0xFFFF, 0xFFFF, 0xFFFF,
    0xFFFF, 0x8004, 0x0024, 0xFFFF, 0xFFFF, 0xFFFF, 0xFFBE, 0xFFFE, 0xF79D, 0x8BEC, 0xC220, 0xCAE2,
    0xEB61, 0xEB61, 0xCAE2, 0xC220, 0xC220, 0xC220, 0xC220, 0xC220, 0xC220, 0xC220, 0xC220, 0xC220,
    0xC220, 0xCAE2, 0xDC05, 0xDC05, 0xDC05, 0xDC05, 0xCAE2, 0xEB61, 0xC220, 0xEEB5, 0xFFBE, 0xF79D,
    0xFFFF, 0xFFFF, 0xFFFF, 0x8004, 0x0024, 0xFFFF, 0xFFFF, 0xFFFF, 0xFFBE, 0xF79D, 0x6A49, 0xC220,
    0xF3E2, 0xEB61, 0xEB61, 0xEB61, 0xEB61, 0xEB61, 0xEB81, 0xEB81, 0xEB81, 0xEB81, 0xEB81, 0xEB81,
    0xEB81, 0xEB61, 0xEB61, 0xEB61, 0xEB61, 0xEB61, 0xCAE2, 0x3020, 0x3020, 0xC220, 0xEB61, 0xCAE2,
    0xF79D, 0xFFFF, 0xFFBE, 0xFFFF, 0xFFFF, 0x8004, 0x0024, 0xFFFF, 0xFFFF, 0xFFBE, 0xFFFF, 0xC613,
    0x3020, 0xEB61, 0xF3E2, 0xEB61, 0xEB61, 0xEB61, 0xEB61, 0xEB61, 0xEB61, 0xEB61, 0xEB61, 0xEB61,
    0xEB61, 0xEB61, 0xEB61, 0xEB61, 0xEB61, 0xEB61, 0xEB61, 0xF3E2, 0xC220, 0x3020, 0xCAE2, 0xCAE2,
    0xCAE2, 0xC220, 0xC613, 0xFFBE, 0xF79D, 0xFFFF, 0xFFFF, 0x8004, 0x0024, 0xFFFF, 0xFFFF, 0xFFBE,
    0xFFFE, 0x8BEC, 0xC220, 0xF3E2, 0xEB61, 0xEB61, 0xEB61, 0xEB61, 0xEB61, 0xEB61, 0xEB61, 0xEB81,
    0xEB81, 0xEB61, 0xEB61, 0xEB61, 0xEB61, 0xEB61, 0xEB61, 0xEB61, 0xEB61, 0xEB81, 0xC220, 0xFE84,
    0xF3E2, 0xF3E2, 0xC220, 0x3020, 0x8BEC, 0xFFFE, 0xFFFE, 0xFFFF, 0xFFFF, 0x8004, 0x0024, 0xFFFF,
    0xFFFF, 0xF79D, 0xFFFE, 0x8BEC, 0x3020, 0xEB61, 0xF3E2, 0xEB61, 0xEB61, 0xEB61, 0xEB61, 0xEB81,
    0xEB81, 0xEB81, 0xEB81, 0xEB81, 0xEB81, 0xEB61, 0xEB61, 0xEB61, 0xEB61, 0xEB61, 0xEB61, 0xEB81,
    0xCAE2, 0xFEC5, 0xF3E2, 0xEB61, 0xCAE2, 0x3020, 0x8BEC, 0xFFFE, 0xFFBE, 0xFFFF, 0xFFFF, 0x8004,
    0x0024, 0xFFFF, 0xFFFF, 0xF79D, 0xFFFE, 0x8BEC, 0x3020, 0xC220, 0xCAE2, 0xF3E2, 0xF3E2, 0xF3E2,
    0xEB81, 0xEB81, 0x8BEC, 0x6A49, 0x6A49, 0x8BEC, 0xEB81, 0xEB81, 0xEB61, 0xEB61, 0xEB61, 0xEB81,
    0xF3E2, 0xF3E2, 0xC220, 0xFEC5, 0xFE84, 0xCAE2, 0xC220, 0x3020, 0xC613, 0xF79D, 0xF79D, 0xFFFF,
    0xFFFF, 0x8004, 0x0024, 0xFFFF, 0xFFFF, 0xFFBE, 0xFFFF, 0xC613, 0xC220, 0xDC05, 0xC220, 0xC220,
    0xC220, 0xEB61, 0xF3E2, 0x8BEC, 0x8BEC, 0xC613, 0xC613, 0x8BEC, 0x6A49, 0xEB81, 0xF3E2, 0xF3E2,
    0xF3E2, 0xEB81, 0xCAE2, 0xC220, 0xC220, 0xFF24, 0xDC05, 0xC220, 0xCAE2, 0x8BEC, 0xFFBE, 0xF79D,
    0xFFFF, 0xFFFF, 0xFFFF, 0x8004, 0x0024, 0xFFFF, 0xFFFF, 0xFFFF, 0xFFBE, 0xF79D, 0xF68F, 0xFF24,
    0xFF24, 0xDC05, 0xC220, 0xC220, 0x6A49, 0x6A49, 0xC613, 0xF7FE, 0xF7FE, 0xC613, 0x6A49, 0xCAE2,
    0xC220, 0xC220, 0xC220, 0xC220, 0xC220, 0xCAE2, 0xEB61, 0xFE84, 0xFE84, 0xFE84, 0xFE84, 0xDC05,
    0xF79D, 0xFFFE, 0xFFFF, 0xFFFF, 0xFFFF, 0x8004, 0x0024, 0xFFFF, 0xFFFF, 0xFFFF, 0xF79D, 0xF7FE,
    0xF68F, 0xFE84, 0xFF24, 0xFF24, 0xFF24, 0xFE84, 0x6A49, 0x6A49, 0xC613, 0xC613, 0xC613, 0x8BEC,
    0x8BEC, 0x6A49, 0xC220, 0xC220, 0xCAE2, 0xF3E2, 0xFE84, 0xFF24, 0xDC05, 0xFE84, 0xFF24, 0xFF24,
    0xFE84, 0xCAE2, 0xEEB5, 0xFFFF, 0xFFBE, 0xFFFF, 0xFFFF, 0x8004, 0x0024, 0xFFFF, 0xFFFF, 0xFFFF,
    0xFFBE, 0xF79D, 0xFF6B, 0xFE84, 0xFEC5, 0xFEC5, 0xFEC5, 0xFF24, 0xDC05, 0x6A49, 0x8BEC, 0x8BEC,
    0x8BEC, 0x8BEC, 0x6A49, 0xC220, 0xFE84, 0xFF24, 0xFF24, 0xFF24, 0xFF24, 0xFF24, 0xDC05, 0xFE84,
    0xFF24, 0xFF24, 0xFE84, 0xCAE2, 0xEEB5, 0xFFFE, 0xFFBE, 0xFFFF, 0xFFFF, 0x8004, 0x0024, 0xFFFF,
    0xFFFF, 0xFFFF, 0xFFFE, 0xF79D, 0xFEC5, 0xFE84, 0xFEC5, 0xFEC5, 0xFE84, 0xFF24, 0xFF24, 0x6A49,
    0x6A49, 0x6A49, 0x6A49, 0x6A49, 0x3020, 0xF3E2, 0xFF24, 0xFF24, 0xFEC5, 0xFEC5, 0xFEC5, 0xFEC5,
    0xDC05, 0xFE84, 0xFF24, 0xFF24, 0xFE84, 0xCAE2, 0xEEB5, 0xFFFE, 0xF79D, 0xFFFF, 0xFFFF, 0x8004,
    0x0024, 0xFFFF, 0xFFFF, 0xFFFF, 0xFFFF, 0xF79D, 0xFE84, 0xFE84, 0xFEC5, 0xFEC5, 0xFEC5, 0xFEC5,
    0xFF24, 0xFF24, 0xCAE2, 0x6A49, 0x6A49, 0xC220, 0xF3E2, 0xFF24, 0xFEC5, 0xFEC5, 0xFEC5, 0xFEC5,
    0xFEC5, 0xFF24, 0xF3E2, 0xFE84, 0xFF24, 0xFEC5, 0xFF24, 0xCAE2, 0xEEB5, 0xF7FE, 0xF79D, 0xFFFF,
    0xFFFF, 0x8004, 0x0024, 0xFFFF, 0xFFFF, 0xFFFF, 0xFFFF, 0xF79D, 0xFE84, 0xFE84, 0xFEC5, 0xFEC5,
    0xFEC5, 0xFE84, 0xFE84, 0xFF24, 0xFF24, 0xFE84, 0xFE84, 0xFF24, 0xFF24, 0xFEC5, 0xFEC5, 0xFEC5,
    0xFEC5, 0xFEC5, 0xFEC5, 0xFF24, 0xDC05, 0xFE84, 0xFEC5, 0xFF24, 0xFF24, 0xCAE2, 0xEEB5, 0xF7FE,
    0xF79D, 0xFFFF, 0xFFFF, 0x8004, 0x0024, 0xFFFF, 0xFFFF, 0xFFFF, 0xFFFE, 0xF79D, 0xFEC5, 0xFE84,
    0xFE84, 0xFE84, 0xFEC5, 0xFEC5, 0xFEC5, 0xFE84, 0xFEC5, 0xFF24, 0xFF24, 0xFF24, 0xFE84, 0xFE84,
    0xFEC5, 0xFEC5, 0xFEC5, 0xFEC5, 0xFEC5, 0xFEC5, 0xDC05, 0xFE84, 0xFF24, 0xFF24, 0xCAE2, 0xC220,
    0xEEB5, 0xF7FE, 0xF79D, 0xFFFF, 0xFFFF, 0x8004, 0x0024, 0xFFFF, 0xFFFF, 0xFFFF, 0xF79D, 0xFFFE,
    0xF68F, 0xFE84, 0xFF24, 0xFF24, 0xFE84, 0xFE84, 0xFE84, 0xFEC5, 0xFEC5, 0xFE84, 0xFE84, 0xFE84,
    0xFEC5, 0xFEC5, 0xFEC5, 0xFEC5, 0xFEC5, 0xFE84, 0xFEC5, 0xFF24, 0xF3E2, 0xFE84, 0xDC05, 0xC220,
    0x3020, 0x6A49, 0xF79D, 0xFFBE, 0xFFBE, 0xFFFF, 0xFFFF, 0x8004, 0x0024, 0xFFFF, 0xFFFF, 0xFFFF,
    0xFFBE, 0xFFFE, 0xF79D, 0x6A49, 0xCAE2, 0xFE84, 0xFF24, 0xFF24, 0xFF24, 0xFF24, 0xFEC5, 0xFEC5,
    0xFEC5, 0xFEC5, 0xFEC5, 0xFEC5, 0xFEC5, 0xFF24, 0xFF24, 0xFF24, 0xFF24, 0xFE84, 0xCAE2, 0xC220,
    0x3020, 0x3020, 0x6A49, 0xEEB5, 0xF79D, 0xF79D, 0xFFFF, 0xFFFF, 0xFFFF, 0x8004, 0x0024, 0xFFFF,
    0xFFFF, 0xFFFF, 0xFFFF, 0xF79D, 0xF79D, 0xF79D, 0x8BEC, 0x6A49, 0xCAE2, 0xCAE2, 0xDC05, 0xFE84,
    0xFF24, 0xFF24, 0xFF24, 0xFF24, 0xFF24, 0xFF24, 0xFF24, 0xFF24, 0xFE84, 0xDC05, 0xCAE2, 0x3020,
    0x3020, 0xC220, 0xCAE2, 0xC613, 0xFFBE, 0xF79D, 0xF79D, 0xFFFF, 0xFFFF, 0xFFFF, 0xFFFF, 0x8004,
    0x0024, 0xFFFF, 0xFFFF, 0xFFFF, 0xFFFF, 0xFFFF, 0xF79D, 0xF79D, 0xFFFE, 0xF79D, 0xC613, 0x8BEC,
    0x8BEC, 0x8BEC, 0xCAE2, 0xCAE2, 0xCAE2, 0xCAE2, 0xCAE2, 0xCAE2, 0xCAE2, 0xC220, 0x6A49, 0x6A49,
    0x8BEC, 0x8BEC, 0xC613, 0xF79D, 0xFFFE, 0xFFFE, 0xF79D, 0xF79D, 0xFFFF, 0xFFFF, 0xFFFF, 0xFFFF,
    0xFFFF, 0x8004, 0x0024, 0xFFFF, 0xFFFF, 0xFFFF, 0xFFFF, 0xFFFF, 0xFFFF, 0xFFFF, 0xF79D, 0xF79D,
    0xF79D, 0xFFFF, 0xFFFF, 0xFFFE, 0xF79D, 0xEEB5, 0xEEB5, 0xEEB5, 0xEEB5, 0xEEB5, 0xEEB5, 0xEEB5,
    0xF79D, 0xFFFE, 0xFFFF, 0xFFFF, 0xFFFE, 0xF79D, 0xF79D, 0xF79D, 0xFFFF, 0xFFFF, 0xFFFF, 0xFFFF,
    0xFFFF, 0xFFFF, 0xFFFF, 0x8004, 0x0024, 0xFFFF, 0xFFFF, 0xFFFF, 0xFFFF, 0xFFFF, 0xFFFF, 0xFFFF,
    0xFFFF, 0xFFFF, 0xFFBE, 0xF79D, 0xF79D, 0xF79D, 0xF79D, 0xFFBE, 0xFFFE, 0xFFBE, 0xF79D, 0xFFFE,
    0xF79D, 0xF79D, 0xF79D, 0xF79D, 0xF79D, 0xF79D, 0xF79D, 0xFFFF, 0xFFFF, 0xFFFF, 0xFFFF, 0xFFFF,
    0xFFFF, 0xFFFF, 0xFFFF, 0xFFFF, 0xFFFF, 0x8004, 0x0024, 0xFFFF, 0xFFFF, 0xFFFF, 0xFFFF, 0xFFFF,
    0xFFFF, 0xFFFF, 0xFFFF, 0xFFFF, 0xFFFF, 0xFFFF, 0xFFFF, 0xFFFF, 0xFFFF, 0xFFFF, 0xFFFF, 0xFFFF,
    0xFFFF, 0xFFFF, 0xFFFF, 0xFFFF, 0xFFFF, 0xFFFF, 0xFFFF, 0xFFFF, 0xFFFF, 0xFFFF, 0xFFFF, 0xFFFF,
    0xFFFF, 0xFFFF, 0xFFFF, 0xFFFF, 0xFFFF, 0xFFFF, 0xFFFF, 0x8004, 0x0024, 0xFFFF, 0xFFFF, 0xFFFF,
    0xFFFF, 0xFFFF, 0xFFFF, 0xFFFF, 0xFFFF, 0xFFFF, 0xFFFF, 0xFFFF, 0xFFFF, 0xFFFF, 0xFFFF, 0xFFFF,
    0xFFFF, 0xFFFF, 0xFFFF, 0xFFFF, 0xFFFF, 0xFFFF, 0xFFFF, 0xFFFF, 0xFFFF, 0xFFFF, 0xFFFF, 0xFFFF,
    0xFFFF, 0xFFFF, 0xFFFF, 0xFFFF, 0xFFFF, 0xFFFF, 0xFFFF, 0xFFFF, 0xFFFF, 0x8004, 0x0024, 0xFFFF,
    0xFFFF, 0xFFFF, 0xFFFF, 0xFFFF, 0xFFFF, 0xFFFF, 0xFFFF, 0xFFFF, 0xFFFF, 0xFFFF, 0xFFFF, 0xFFFF,
    0xFFFF, 0xFFFF, 0xFFFF, 0xFFFF, 0xFFFF, 0xFFFF, 0xFFFF, 0xFFFF, 0xFFFF, 0xFFFF, 0xFFFF, 0xFFFF,
    0xFFFF, 0xFFFF, 0xFFFF, 0xFFFF, 0xFFFF, 0xFFFF, 0xFFFF, 0xFFFF, 0xFFFF, 0xFFFF, 0xFFFF, 0x8005,
    0x0022, 0xFFFF, 0xFFFF, 0xFFFF, 0xFFFF, 0xFFFF, 0xFFFF, 0xFFFF, 0xFFFF, 0xFFFF, 0xFFFF, 0xFFFF,
    0xFFFF, 0xFFFF, 0xFFFF, 0xFFFF, 0xFFFF, 0xFFFF, 0xFFFF, 0xFFFF, 0xFFFF, 0xFFFF, 0xFFFF, 0xFFFF,
    0xFFFF, 0xFFFF, 0xFFFF, 0xFFFF, 0xFFFF, 0xFFFF, 0xFFFF, 0xFFFF, 0xFFFF, 0xFFFF, 0xFFFF, 0x8006,
    0x0022, 0xFFFF, 0xFFFF, 0xFFFF, 0xFFFF, 0xFFFF, 0xFFFF, 0xFFFF, 0xFFFF, 0xFFFF, 0xFFFF, 0xFFFF,
    0xFFFF, 0xFFFF, 0xFFFF, 0xFFFF, 0xFFFF, 0xFFFF, 0xFFFF, 0xFFFF, 0xFFFF, 0xFFFF, 0xFFFF, 0xFFFF,
    0xFFFF, 0xFFFF, 0xFFFF, 0xFFFF, 0xFFFF, 0xFFFF, 0xFFFF, 0xFFFF, 0xFFFF, 0xFFFF, 0xFFFF, 0x8008,
    0x001E, 0xFFFF, 0xFFFF, 0xFFFF, 0xFFFF, 0xFFFF, 0xFFFF, 0xFFFF, 0xFFFF, 0xFFFF, 0xFFFF, 0xFFFF,
    0xFFFF, 0xFFFF, 0xFFFF, 0xFFFF, 0xFFFF, 0xFFFF, 0xFFFF, 0xFFFF, 0xFFFF, 0xFFFF, 0xFFFF, 0xFFFF,
    0xFFFF, 0xFFFF, 0xFFFF, 0xFFFF, 0xFFFF, 0xFFFF, 0xFFFF, 0x8055, 0x8055, 0x001E, 0xFFFF, 0xFFFF,
    0xFFFF, 0xFFFF, 0xFFFF, 0xFFFF, 0xFFFF, 0xFFFF, 0xFFFF, 0xFFFF, 0xFFFF, 0xFFFF, 0xFFFF, 0xFFFF,
    0xFFFF, 0xFFFF, 0xFFFF, 0xFFFF, 0xFFFF, 0xFFFF, 0xFFFF, 0xFFFF, 0xFFFF, 0xFFFF, 0xFFFF, 0xFFFF,
    0xFFFF, 0xFFFF, 0xFFFF, 0xFFFF, 0x8008, 0x0022, 0xFFFF, 0xFFFF, 0xFFFF, 0xFFFF, 0xFFFF, 0xFFFF,
    0xFFFF, 0xFFFF, 0xFFFF, 0xFFFF, 0xFFFF, 0xFFFF, 0xFFFF, 0xFFFF, 0xFFFF, 0xFFFF, 0xFFFF, 0xFFFF,
    0xFFFF, 0xFFFF, 0xFFFF, 0xFFFF, 0xFFFF, 0xFFFF, 0xFFFF, 0xFFFF, 0xFFFF, 0xFFFF, 0xFFFF, 0xFFFF,
    0xFFFF, 0xFFFF, 0xFFFF, 0xFFFF, 0x8006, 0x0022, 0xFFFF, 0xFFFF, 0xFFFF, 0xFFFF, 0xFFFF, 0xFFFF,
    0xFFFF, 0xFFFF, 0xFFFF, 0xFFFF, 0xFFFF, 0xFFFF, 0xFFFF, 0xFFFF, 0xFFFF, 0xFFFF, 0xFFFF, 0xFFFF,
    0xFFFF, 0xFFFF, 0xFFFF, 0xFFFF, 0xFFFF, 0xFFFF, 0xFFFF, 0xFFFF, 0xFFFF, 0xFFFF, 0xFFFF, 0xFFFF,
    0xFFFF, 0xFFFF, 0xFFFF, 0xFFFF, 0x8005, 0x0024, 0xFFFF, 0xFFFF, 0xFFFF, 0xFFFF, 0xFFFF, 0xFFFF,
    0xFFFF, 0xFFFF, 0xFFFF, 0xFFFF, 0xFFFF, 0xFFFF, 0xFFFF, 0xFFFF, 0xFFFF, 0xFFFF, 0xFFFF, 0xFFFF,
    0xFFFF, 0xFFFF, 0xFFFF, 0xFFFF, 0xFFFF, 0xFFFF, 0xFFFF, 0xFFFF, 0xFFFF, 0xFFFF, 0xFFFF, 0xFFFF,
    0xFFFF, 0xFFFF, 0xFFFF, 0xFFFF, 0xFFFF, 0xFFFF, 0x8004, 0x0024, 0xFFFF, 0xFFFF, 0xFFFF, 0xFFFF,
    0xFFFF, 0xFFFF, 0xFFFF, 0xFFFF, 0xFFFF, 0xFFFF, 0xFFFF, 0xFFFF, 0xFFFF, 0xFFFF, 0xFFFF, 0xFFFF,
    0xFFFF, 0xFFFF, 0xFFFF, 0xFFFF, 0xFFFF, 0xFFFF, 0xFFFF, 0xFFFF, 0xFFFF, 0xFFFF, 0xFFFF, 0xFFFF,
    0xFFFF, 0xFFFF, 0xFFFF, 0xFFFF, 0xFFFF, 0xFFFF, 0xFFFF, 0xFFFF, 0x8004, 0x0024, 0xFFFF, 0xFFFF,
    0xFFFF, 0xFFFF, 0xFFFF, 0xFFFF, 0xFFFF, 0xFFFF, 0xFFFF, 0xFFFF, 0xFFFF, 0xFFFF, 0xFFFF, 0xFFFF,
    0xFFFF, 0xFFFF, 0xFFFF, 0xFFFF, 0xFFFF, 0xFFFF, 0xFFFF, 0xFFFF, 0xFFFF, 0xFFFF, 0xFFFF, 0xFFFF,
    0xFFFF, 0xFFFF, 0xFFFF, 0xFFFF, 0xFFFF, 0xFFFF, 0xFFFF, 0xFFFF, 0xFFFF, 0xFFFF, 0x8004, 0x0024,
    0xFFFF, 0xFFFF, 0xFFFF, 0xFFFF, 0xFFFF, 0xFFFF, 0xFFFF, 0xFFFF, 0xFFFF, 0xFFFF, 0xFFFF, 0xFFFF,
    0xFFFF, 0xFFFF, 0xFFFF, 0xFFFF, 0xF7BD, 0xF7BD, 0xFFBE, 0xFFBE, 0xFFBE, 0xF79D, 0xF7BD, 0xFFFF,
    0xFFFF, 0xFFFF, 0xFFFF, 0xFFFF, 0xFFFF, 0xFFFF, 0xFFFF, 0xFFFF, 0xFFFF, 0xFFFF, 0xFFFF, 0xFFFF,
    0x8004, 0x0024, 0xFFFF, 0xFFFF, 0xFFFF, 0xFFFF, 0xFFFF, 0xFFFF, 0xFFFF, 0xFFFF, 0xFFFF, 0xFFFF,
    0xFFFF, 0xFFFF, 0xFFFF, 0xFFFF, 0xFFFF, 0xF79D, 0xFFBE, 0xFFBE, 0xF797, 0xF797, 0xF797, 0xF7FD,
    0xFFBE, 0xF79D, 0xFFDE, 0xFFFF, 0xFFFF, 0xFFFF, 0xFFFF, 0xFFFF, 0xFFFF, 0xFFFF, 0xFFFF, 0xFFFF,
    0xFFFF, 0xFFFF, 0x8004, 0x0024, 0xFFFF, 0xFFFF, 0xFFFF, 0xFFFF, 0xFFFF, 0xFFFF, 0xFFFF, 0xFFFF,
    0xFFFF, 0xFFFF, 0xFFFF, 0xFFFF, 0xFFDE, 0xF7BD, 0xF79D, 0xFFBE, 0xF6F2, 0xF5E9, 0xF524, 0xF524,
    0xF524, 0xF5E9, 0xF6F2, 0xF7BD, 0xF79D, 0xFFBE, 0xFFFF, 0xFFFF, 0xFFFF, 0xFFFF, 0xFFFF, 0xFFFF,
    0xFFFF, 0xFFFF, 0xFFFF, 0xFFFF, 0x8004, 0x0024, 0xFFFF, 0xFFFF, 0xFFFF, 0xFFFF, 0xFFFF, 0xFFFF,
    0xFFFF, 0xFFFF, 0xFFFF, 0xFFDE, 0xFFDE, 0xF7FD, 0xF7FD, 0xFFBE, 0xF7BD, 0xF5E9, 0xF524, 0xF524,
    0xD2C2, 0xD2C2, 0xD2C2, 0xF524, 0xF5E9, 0xF524, 0xF797, 0xFFBE, 0xFFDE, 0xFFFF, 0xFFFF, 0xFFFF,
    0xFFFF, 0xFFFF, 0xFFFF, 0xFFFF, 0xFFFF, 0xFFFF, 0x8004, 0x0024, 0xFFFF, 0xFFFF, 0xFFFF, 0xFFFF,
    0xFFFF, 0xFFFF, 0xFFFF, 0xFFDE, 0xFFDE, 0xF7BD, 0xF79D, 0xF6F2, 0xF6F2, 0xFFDE, 0xF5E9, 0xF524,
    0xD2C2, 0xD2C2, 0xF524, 0xF524, 0xF524, 0xF524, 0xF6F2, 0xF5E9, 0xF524, 0xF797, 0xF79D, 0xFFBE,
    0xFFFF, 0xFFFF, 0xFFFF, 0xFFFF, 0xFFFF, 0xFFFF, 0xFFFF, 0xFFFF, 0x8004, 0x0024, 0xFFFF, 0xFFFF,
    0xFFFF, 0xFFFF, 0xFFFF, 0xFFFF, 0xFFBE, 0xF79D, 0xF7BD, 0xF6F2, 0xC9C1, 0x98E1, 0xF797, 0xF6F2,
    0xF524, 0xD2C2, 0xD2C2, 0xF524, 0xF524, 0xF524, 0xF524, 0xF524, 0xF5E9, 0xF5E9, 0xF5E9, 0xF5E9,
    0xF79D, 0xF79D, 0xFFDE, 0xFFFF, 0xFFFF, 0xFFFF, 0xFFFF, 0xFFFF, 0xFFFF, 0xFFFF, 0x8004, 0x0024,
    0xFFFF, 0xFFFF, 0xFFFF, 0xFFFF, 0xFFFF, 0xFFBE, 0xF79D, 0xFFBE, 0xE426, 0x98E1, 0x98E1, 0xE426,
    0xFFFF, 0xF5E9, 0xF524, 0xD2C2, 0xF524, 0xF524, 0xF524, 0xF524, 0xF524, 0xF5E9, 0xF5E9, 0xF5E9,
    0xE426, 0xD2C2, 0xF5E9, 0xFFFF, 0xFFFF, 0xF7BD, 0xFFFF, 0xFFFF, 0xFFFF, 0xFFFF, 0xFFFF, 0xFFFF,
    0x8004, 0x0024, 0xFFFF, 0xFFFF, 0xFFFF, 0xFFFF, 0xF79D, 0xF7BD, 0xF79D, 0xE426, 0xF9E0, 0xC9C1,
    0x98E1, 0xF6F2, 0xF797, 0xF524, 0xD2C2, 0xF524, 0xF524, 0xF524, 0xF524, 0xF524, 0xF524, 0xF524,
    0xE426, 0x98E1, 0xD2C2, 0xF524, 0xF524, 0xF6F2, 0xF79D, 0xFFFF, 0xF7BD, 0xFFDE, 0xFFFF, 0xFFFF,
    0xFFFF, 0xFFFF, 0x8004, 0x0024, 0xFFFF, 0xFFFF, 0xFFFF, 0xFFBE, 0xF7BD, 0xF797, 0x2820, 0x98E1,
    0xFAE3, 0x98E1, 0x98E1, 0xF6F2, 0xF6F2, 0xF524, 0xE426, 0xF524, 0xF524, 0xF524, 0xF524, 0xF524,
    0xF524, 0xF524, 0xD2C2, 0xF524, 0xF524, 0xF5E9, 0xF524, 0x2820, 0x2820, 0xE426, 0xF7FD, 0xFFDE,
    0xFFFF, 0xFFFF, 0xFFFF, 0xFFFF, 0x8004, 0x0024, 0xFFFF, 0xFFFF, 0xFFFF, 0xF7BD, 0xFFFF, 0xE426,
    0x98E1, 0x98E1, 0x98E1, 0x2820, 0x2820, 0xF6F2, 0xF797, 0xF524, 0xF524, 0xF524, 0xF524, 0xF524,
    0xF524, 0xF524, 0xF524, 0xF524, 0xF524, 0xF524, 0xF524, 0xF524, 0xD2C2, 0x98E1, 0x98E1, 0xF9E0,
    0xF6F2, 0xFFFF, 0xFFFF, 0xFFFF, 0xFFFF, 0xFFFF, 0x8004, 0x0024, 0xFFFF, 0xFFFF, 0xFFFF, 0xF79D,
    0xF7FD, 0xE426, 0xF9E0, 0xFAC2, 0xD2C2, 0xC9C1, 0xC9C1, 0xE426, 0xE426, 0xD2C2, 0xD2C2, 0xD2C2,
    0xD2C2, 0xE426, 0xE426, 0xD2C2, 0xD2C2, 0xD2C2, 0xD2C2, 0xC9C1, 0xC9C1, 0xC9C1, 0xC9C1, 0xFAE3,
    0xFAA2, 0xF9E0, 0xF6F2, 0xFFFF, 0xFFFF, 0xFFFF, 0xFFFF, 0xFFFF, 0x8004, 0x0024, 0xFFFF, 0xFFFF,
    0xFFFF, 0xF79D, 0xFFFF, 0xF6F2, 0xF9E0, 0xFAA2, 0xFAC2, 0xFAC2, 0xFAC2, 0xF9E0, 0xF9E0, 0xFA82,
    0xFA82, 0xC9C1, 0xC9C1, 0xC9C1, 0xC9C1, 0xC9C1, 0xF9E0, 0xF9E0, 0xFA82, 0xFA82, 0xFAA2, 0xFA82,
    0xFAA2, 0xFAC2, 0xF9E0, 0xFA82, 0xF797, 0xF7FF, 0xFFFF, 0xFFFF, 0xFFFF, 0xFFFF, 0x8004, 0x0024,
    0xFFFF, 0xFFFF, 0xFFFF, 0xFFBE, 0xF7FF, 0xF6F2, 0xF9E0, 0xFA82, 0xFAC2, 0xFAA2, 0xFAA2, 0xFA82,
    0xFA82, 0xFAA2, 0xFAA2, 0xFAA2, 0xFAA2, 0xFAA2, 0xFAA2, 0xFAA2, 0xFAA2, 0xFAA2, 0xFAA2, 0xFAA2,
    0xFAA2, 0xFAC2, 0xFAA2, 0xFAC2, 0xF9E0, 0xFAE3, 0xF7FD, 0xFFFF, 0xFFFF, 0xFFFF, 0xFFFF, 0xFFFF,
    0x8004, 0x0024, 0xFFFF, 0xFFFF, 0xFFFF, 0xFFFF, 0xF7BD, 0xFFBE, 0xE426, 0xC9C1, 0xFA82, 0xFAC2,
    0xFAC2, 0xFAC2, 0xFAC2, 0xFAC2, 0xFAA2, 0xFAC2, 0xFAC2, 0xFAC2, 0xFAC2, 0xFAC2, 0xFAC2, 0xFAC2,
    0xFAC2, 0xFAC2, 0xFAC2, 0xFAC2, 0xFAC2, 0xF9E0, 0xC9C1, 0xF6F2, 0xF7BD, 0xF79D, 0xFFFF, 0xFFFF,
    0xFFFF, 0xFFFF, 0x8004, 0x0024, 0xFFFF, 0xFFFF, 0xFFFF, 0xFFFF, 0xFFBE, 0xF7BD, 0xF7BD, 0x98E1,
    0x98E1, 0x98E1, 0x98E1, 0xD2C2, 0xD2C2, 0xD2C2, 0xD2C2, 0xD2C2, 0xD2C2, 0xD2C2, 0xD2C2, 0xD2C2,
    0xD2C2, 0xD2C2, 0xD2C2, 0xD2C2, 0xC9C1, 0x98E1, 0x98E1, 0x98E1, 0xE426, 0xF7FF, 0xF797, 0xFFFF,
    0xFFFF, 0xFFFF, 0xFFFF, 0xFFFF, 0x8004, 0x0024, 0xFFFF, 0xFFFF, 0xFFFF, 0xFFFF, 0xFFFF, 0xF79D,
    0xFFDE, 0xE426, 0xC9C1, 0xC9C1, 0x98E1, 0x2820, 0x98E1, 0x98E1, 0xC9C1, 0x98E1, 0x98E1, 0x98E1,
    0x98E1, 0x98E1, 0xC9C1, 0x98E1, 0x98E1, 0x2820, 0x98E1, 0xC9C1, 0xC9C1, 0xC9C1, 0xF6F2, 0xFFDE,
    0xF79D, 0xFFFF, 0xFFFF, 0xFFFF, 0xFFFF, 0xFFFF, 0x8004, 0x0024, 0xFFFF, 0xFFFF, 0xFFFF, 0xFFFF,
    0xFFFF, 0xF79D, 0xFFFF, 0xF5E9, 0xF9E0, 0xFAE3, 0x98E1, 0x98E1, 0x98E1, 0xD2C2, 0xFAC2, 0xFA82,
    0x98E1, 0x98E1, 0x98E1, 0xC9C1, 0xFAC2, 0xFA82, 0x98E1, 0x98E1, 0x98E1, 0xFAE3, 0xFAC2, 0xF9E0,
    0xF6F2, 0xFFFF, 0xF79D, 0xFFFF, 0xFFFF, 0xFFFF, 0xFFFF, 0xFFFF, 0x8004, 0x0024, 0xFFFF, 0xFFFF,
    0xFFFF, 0xFFFF, 0xFFFF, 0xFFBE, 0xF7FF, 0xF6F2, 0xF9E0, 0xFAC2, 0xC9C1, 0x98E1, 0x98E1, 0xD2C2,
    0xFAC2, 0xFAC2, 0x98E1, 0x98E1, 0x98E1, 0xD2C2, 0xFAE3, 0xFAC2, 0x98E1, 0x98E1, 0xC9C1, 0xFAC2,
    0xFA82, 0xF9E0, 0xF6F2, 0xF7BD, 0xF79D, 0xFFFF, 0xFFFF, 0xFFFF, 0xFFFF, 0xFFFF, 0x8004, 0x0024,
    0xFFFF, 0xFFFF, 0xFFFF, 0xFFFF, 0xFFFF, 0xFFDE, 0xF7FF, 0xF6F2, 0xF9E0, 0xFA82, 0xFAC2, 0xFA82,
    0xC9C1, 0xFA82, 0xFA82, 0xFAA2, 0xC9C1, 0xC9C1, 0xC9C1, 0xFA82, 0xFAA2, 0xFA82, 0xFA82, 0xFA82,
    0xFAA2, 0xFAA2, 0xFA82, 0xC9C1, 0xF797, 0xFFFF, 0xFFFF, 0xFFFF, 0xFFFF, 0xFFFF, 0xFFFF, 0xFFFF,
    0x8004, 0x0024, 0xFFFF, 0xFFFF, 0xFFFF, 0xFFFF, 0xFFFF, 0xFFFF, 0xFFFF, 0xF797, 0xF9E0, 0xFA82,
    0xFAA2, 0xFAC2, 0xFAC2, 0xFAA2, 0xFA82, 0xFA82, 0xFAA2, 0xFAC2, 0xFAC2, 0xFAA2, 0xFA82, 0xFA82,
    0xFAA2, 0xFAA2, 0xFAC2, 0xFAA2, 0xC9C1, 0xC9C1, 0xF7FD, 0xF7BD, 0xFFFF, 0xFFFF, 0xFFFF, 0xFFFF,
    0xFFFF, 0xFFFF, 0x8004, 0x0024, 0xFFFF, 0xFFFF, 0xFFFF, 0xFFFF, 0xFFFF, 0xFFFF, 0xF79D, 0xFFDE,
    0xFAE3, 0xF9E0, 0xF9E0, 0xFA82, 0xFA82, 0xFA82, 0xFA82, 0xFA82, 0xFA82, 0xFA82, 0xFA82, 0xFA82,
    0xFA82, 0xFA82, 0xFA82, 0xFAA2, 0xFA82, 0x98E1, 0x98E1, 0xE426, 0xFFFF, 0xF79D, 0xFFFF, 0xFFFF,
    0xFFFF, 0xFFFF, 0xFFFF, 0xFFFF, 0x8004, 0x0024, 0xFFFF, 0xFFFF, 0xFFFF, 0xFFFF, 0xFFFF, 0xFFFF,
    0xF7BD, 0xF79D, 0xF79D, 0xE426, 0xFA82, 0xF9E0, 0xF9E0, 0xF9E0, 0xF9E0, 0xF9E0, 0xF9E0, 0xF9E0,
    0xF9E0, 0xF9E0, 0xF9E0, 0xF9E0, 0xF9E0, 0xC9C1, 0x98E1, 0x98E1, 0xE426, 0xF7BD, 0xF79D, 0xF79D,
    0xFFFF, 0xFFFF, 0xFFFF, 0xFFFF, 0xFFFF, 0xFFFF, 0x8004, 0x0024, 0xFFFF, 0xFFFF, 0xFFFF, 0xFFFF,
    0xFFFF, 0xFFFF, 0xFFFF, 0xF79D, 0xF79D, 0xF7FF, 0xF79D, 0xF6F2, 0xF6F2, 0xF5E9, 0xE426, 0xE426,
    0xE426, 0xE426, 0xE426, 0xE426, 0xE426, 0xE426, 0xE426, 0xF5E9, 0xF6F2, 0xF79D, 0xFFFF, 0xF79D,
    0xF79D, 0xFFFF, 0xFFFF, 0xFFFF, 0xFFFF, 0xFFFF, 0xFFFF, 0xFFFF, 0x8004, 0x0024, 0xFFFF, 0xFFFF,
    0xFFFF, 0xFFFF, 0xFFFF, 0xFFFF, 0xFFFF, 0xFFFF, 0xFFFF, 0xF79D, 0xF79D, 0xF79D, 0xFFFF, 0xF7FF,
    0xFFFF, 0xF7FD, 0xF7FD, 0xF7FD, 0xF7FD, 0xF7FD, 0xF7FD, 0xFFFF, 0xFFFF, 0xFFFF, 0xF7FD, 0xF79D,
    0xF79D, 0xFFFF, 0xFFFF, 0xFFFF, 0xFFFF, 0xFFFF, 0xFFFF, 0xFFFF, 0xFFFF, 0xFFFF, 0x8004, 0x0024,
    0xFFFF, 0xFFFF, 0xFFFF, 0xFFFF, 0xFFFF, 0xFFFF, 0xFFFF, 0xFFFF, 0xFFFF, 0xFFFF, 0xFFFF, 0xFFDE,
    0xF79D, 0xF79D, 0xF79D, 0xF79D, 0xF79D, 0xF79D, 0xF79D, 0xF79D, 0xF79D, 0xF79D, 0xF79D, 0xF79D,
    0xFFBE, 0xFFFF, 0xFFFF, 0xFFFF, 0xFFFF, 0xFFFF, 0xFFFF, 0xFFFF, 0xFFFF, 0xFFFF, 0xFFFF, 0xFFFF,
    0x8004, 0x0024, 0xFFFF, 0xFFFF, 0xFFFF, 0xFFFF, 0xFFFF, 0xFFFF, 0xFFFF, 0xFFFF, 0xFFFF, 0xFFFF,
    0xFFFF, 0xFFFF, 0xFFFF, 0xFFFF, 0xFFFF, 0xFFFF, 0xFFFF, 0xFFFF, 0xFFFF, 0xFFFF, 0xFFFF, 0xFFFF,
    0xFFFF, 0xFFFF, 0xFFFF, 0xFFFF, 0xFFFF, 0xFFFF, 0xFFFF, 0xFFFF, 0xFFFF, 0xFFFF, 0xFFFF, 0xFFFF,
    0xFFFF, 0xFFFF, 0x8004, 0x0024, 0xFFFF, 0xFFFF, 0xFFFF, 0xFFFF, 0xFFFF, 0xFFFF, 0xFFFF, 0xFFFF,
    0xFFFF, 0xFFFF, 0xFFFF, 0xFFFF, 0xFFFF, 0xFFFF, 0xFFFF, 0xFFFF, 0xFFFF, 0xFFFF, 0xFFFF, 0xFFFF,
    0xFFFF, 0xFFFF, 0xFFFF, 0xFFFF, 0xFFFF, 0xFFFF, 0xFFFF, 0xFFFF, 0xFFFF, 0xFFFF, 0xFFFF, 0xFFFF,
    0xFFFF, 0xFFFF, 0xFFFF, 0xFFFF, 0x8005, 0x0022, 0xFFFF, 0xFFFF, 0xFFFF, 0xFFFF, 0xFFFF, 0xFFFF,
    0xFFFF, 0xFFFF, 0xFFFF, 0xFFFF, 0xFFFF, 0xFFFF, 0xFFFF, 0xFFFF, 0xFFFF, 0xFFFF, 0xFFFF, 0xFFFF,
    0xFFFF, 0xFFFF, 0xFFFF, 0xFFFF, 0xFFFF, 0xFFFF, 0xFFFF, 0xFFFF, 0xFFFF, 0xFFFF, 0xFFFF, 0xFFFF,
    0xFFFF, 0xFFFF, 0xFFFF, 0xFFFF, 0x8006, 0x0022, 0xFFFF, 0xFFFF, 0xFFFF, 0xFFFF, 0xFFFF, 0xFFFF,
    0xFFFF, 0xFFFF, 0xFFFF, 0xFFFF, 0xFFFF, 0xFFFF, 0xFFFF, 0xFFFF, 0xFFFF, 0xFFFF, 0xFFFF, 0xFFFF,
    0xFFFF, 0xFFFF, 0xFFFF, 0xFFFF, 0xFFFF, 0xFFFF, 0xFFFF, 0xFFFF, 0xFFFF, 0xFFFF, 0xFFFF, 0xFFFF,
    0xFFFF, 0xFFFF, 0xFFFF, 0xFFFF, 0x8008, 0x001E, 0xFFFF, 0xFFFF, 0xFFFF, 0xFFFF, 0xFFFF, 0xFFFF,
    0xFFFF, 0xFFFF, 0xFFFF, 0xFFFF, 0xFFFF, 0xFFFF, 0xFFFF, 0xFFFF, 0xFFFF, 0xFFFF, 0xFFFF, 0xFFFF,
    0xFFFF, 0xFFFF, 0xFFFF, 0xFFFF, 0xFFFF, 0xFFFF, 0xFFFF, 0xFFFF, 0xFFFF, 0xFFFF, 0xFFFF, 0xFFFF,
    0x8055, 0x8055, 0x001E, 0xFFFF, 0xFFFF, 0xFFFF, 0xFFFF, 0xFFFF, 0xFFFF, 0xFFFF, 0xFFFF, 0xFFFF,
    0xFFFF, 0xFFFF, 0xFFFF, 0xFFFF, 0xFFFF, 0xFFFF, 0xFFFF, 0xFFFF, 0xFFFF, 0xFFFF, 0xFFFF, 0xFFFF,
    0xFFFF, 0xFFFF, 0xFFFF, 0xFFFF, 0xFFFF, 0xFFFF, 0xFFFF, 0xFFFF, 0xFFFF, 0x8008, 0x0022, 0xFFFF,
    0xFFFF, 0xFFFF, 0xFFFF, 0xFFFF, 0xFFFF, 0xFFFF, 0xFFFF, 0xFFFF, 0xFFFF, 0xFFFF, 0xFFFF, 0xFFFF,
    0xFFFF, 0xFFFF, 0xFFFF, 0xFFFF, 0xFFFF, 0xFFFF, 0xFFFF, 0xFFFF, 0xFFFF, 0xFFFF, 0xFFFF, 0xFFFF,
    0xFFFF, 0xFFFF, 0xFFFF, 0xFFFF, 0xFFFF, 0xFFFF, 0xFFFF, 0xFFFF, 0xFFFF, 0x8006, 0x0022, 0xFFFF,
    0xFFFF, 0xFFFF, 0xFFFF, 0xFFFF, 0xFFFF, 0xFFFF, 0xFFFF, 0xFFFF, 0xFFFF, 0xFFFF, 0xFFFF, 0xFFFF,
    0xFFFF, 0xFFFF, 0xFFFF, 0xFFFF, 0xFFFF, 0xFFFF, 0xFFFF, 0xFFFF, 0xFFFF, 0xFFFF, 0xFFFF, 0xFFFF,
    0xFFFF, 0xFFFF, 0xFFFF, 0xFFFF, 0xFFFF, 0xFFFF, 0xFFFF, 0xFFFF, 0xFFFF, 0x8005, 0x0024, 0xFFFF,
    0xFFFF, 0xFFFF, 0xFFFF, 0xFFFF, 0xFFFF, 0xFFFF, 0xFFFF, 0xFFFF, 0xFFFF, 0xFFFF, 0xFFFF, 0xFFFF,
    0xFFFF, 0xFFFF, 0xFFFF, 0xFFFF, 0xFFFF, 0xFFFF, 0xFFFF, 0xFFFF, 0xFFFF, 0xFFFF, 0xFFFF, 0xFFFF,
    0xFFFF, 0xFFFF, 0xFFFF, 0xFFFF, 0xFFFF, 0xFFFF, 0xFFFF, 0xFFFF, 0xFFFF, 0xFFFF, 0xFFFF, 0x8004,
    0x0024, 0xFFFF, 0xFFFF, 0xFFFF, 0xFFFF, 0xFFFF, 0xFFFF, 0xFFFF, 0xFFFF, 0xFFFF, 0xFFFF, 0xFFFF,
    0xFFFF, 0xFFFF, 0xFFFF, 0xFFFF, 0xFFFF, 0xFFFF, 0xFFFF, 0xFFFF, 0xFFFF, 0xFFFF, 0xFFFF, 0xFFFF,
    0xFFFF, 0xFFFF, 0xFFFF, 0xFFFF, 0xFFFF, 0xFFFF, 0xFFFF, 0xFFFF, 0xFFFF, 0xFFFF, 0xFFFF, 0xFFFF,
    0xFFFF, 0x8004, 0x0024, 0xFFFF, 0xFFFF, 0xFFFF, 0xFFFF, 0xFFFF, 0xFFFF, 0xFFFF, 0xFFFF, 0xFFFF,
    0xFFFF, 0xFFFF, 0xFFFF, 0xFFFF, 0xFFFF, 0xFFFF, 0xFFFF, 0xFFFF, 0xFFFF, 0xFFFF, 0xFFFF, 0xFFFF,
    0xFFFF, 0xFFFF, 0xFFFF, 0xFFFF, 0xFFFF, 0xFFFF, 0xFFFF, 0xFFFF, 0xFFFF, 0xFFFF, 0xFFFF, 0xFFFF,
    0xFFFF, 0xFFFF, 0xFFFF, 0x8004, 0x0024, 0xFFFF, 0xFFFF, 0xFFFF, 0xFFFF, 0xFFFF, 0xFFFF, 0xFFFF,
    0xFFFF, 0xFFFF, 0xFFFF, 0xFFFF, 0xFFFF, 0xFFFF, 0xFFFF, 0xFFFF, 0xFFFF, 0xFFFF, 0xFFFF, 0xFFFF,
    0xFFFF, 0xFFFF, 0xFFFF, 0xFFFF, 0xFFFF, 0xFFFF, 0xFFFF, 0xFFFF, 0xFFFF, 0xFFFF, 0xFFFF, 0xFFFF,
    0xFFFF, 0xFFFF, 0xFFFF, 0xFFFF, 0xFFFF, 0x8004, 0x0024, 0xFFFF, 0xFFFF, 0xFFFF, 0xFFFF, 0xFFFF,
    0xFFFF, 0xFFFF, 0xFFFF, 0xFFFF, 0xFFFF, 0xFFFF, 0xFFFF, 0xFFFF, 0xFFFF, 0xFFFF, 0xFFFF, 0xFFFF,
    0xFFFF, 0xFFFF, 0xFFFF, 0xFFFF, 0xFFFF, 0xFFFF, 0xFFFF, 0xFFFF, 0xFFFF, 0xFFFF, 0xFFFF, 0xFFFF,
    0xFFFF, 0xFFFF, 0xFFFF, 0xFFFF, 0xFFFF, 0xFFFF, 0xFFFF, 0x8004, 0x0024, 0xFFFF, 0xFFFF, 0xFFFF,
    0xFFFF, 0xFFFF, 0xFFFF, 0xFFDD, 0xFFFD, 0xFFDD, 0xFFDB, 0xF79B, 0xFFDB, 0xFFDB, 0xFFDB, 0xF79B,
    0xF79B, 0xFFDB, 0xFFDB, 0xFFDB, 0xFFDB, 0xF79B, 0xFFDB, 0xFFDB, 0xFFDB, 0xFFDD, 0xFFDB, 0xF7DD,
    0xFFFF, 0xFFFF, 0xFFFF, 0xFFFF, 0xFFFF, 0xFFFF, 0xFFFF, 0xFFFF, 0xFFFF, 0x8004, 0x0024, 0xFFFF,
    0xFFFF, 0xFFFF, 0xFFFF, 0xF7DD, 0xFFDB, 0xF79B, 0xE73B, 0xE73B, 0xE73B, 0xE73B, 0xE73B, 0xE73B,
    0xE73B, 0xE73B, 0xE73B, 0xE73B, 0xE73B, 0xE73B, 0xE73B, 0xE73B, 0xE73B, 0xE73B, 0xE73B, 0xE73B,
    0xE73B, 0xF7DD, 0xFFFD, 0xF79B, 0xFFFF, 0xFFFF, 0xFFFF, 0xFFFF, 0xFFFF, 0xFFFF, 0xFFFF, 0x8004,
    0x0024, 0xFFFF, 0xFFFF, 0xFFFF, 0xF7DD, 0xFFDB, 0xE73B, 0x2BD4, 0x0BB8, 0x0BF9, 0x0BF9, 0x0BB8,
    0x0BB8, 0x0BB8, 0x0BB8, 0x0BB8, 0x0BB8, 0x0BB8, 0x0BB8, 0x0BB8, 0x0BB8, 0x0BB8, 0x0BF9, 0x1BD8,
    0x1BD8, 0x0BB8, 0x0BF9, 0x1A4F, 0x9E52, 0xFFFD, 0xFFDD, 0xFFFF, 0xFFFF, 0xFFFF, 0xFFFF, 0xFFFF,
    0xFFFF, 0x8004, 0x0024, 0xFFFF, 0xFFFF, 0xFFFF, 0xF7DD, 0xFFDB, 0x4BD3, 0x0379, 0x0BF9, 0x0379,
    0x0379, 0x0379, 0x0379, 0x0379, 0x0379, 0x0379, 0x0379, 0x0379, 0x0379, 0x0379, 0x0379, 0x0379,
    0x0379, 0x0379, 0x0BF9, 0x0BB8, 0x0BF9, 0x0274, 0x0023, 0x9E52, 0xE73B, 0xE73B, 0xFFDB, 0xFFFF,
    0xFFFF, 0xFFFF, 0xFFFF, 0x8004, 0x0024, 0xFFFF, 0xFFFF, 0xFFFF, 0xFFFD, 0xE73B, 0x1BD8, 0x0BF9,
    0x0274, 0x092C, 0x1A4F, 0x1A4F, 0x1A4F, 0x1A4F, 0x1A4F, 0x1A4F, 0x1A4F, 0x1A4F, 0x1A4F, 0x1A4F,
    0x1A4F, 0x1A4F, 0x1A4F, 0x1A4F, 0x0BB8, 0x0BF9, 0x0BF9, 0x0274, 0x092C, 0x0023, 0x092C, 0x4BD3,
    0xF7DD, 0xF7DD, 0xFFFF, 0xFFFF, 0xFFFF, 0x8004, 0x0024, 0xFFFF, 0xFFFF, 0xFFFF, 0xFFFD, 0xC6F6,
    0x1BD8, 0x0379, 0x1A4F, 0x970D, 0x970D, 0x970D, 0x970D, 0x970D, 0x970D, 0x970D, 0x970D, 0x970D,
    0x970D, 0x970D, 0x970D, 0x970D, 0x970D, 0x970D, 0x2BD4, 0x0379, 0x0BF9, 0x0274, 0x092C, 0x092C,
    0x0274, 0x2BD4, 0xE73B, 0xFFFF, 0xFFFF, 0xFFFF, 0xFFFF, 0x8004, 0x0024, 0xFFFF, 0xFFFF, 0xFFFF,
    0xFFFD, 0xC6F6, 0x1BD8, 0x0379, 0x4BD3, 0xB78F, 0xB78F, 0xB78F, 0xB78F, 0xB78F, 0x970D, 0xB78F,
    0xB78F, 0x970D, 0x970D, 0x970D, 0x970D, 0x970D, 0x970D, 0x970D, 0x4BD3, 0x0379, 0x0BF9, 0x1A4F,
    0x092C, 0x1BD8, 0x0379, 0x2BD4, 0xE73B, 0xFFFD, 0xFFFF, 0xFFFF, 0xFFFF, 0x8004, 0x0024, 0xFFFF,
    0xFFFF, 0xFFFF, 0xFFFD, 0xC6F6, 0x1BD8, 0x0379, 0x1A4F, 0xB78F, 0xFFDB, 0xFFDB, 0xF7DD, 0xC6F6,
    0x9E52, 0xF79B, 0xF7DD, 0xC6F6, 0x970D, 0x970D, 0x970D, 0x970D, 0x970D, 0x970D, 0x4BD3, 0x0379,
    0x0BF9, 0x1A4F, 0x092C, 0x0BF9, 0x0274, 0x2BD4, 0xE73B, 0xFFFD, 0xFFFF, 0xFFFF, 0xFFFF, 0x8004,
    0x0024, 0xFFFF, 0xFFFF, 0xFFFF, 0xFFFD, 0xC6F6, 0x0BF9, 0x0379, 0x1A4F, 0xB78F, 0xFFFF, 0xFFFD,
    0xFFFF, 0xC6F6, 0xC6F6, 0xFFDB, 0xFFFD, 0xE73B, 0x970D, 0xB78F, 0xF79B, 0xE73B, 0xC6F6, 0x970D,
    0x2BD4, 0x0379, 0x0BF9, 0x1A4F, 0x092C, 0x1BD8, 0x0274, 0x2BD4, 0xF79B, 0xFFFD, 0xFFFF, 0xFFFF,
    0xFFFF, 0x8004, 0x0024, 0xFFFF, 0xFFFF, 0xF7DD, 0xFFDB, 0xC6F6, 0x0BF9, 0x0379, 0x4BD3, 0xB78F,
    0xC6F6, 0xC6F6, 0xC6F6, 0x970D, 0xC6F6, 0xFFFD, 0xFFFF, 0xE73B, 0x970D, 0xE73B, 0xFFFD, 0xFFDB,
    0xFFFD, 0xB78F, 0x2BD4, 0x0379, 0x0BF9, 0x1A4F, 0x092C, 0x1BD8, 0x0274, 0x2BD4, 0xF79B, 0xFFFD,
    0xFFFF, 0xFFFF, 0xFFFF, 0x8004, 0x0024, 0xFFFF, 0xFFFF, 0xF7DD, 0xFFDB, 0xC6F6, 0x0BF9, 0x0274,
    0x4BD3, 0x970D, 0x970D, 0x970D, 0x970D, 0x970D, 0xB78F, 0xC6F6, 0xC6F6, 0x9E52, 0x970D, 0xF79B,
    0xFFFD, 0xFFDB, 0xFFDB, 0x970D, 0x2BD4, 0x0379, 0x0BF9, 0x092C, 0x092C, 0x1BD8, 0x0274, 0x2BD4,
    0xF79B, 0xFFFD, 0xFFFF, 0xFFFF, 0xFFFF, 0x8004, 0x0024, 0xFFFF, 0xFFFF, 0xFFFF, 0xFFFD, 0xC6F6,
    0x0BF9, 0x0274, 0x4BD3, 0xB78F, 0x970D, 0x970D, 0x970D, 0x970D, 0x970D, 0x970D, 0x970D, 0x970D,
    0x970D, 0xC6F6, 0xF79B, 0xF79B, 0xE73B, 0x970D, 0x2BD4, 0x0379, 0x0BF9, 0x092C, 0x092C, 0x1BD8,
    0x0274, 0x4BD3, 0xF79B, 0xFFFD, 0xFFFF, 0xFFFF, 0xFFFF, 0x8004, 0x0024, 0xFFFF, 0xFFFF, 0xF7DD,
    0xFFDB, 0xC6F6, 0x0BF9, 0x0274, 0x4BD3, 0xB78F, 0x970D, 0x970D, 0x970D, 0x970D, 0x970D, 0xB78F,
    0xB78F, 0x970D, 0x970D, 0x970D, 0x970D, 0x970D, 0x970D, 0x970D, 0x4BD3, 0x0379, 0x0BF9, 0x092C,
    0x092C, 0x1BD8, 0x0274, 0x4BD3, 0xF79B, 0xFFFD, 0xFFFF, 0xFFFF, 0xFFFF, 0x8004, 0x0024, 0xFFFF,
    0xFFFF, 0xFFFF, 0xFFDB, 0xC6F6, 0x0BB8, 0x0379, 0x2BD4, 0x970D, 0x970D, 0x970D, 0x970D, 0x970D,
    0x970D, 0x970D, 0x970D, 0x970D, 0x970D, 0x970D, 0x970D, 0x970D, 0x970D, 0x970D, 0x2BD4, 0x0BF9,
    0x1BD8, 0x092C, 0x1A4F, 0x1BD8, 0x0274, 0x4BD3, 0xFFDB, 0xFFFD, 0xFFFF, 0xFFFF, 0xFFFF, 0x8004,
    0x0024, 0xFFFF, 0xFFFF, 0xFFFF, 0xFFFD, 0xC6F6, 0x0379, 0x0BF9, 0x0379, 0x0274, 0x0274, 0x0274,
    0x1BD8, 0x1BD8, 0x0274, 0x0274, 0x0274, 0x0BB8, 0x2BD4, 0x2BD4, 0x2BD4, 0x1BD8, 0x1BD8, 0x1BD8,
    0x0BB8, 0x0BF9, 0x1BD8, 0x092C, 0x1A4F, 0x1BD8, 0x0274, 0x4BD3, 0xFFDB, 0xFFFD, 0xFFFF, 0xFFFF,
    0xFFFF, 0x8004, 0x0024, 0xFFFF, 0xFFFF, 0xFFFF, 0xFFFD, 0xC6F6, 0x1BD8, 0x0379, 0x1BD8, 0x9E52,
    0x9E52, 0x9E52, 0x1BD8, 0x1BD8, 0x9E52, 0x9E52, 0x9E52, 0x1BD8, 0x0379, 0x0379, 0x0379, 0x0379,
    0x0379, 0x0379, 0x1BD8, 0x0BF9, 0x1BD8, 0x092C, 0x1A4F, 0x0BF9, 0x0274, 0x4BD3, 0xFFDB, 0xFFDD,
    0xFFFF, 0xFFFF, 0xFFFF, 0x8004, 0x0024, 0xFFFF, 0xFFFF, 0xFFFF, 0xFFFD, 0xE73B, 0x1BD8, 0x0379,
    0x2BD4, 0xB78F, 0xB78F, 0xB78F, 0x4BD3, 0x2BD4, 0xB78F, 0xB78F, 0xB78F, 0x4BD3, 0x0379, 0x1BD8,
    0x0BF9, 0x092C, 0x092C, 0x092C, 0x1A4F, 0x0BF9, 0x1BD8, 0x092C, 0x092C, 0x1A4F, 0x0274, 0x4BD3,
    0xFFDB, 0xF7DD, 0xFFFF, 0xFFFF, 0xFFFF, 0x8004, 0x0024, 0xFFFF, 0xFFFF, 0xFFFF, 0xFFFF, 0xF79B,
    0x1A4F, 0x0274, 0x0BF9, 0x0BF9, 0x0BF9, 0x0BF9, 0x0BF9, 0x0BF9, 0x1BD8, 0x1BD8, 0x1BD8, 0x0BF9,
    0x0BF9, 0x0BF9, 0x0BF9, 0x1BD8, 0x0BB8, 0x0BB8, 0x1BD8, 0x0BF9, 0x1BD8, 0x092C, 0x092C, 0x092C,
    0x0023, 0x4BD3, 0xFFFD, 0xFFDD, 0xFFFF, 0xFFFF, 0xFFFF, 0x8004, 0x0024, 0xFFFF, 0xFFFF, 0xFFFF,
    0xF79B, 0xFFFD, 0x4BD3, 0x0023, 0x092C, 0x092C, 0x092C, 0x092C, 0x1A4F, 0x1A4F, 0x0274, 0x0274,
    0x0274, 0x1A4F, 0x1A4F, 0x1A4F, 0x1A4F, 0x0274, 0x0274, 0x0274, 0x1A4F, 0x1A4F, 0x092C, 0x092C,
    0x0023, 0x092C, 0x4BD3, 0xE73B, 0xE73B, 0xE73B, 0xFFFF, 0xFFFF, 0xFFFF, 0x8004, 0x0024, 0xFFFF,
    0xFFFF, 0xFFFF, 0xFFFF, 0xE73B, 0xFFDD, 0xC6F6, 0x4BD3, 0x1A4F, 0x1A4F, 0x1A4F, 0x092C, 0x092C,
    0x092C, 0x092C, 0x092C, 0x092C, 0x092C, 0x092C, 0x092C, 0x092C, 0x092C, 0x092C, 0x092C, 0x092C,
    0x092C, 0x1A4F, 0x9E52, 0xE73B, 0xFFFF, 0xF79B, 0xE73B, 0xFFFF, 0xFFFF, 0xFFFF, 0xFFFF, 0x8004,
    0x0024, 0xFFFF, 0xFFFF, 0xFFFF, 0xFFFF, 0xFFFF, 0xE73B, 0xFFDB, 0xFFFD, 0xFFDB, 0xFFFD, 0xFFFD,
    0xFFDB, 0xFFDB, 0xF79B, 0xF79B, 0xF79B, 0xF79B, 0xE73B, 0xE73B, 0xE73B, 0xE73B, 0xE73B, 0xF79B,
    0xF79B, 0xF79B, 0xFFDB, 0xFFFD, 0xFFFD, 0xE73B, 0xE73B, 0xFFFF, 0xFFFF, 0xFFFF, 0xFFFF, 0xFFFF,
    0xFFFF, 0x8004, 0x0024, 0xFFFF, 0xFFFF, 0xFFFF, 0xFFFF, 0xFFFF, 0xFFFF, 0xF7DD, 0xF79B, 0xE73B,
    0xE73B, 0xF79B, 0xF79B, 0xF79B, 0xFFDB, 0xFFDB, 0xFFDB, 0xFFDB, 0xFFDB, 0xFFDB, 0xFFDB, 0xFFDB,
    0xFFDB, 0xFFDB, 0xFFDB, 0xFFDB, 0xF79B, 0xF79B, 0xF79B, 0xFFFF, 0xFFFF, 0xFFFF, 0xFFFF, 0xFFFF,
    0xFFFF, 0xFFFF, 0xFFFF, 0x8004, 0x0024, 0xFFFF, 0xFFFF, 0xFFFF, 0xFFFF, 0xFFFF, 0xFFFF, 0xFFFF,
    0xFFFF, 0xFFFF, 0xFFFF, 0xFFFF, 0xFFFF, 0xFFFF, 0xFFFF, 0xFFFF, 0xFFFF, 0xFFFF, 0xFFFF, 0xFFFF,
    0xFFFF, 0xFFFF, 0xFFFF, 0xFFFF, 0xFFFF, 0xFFFF, 0xFFFF, 0xFFFF, 0xFFFF, 0xFFFF, 0xFFFF, 0xFFFF,
    0xFFFF, 0xFFFF, 0xFFFF, 0xFFFF, 0xFFFF, 0x8004, 0x0024, 0xFFFF, 0xFFFF, 0xFFFF, 0xFFFF, 0xFFFF,
    0xFFFF, 0xFFFF, 0xFFFF, 0xFFFF, 0xFFFF, 0xFFFF, 0xFFFF, 0xFFFF, 0xFFFF, 0xFFFF, 0xFFFF, 0xFFFF,
    0xFFFF, 0xFFFF, 0xFFFF, 0xFFFF, 0xFFFF, 0xFFFF, 0xFFFF, 0xFFFF, 0xFFFF, 0xFFFF, 0xFFFF, 0xFFFF,
    0xFFFF, 0xFFFF, 0xFFFF, 0xFFFF, 0xFFFF, 0xFFFF, 0xFFFF, 0x8004, 0x0024, 0xFFFF, 0xFFFF, 0xFFFF,
    0xFFFF, 0xFFFF, 0xFFFF, 0xFFFF, 0xFFFF, 0xFFFF, 0xFFFF, 0xFFFF, 0xFFFF, 0xFFFF, 0xFFFF, 0xFFFF,
    0xFFFF, 0xFFFF, 0xFFFF, 0xFFFF, 0xFFFF, 0xFFFF, 0xFFFF, 0xFFFF, 0xFFFF, 0xFFFF, 0xFFFF, 0xFFFF,
    0xFFFF, 0xFFFF, 0xFFFF, 0xFFFF, 0xFFFF, 0xFFFF, 0xFFFF, 0xFFFF, 0xFFFF, 0x8005, 0x0022, 0xFFFF,
    0xFFFF, 0xFFFF, 0xFFFF, 0xFFFF, 0xFFFF, 0xFFFF, 0xFFFF, 0xFFFF, 0xFFFF, 0xFFFF, 0xFFFF, 0xFFFF,
    0xFFFF, 0xFFFF, 0xFFFF, 0xFFFF, 0xFFFF, 0xFFFF, 0xFFFF, 0xFFFF, 0xFFFF, 0xFFFF, 0xFFFF, 0xFFFF,
    0xFFFF, 0xFFFF, 0xFFFF, 0xFFFF, 0xFFFF, 0xFFFF, 0xFFFF, 0xFFFF, 0xFFFF, 0x8006, 0x0022, 0xFFFF,
    0xFFFF, 0xFFFF, 0xFFFF, 0xFFFF, 0xFFFF, 0xFFFF, 0xFFFF, 0xFFFF, 0xFFFF, 0xFFFF, 0xFFFF, 0xFFFF,
    0xFFFF, 0xFFFF, 0xFFFF, 0xFFFF, 0xFFFF, 0xFFFF, 0xFFFF, 0xFFFF, 0xFFFF, 0xFFFF, 0xFFFF, 0xFFFF,
    0xFFFF, 0xFFFF, 0xFFFF, 0xFFFF, 0xFFFF, 0xFFFF, 0xFFFF, 0xFFFF, 0xFFFF, 0x8008, 0x001E, 0xFFFF,
    0xFFFF, 0xFFFF, 0xFFFF, 0xFFFF, 0xFFFF, 0xFFFF, 0xFFFF, 0xFFFF, 0xFFFF, 0xFFFF, 0xFFFF, 0xFFFF,
    0xFFFF, 0xFFFF, 0xFFFF, 0xFFFF, 0xFFFF, 0xFFFF, 0xFFFF, 0xFFFF, 0xFFFF, 0xFFFF, 0xFFFF, 0xFFFF,
    0xFFFF, 0xFFFF, 0xFFFF, 0xFFFF, 0xFFFF, 0x8055, 0x8055, 0x001E, 0xFFFF, 0xFFFF, 0xFFFF, 0xFFFF,
    0xFFFF, 0xFFFF, 0xFFFF, 0xFFFF, 0xFFFF, 0xFFFF, 0xFFFF, 0xFFFF, 0xFFFF, 0xFFFF, 0xFFFF, 0xFFFF,
    0xFFFF, 0xFFFF, 0xFFFF, 0xFFFF, 0xFFFF, 0xFFFF, 0xFFFF, 0xFFFF, 0xFFFF, 0xFFFF, 0xFFFF, 0xFFFF,
    0xFFFF, 0xFFFF, 0x8008, 0x0022, 0xFFFF, 0xFFFF, 0xFFFF, 0xFFFF, 0xFFFF, 0xFFFF, 0xFFFF, 0xFFFF,
    0xFFFF, 0xFFFF, 0xFFFF, 0xFFFF, 0xFFFF, 0xFFFF, 0xFFFF, 0xFFFF, 0xFFFF, 0xFFFF, 0xFFFF, 0xFFFF,
    0xFFFF, 0xFFFF, 0xFFFF, 0xFFFF, 0xFFFF, 0xFFFF, 0xFFFF, 0xFFFF, 0xFFFF, 0xFFFF, 0xFFFF, 0xFFFF,
    0xFFFF, 0xFFFF, 0x8006, 0x0022, 0xFFFF, 0xFFFF, 0xFFFF, 0xFFFF, 0xFFFF, 0xFFFF, 0xFFFF, 0xFFFF,
    0xFFFF, 0xFFFF, 0xFFFF, 0xFFFF, 0xFFFF, 0xFFFF, 0xFFFF, 0xFFFF, 0xFFFF, 0xFFFF, 0xFFFF, 0xFFFF,
    0xFFFF, 0xFFFF, 0xFFFF, 0xFFFF, 0xFFFF, 0xFFFF, 0xFFFF, 0xFFFF, 0xFFFF, 0xFFFF, 0xFFFF, 0xFFFF,
    0xFFFF, 0xFFFF, 0x8005, 0x0024, 0xFFFF, 0xFFFF, 0xFFFF, 0xFFFF, 0xFFFF, 0xFFFF, 0xFFFF, 0xFFFF,
    0xFFFF, 0xFFFF, 0xFFFF, 0xFFFF, 0xFFFF, 0xFFFF, 0xFFFF, 0xFFFF, 0xFFFF, 0xFFFF, 0xFFFF, 0xFFFF,
    0xFFFF, 0xFFFF, 0xFFFF, 0xFFFF, 0xFFFF, 0xFFFF, 0xFFFF, 0xFFFF, 0xFFFF, 0xFFFF, 0xFFFF, 0xFFFF,
    0xFFFF, 0xFFFF, 0xFFFF, 0xFFFF, 0x8004, 0x0024, 0xFFFF, 0xFFFF, 0xFFFF, 0xFFFF, 0xFFFF, 0xFFFF,
    0xFFFF, 0xFFFF, 0xFFFF, 0xFFFF, 0xFFFF, 0xFFFF, 0xFFFF, 0xFFFF, 0xFFFF, 0xFFFF, 0xFFFF, 0xFFFF,
    0xFFFF, 0xFFFF, 0xFFFF, 0xFFFF, 0xFFFF, 0xFFFF, 0xFFFF, 0xFFFF, 0xFFFF, 0xFFFF, 0xFFFF, 0xFFFF,
    0xFFFF, 0xFFFF, 0xFFFF, 0xFFFF, 0xFFFF, 0xFFFF, 0x8004, 0x0024, 0xFFFF, 0xFFFF, 0xFFFF, 0xFFFF,
    0xFFFF, 0xFFFF, 0xFFFF, 0xFFFF, 0xFFFF, 0xFFFF, 0xFFFF, 0xFFFF, 0xF79C, 0xFFFD, 0xFFFD, 0xF7BE,
    0xFFFF, 0xFFFF, 0xFFFF, 0xFFFF, 0xFFFF, 0xFFFF, 0xFFFF, 0xFFFF, 0xFFFF, 0xFFFF, 0xFFFF, 0xFFFF,
    0xFFFF, 0xFFFF, 0xFFFF, 0xFFFF, 0xFFFF, 0xFFFF, 0xFFFF, 0xFFFF, 0x8004, 0x0024, 0xFFFF, 0xFFFF,
    0xFFFF, 0xFFFF, 0xFFFF, 0xFFFF, 0xFFFF, 0xFFFF, 0xFFFF, 0xFFFF, 0xFFFF, 0xF7BC, 0xFFFD, 0xF79C,
    0xF79C, 0xF7BC, 0xF79C, 0xFFFF, 0xFFFF, 0xFFFF, 0xFFFF, 0xFFFF, 0xFFFF, 0xFFFF, 0xFFFF, 0xFFFF,
    0xFFFF, 0xFFFF, 0xFFFF, 0xFFFF, 0xFFFF, 0xFFFF, 0xFFFF, 0xFFFF, 0xFFFF, 0xFFFF, 0x8004, 0x0024,
    0xFFFF, 0xFFFF, 0xFFFF, 0xFFFF, 0xFFFF, 0xFFFF, 0xFFFF, 0xF79C, 0xFFFD, 0xFFFD, 0xF79C, 0xFFFD,
    0xCE9A, 0x02B5, 0x02B5, 0xCE9A, 0xF7BC, 0xF79C, 0xFFFD, 0xFFFD, 0xF79C, 0xFFFF, 0xFFFF, 0xFFFF,
    0xFFFF, 0xFFFF, 0xFFFF, 0xFFFF, 0xFFFF, 0xFFFF, 0xFFFF, 0xFFFF, 0xFFFF, 0xFFFF, 0xFFFF, 0xFFFF,
    0x8004, 0x0024, 0xFFFF, 0xFFFF, 0xFFFF, 0xFFFF, 0xFFFF, 0xFFFF, 0xF7BC, 0xFFFD, 0xCE9A, 0xCE9A,
    0xFFFD, 0xF79C, 0x13D8, 0x02B5, 0x02B5, 0x13D8, 0xF79C, 0xFFFD, 0xCE9A, 0xCE9A, 0xFFFD, 0xF79C,
    0xFFFF, 0xFFFF, 0xFFFF, 0xFFFF, 0xFFFF, 0xFFFF, 0xFFFF, 0xFFFF, 0xFFFF, 0xFFFF, 0xFFFF, 0xFFFF,
    0xFFFF, 0xFFFF, 0x8004, 0x0024, 0xFFFF, 0xFFFF, 0xFFFF, 0xFFFF, 0xFFFF, 0xF79C, 0xF7BC, 0x63F1,
    0x02B5, 0x02B5, 0x63F1, 0x13D8, 0x0B97, 0x13D8, 0x13D8, 0x0B97, 0x63F1, 0x63F1, 0x02B5, 0x02B5,
    0x63F1, 0xF7BC, 0xF79C, 0xFFFF, 0xFFFF, 0xFFFF, 0xFFFF, 0xFFFF, 0xFFFF, 0xFFFF, 0xFFFF, 0xFFFF,
    0xFFFF, 0xFFFF, 0xFFFF, 0xFFFF, 0x8004, 0x0024, 0xFFFF, 0xFFFF, 0xFFFF, 0xFFFF, 0xFFDE, 0xFFFD,
    0xCE9A, 0x02B5, 0x13D8, 0x13D8, 0x02B5, 0x0B97, 0x13D8, 0x13D8, 0x13D8, 0x13D8, 0x02B5, 0x02B5,
    0x13D8, 0x0B97, 0x02B5, 0xCE9A, 0xFFFD, 0xF7BE, 0xFFFF, 0xFFFF, 0xFFFF, 0xFFFF, 0xFFFF, 0xFFFF,
    0xFFFF, 0xFFFF, 0xFFFF, 0xFFFF, 0xFFFF, 0xFFFF, 0x8004, 0x0024, 0xFFFF, 0xFFFF, 0xFFFF, 0xFFFF,
    0xFFFF, 0xF7BC, 0xF718, 0x13D8, 0x0B97, 0x13D8, 0x13D8, 0x13D8, 0x1419, 0x1419, 0x1419, 0x1419,
    0x13D8, 0x13D8, 0x13D8, 0x0B97, 0x13D8, 0xCE9A, 0xF7BC, 0xF79C, 0xFFFF, 0xFFDE, 0xF7BE, 0xFFFF,
    0xFFFF, 0xFFFF, 0xFFFF, 0xFFFF, 0xFFFF, 0xFFFF, 0xFFFF, 0xFFFF, 0x8004, 0x0024, 0xFFFF, 0xFFFF,
    0xFFFF, 0xFFDE, 0xF7BE, 0xF7BC, 0xFFFD, 0x63F1, 0x02B5, 0x0B97, 0x13D8, 0x1419, 0x02B5, 0x02B5,
    0x02B5, 0x02B5, 0x1419, 0x13D8, 0x0B97, 0x02B5, 0x63F1, 0xFFFD, 0xF7BC, 0xFFFD, 0xF79C, 0xF7BE,
    0xF7BE, 0xF79C, 0xFFFF, 0xFFFF, 0xFFFF, 0xFFFF, 0xFFFF, 0xFFFF, 0xFFFF, 0xFFFF, 0x8004, 0x0024,
    0xFFFF, 0xFFFF, 0xFFFF, 0xF7BE, 0xF7BC, 0xF79C, 0xCE9A, 0x13D8, 0x0B97, 0x13D8, 0x1419, 0x02B5,
    0x4127, 0x63F1, 0x63F1, 0x4127, 0x02B5, 0x1419, 0x13D8, 0x0B97, 0x02B5, 0x63F1, 0xCE9A, 0xCD4D,
    0xCD4D, 0xCD4D, 0xF718, 0xF79C, 0xFFFF, 0xFFDE, 0xF79C, 0xFFFF, 0xFFFF, 0xFFFF, 0xFFFF, 0xFFFF,
    0x8004, 0x0024, 0xFFFF, 0xFFFF, 0xFFDE, 0xFFFD, 0xCE9A, 0x13D8, 0x0B97, 0x0B97, 0x13D8, 0x1419,
    0x02B5, 0x4127, 0xCE9A, 0xFFFF, 0xFFFF, 0xCE9A, 0x4127, 0x02B5, 0x1419, 0x02B5, 0x72A8, 0x4127,
    0x0086, 0x72A8, 0xFD40, 0xEC00, 0xF4A1, 0xFFFF, 0xF7BC, 0xF718, 0xFFDE, 0xF7BE, 0xFFFF, 0xFFFF,
    0xFFFF, 0xFFFF, 0x8004, 0x0024, 0xFFFF, 0xFFFF, 0xF7BE, 0xF7BC, 0xCE9A, 0x02B5, 0x0B97, 0x13D8,
    0x13D8, 0x1419, 0x02B5, 0x63F1, 0xFFFF, 0xF7BC, 0xF7BC, 0xFFFF, 0x63F1, 0x02B5, 0x02B5, 0xEC00,
    0xFD40, 0xF4A1, 0xEC00, 0xF4A1, 0xFD40, 0xF4A1, 0xF4A1, 0xCD4D, 0xF4A1, 0xEC00, 0xF718, 0xF79C,
    0xF7BE, 0xFFFF, 0xFFFF, 0xFFFF, 0x8004, 0x0024, 0xFFFF, 0xFFFF, 0xF7BE, 0xF7BC, 0xCE9A, 0x0B97,
    0x1419, 0x13D8, 0x0B97, 0x1419, 0x02B5, 0x63F1, 0xFFFD, 0xFFFD, 0xFFFD, 0xFFFF, 0x63F1, 0x02B5,
    0x72A8, 0xFD40, 0xFD40, 0xFD40, 0xFD40, 0xFD40, 0xFD40, 0xFD40, 0xFD40, 0xF4A1, 0xF4A1, 0xEC00,
    0xEC00, 0xF718, 0xFFDE, 0xFFDE, 0xFFFF, 0xFFFF, 0x8004, 0x0024, 0xFFFF, 0xFFFF, 0xF7BE, 0xFFFD,
    0xCE9A, 0x0086, 0x02B5, 0x13D8, 0x13D8, 0x13D8, 0x13D8, 0x0086, 0x63F1, 0xF718, 0xF79C, 0x63F1,
    0x0086, 0x0B97, 0x02B5, 0x72A8, 0xFD40, 0xF4A1, 0xFD40, 0xEC00, 0x72A8, 0x72A8, 0xEC00, 0xFD40,
    0xF4A1, 0xF4A1, 0xCD4D, 0xF79C, 0xF79C, 0xFFFF, 0xFFFF, 0xFFFF, 0x8004, 0x0024, 0xFFFF, 0xFFFF,
    0xFFDE, 0xF7BE, 0xF7BC, 0xCD4D, 0x4127, 0x02B5, 0x1419, 0x13D8, 0x1419, 0x0B97, 0x02B5, 0x0086,
    0x0086, 0x0086, 0x02B5, 0x02B5, 0x4127, 0x72A8, 0xFD40, 0xFD40, 0xEC00, 0x4127, 0x72A8, 0x72A8,
    0x4127, 0xEC00, 0xFD40, 0xF4A1, 0xF718, 0xF7BE, 0xF79C, 0xFFDE, 0xFFFF, 0xFFFF, 0x8004, 0x0024,
    0xFFFF, 0xFFFF, 0xFFFF, 0xF7BE, 0xF718, 0xFFDE, 0xFFFD, 0x63F1, 0x0B97, 0x13D8, 0x0B97, 0x13D8,
    0x13D8, 0x02B5, 0x02B5, 0x1419, 0x02B5, 0x72A8, 0xFD40, 0xFD40, 0xFD40, 0xF4A1, 0x4127, 0x63F1,
    0xFFFF, 0xFFFF, 0xCE9A, 0x4127, 0xF4A1, 0xFD40, 0xEC00, 0xF4A1, 0xF718, 0xFFFF, 0xFFFF, 0xFFFF,
    0x8004, 0x0024, 0xFFFF, 0xFFFF, 0xFFFF, 0xFFFF, 0xFFFF, 0xF7BC, 0xCE9A, 0x13D8, 0x0B97, 0x13D8,
    0x1419, 0x13D8, 0x0B97, 0x13D8, 0x13D8, 0x1419, 0x02B5, 0xEC00, 0xFD40, 0xF4A1, 0xFD40, 0xEC00,
    0x4127, 0xCE9A, 0xFFFF, 0xFFFD, 0xFFFF, 0x72A8, 0xEC00, 0xFD40, 0xFD40, 0xF4A1, 0xCD4D, 0xFFFF,
    0xFFFF, 0xFFFF, 0x8004, 0x0024, 0xFFFF, 0xFFFF, 0xFFFF, 0xFFFF, 0xFFDE, 0xFFFD, 0xCE9A, 0x02B5,
    0x1419, 0x1419, 0x02B5, 0x02B5, 0x13D8, 0x0B97, 0x0B97, 0x1419, 0x02B5, 0x72A8, 0xFD40, 0xFD40,
    0xFD40, 0xFD40, 0x4127, 0x72A8, 0xF79C, 0xFFFF, 0xCD4D, 0x4127, 0xF4A1, 0xFD40, 0xFD40, 0xEC00,
    0xCD4D, 0xFFFF, 0xFFFF, 0xFFFF, 0x8004, 0x0024, 0xFFFF, 0xFFFF, 0xFFFF, 0xFFFF, 0xFFFF, 0xF79C,
    0xF7BC, 0x63F1, 0x02B5, 0x0086, 0x4127, 0x4127, 0x0B97, 0x13D8, 0x13D8, 0x02B5, 0x4127, 0x0086,
    0x0086, 0x72A8, 0xFD40, 0xFD40, 0xEC00, 0x4127, 0x72A8, 0x72A8, 0x4127, 0xEC00, 0xFD40, 0xFD40,
    0x72A8, 0x4127, 0xCE9A, 0xFFFF, 0xFFFF, 0xFFFF, 0x8004, 0x0024, 0xFFFF, 0xFFFF, 0xFFFF, 0xFFFF,
    0xFFFF, 0xF7BE, 0xF79C, 0xF79C, 0x63F1, 0x63F1, 0xF79C, 0xCE9A, 0x02B5, 0x0B97, 0x1419, 0x02B5,
    0xCD4D, 0xCE9A, 0x63F1, 0x72A8, 0xEC00, 0xF4A1, 0xFD40, 0xF4A1, 0xEC00, 0xEC00, 0xEC00, 0xFD40,
    0xF4A1, 0xF4A1, 0x72A8, 0xCE9A, 0xF79C, 0xF7BE, 0xFFFF, 0xFFFF, 0x8004, 0x0024, 0xFFFF, 0xFFFF,
    0xFFFF, 0xFFFF, 0xFFFF, 0xFFFF, 0xF7BE, 0xF718, 0xF7BC, 0xF7BC, 0xF79C, 0xFFDE, 0x63F1, 0x0086,
    0x0086, 0x02B5, 0xFFDE, 0xFFFF, 0xFFFD, 0xF4A1, 0xFD40, 0xFD40, 0xF4A1, 0xFD40, 0xFD40, 0xFD40,
    0xFD40, 0xFD40, 0xFD40, 0xFD40, 0xEC00, 0xF718, 0xF7BE, 0xF79C, 0xFFFF, 0xFFFF, 0x8004, 0x0024,
    0xFFFF, 0xFFFF, 0xFFFF, 0xFFFF, 0xFFFF, 0xFFFF, 0xFFFF, 0xF7BE, 0xF7BE, 0xF79C, 0xF79C, 0xF7BC,
    0xF79C, 0xCE9A, 0xCE9A, 0xF79C, 0xF718, 0xF718, 0xF79C, 0x72A8, 0xEC00, 0xEC00, 0x4127, 0xEC00,
    0xFD40, 0xFD40, 0xEC00, 0x4127, 0xEC00, 0xEC00, 0x72A8, 0xF718, 0xF7BE, 0xF7BE, 0xFFFF, 0xFFFF,
    0x8004, 0x0024, 0xFFFF, 0xFFFF, 0xFFFF, 0xFFFF, 0xFFFF, 0xFFFF, 0xFFFF, 0xFFFF, 0xFFFF, 0xFFFF,
    0xFFFF, 0xF79C, 0xF718, 0xF7BC, 0xF7BC, 0xF718, 0xF7BE, 0xFFDE, 0xF7BE, 0xCE9A, 0x4127, 0x72A8,
    0xCE9A, 0x72A8, 0xEC00, 0xFD40, 0x72A8, 0xCD4D, 0x72A8, 0x72A8, 0xF79C, 0xF79C, 0xF79C, 0xFFFF,
    0xFFFF, 0xFFFF, 0x8004, 0x0024, 0xFFFF, 0xFFFF, 0xFFFF, 0xFFFF, 0xFFFF, 0xFFFF, 0xFFFF, 0xFFFF,
    0xFFFF, 0xFFFF, 0xFFFF, 0xFFFF, 0xFFFF, 0xFFFF, 0xFFFF, 0xFFFF, 0xFFFF, 0xFFFF, 0xF79C, 0xF79C,
    0xFFDE, 0xF7BE, 0xFFFF, 0xCE9A, 0x72A8, 0x4127, 0x72A8, 0xFFFF, 0xFFDE, 0xF7BE, 0xF7BC, 0xF79C,
    0xFFFF, 0xFFFF, 0xFFFF, 0xFFFF, 0x8004, 0x0024, 0xFFFF, 0xFFFF, 0xFFFF, 0xFFFF, 0xFFFF, 0xFFFF,
    0xFFFF, 0xFFFF, 0xFFFF, 0xFFFF, 0xFFFF, 0xFFFF, 0xFFFF, 0xFFFF, 0xFFFF, 0xFFFF, 0xFFFF, 0xFFFF,
    0xFFFF, 0xF7BE, 0xF79C, 0xF79C, 0xF718, 0xF7BE, 0xF79C, 0xCE9A, 0xF7BE, 0xF718, 0xF718, 0xF79C,
    0xF7BE, 0xFFFF, 0xFFFF, 0xFFFF, 0xFFFF, 0xFFFF, 0x8004, 0x0024, 0xFFFF, 0xFFFF, 0xFFFF, 0xFFFF,
    0xFFFF, 0xFFFF, 0xFFFF, 0xFFFF, 0xFFFF, 0xFFFF, 0xFFFF, 0xFFFF, 0xFFFF, 0xFFFF, 0xFFFF, 0xFFFF,
    0xFFFF, 0xFFFF, 0xFFFF, 0xFFFF, 0xFFFF, 0xFFFF, 0xFFDE, 0xCE9A, 0xF79C, 0xF7BC, 0xF718, 0xF79C,
    0xFFFF, 0xFFFF, 0xFFFF, 0xFFFF, 0xFFFF, 0xFFFF, 0xFFFF, 0xFFFF, 0x8004, 0x0024, 0xFFFF, 0xFFFF,
    0xFFFF, 0xFFFF, 0xFFFF, 0xFFFF, 0xFFFF, 0xFFFF, 0xFFFF, 0xFFFF, 0xFFFF, 0xFFFF, 0xFFFF, 0xFFFF,
    0xFFFF, 0xFFFF, 0xFFFF, 0xFFFF, 0xFFFF, 0xFFFF, 0xFFFF, 0xFFFF, 0xFFFF, 0xFFFF, 0xFFFF, 0xFFFF,
    0xFFFF, 0xFFFF, 0xFFFF, 0xFFFF, 0xFFFF, 0xFFFF, 0xFFFF, 0xFFFF, 0xFFFF, 0xFFFF, 0x8004, 0x0024,
    0xFFFF, 0xFFFF, 0xFFFF, 0xFFFF, 0xFFFF, 0xFFFF, 0xFFFF, 0xFFFF, 0xFFFF, 0xFFFF, 0xFFFF, 0xFFFF,
    0xFFFF, 0xFFFF, 0xFFFF, 0xFFFF, 0xFFFF, 0xFFFF, 0xFFFF, 0xFFFF, 0xFFFF, 0xFFFF, 0xFFFF, 0xFFFF,
    0xFFFF, 0xFFFF, 0xFFFF, 0xFFFF, 0xFFFF, 0xFFFF, 0xFFFF, 0xFFFF, 0xFFFF, 0xFFFF, 0xFFFF, 0xFFFF,
    0x8004, 0x0024, 0xFFFF, 0xFFFF, 0xFFFF, 0xFFFF, 0xFFFF, 0xFFFF, 0xFFFF, 0xFFFF, 0xFFFF, 0xFFFF,
    0xFFFF, 0xFFFF, 0xFFFF, 0xFFFF, 0xFFFF, 0xFFFF, 0xFFFF, 0xFFFF, 0xFFFF, 0xFFFF, 0xFFFF, 0xFFFF,
    0xFFFF, 0xFFFF, 0xFFFF, 0xFFFF, 0xFFFF, 0xFFFF, 0xFFFF, 0xFFFF, 0xFFFF, 0xFFFF, 0xFFFF, 0xFFFF,
    0xFFFF, 0xFFFF, 0x8005, 0x0022, 0xFFFF, 0xFFFF, 0xFFFF, 0xFFFF, 0xFFFF, 0xFFFF, 0xFFFF, 0xFFFF,
    0xFFFF, 0xFFFF, 0xFFFF, 0xFFFF, 0xFFFF, 0xFFFF, 0xFFFF, 0xFFFF, 0xFFFF, 0xFFFF, 0xFFFF, 0xFFFF,
    0xFFFF, 0xFFFF, 0xFFFF, 0xFFFF, 0xFFFF, 0xFFFF, 0xFFFF, 0xFFFF, 0xFFFF, 0xFFFF, 0xFFFF, 0xFFFF,
    0xFFFF, 0xFFFF, 0x8006, 0x0022, 0xFFFF, 0xFFFF, 0xFFFF, 0xFFFF, 0xFFFF, 0xFFFF, 0xFFFF, 0xFFFF,
    0xFFFF, 0xFFFF, 0xFFFF, 0xFFFF, 0xFFFF, 0xFFFF, 0xFFFF, 0xFFFF, 0xFFFF, 0xFFFF, 0xFFFF, 0xFFFF,
    0xFFFF, 0xFFFF, 0xFFFF, 0xFFFF, 0xFFFF, 0xFFFF, 0xFFFF, 0xFFFF, 0xFFFF, 0xFFFF, 0xFFFF, 0xFFFF,
    0xFFFF, 0xFFFF, 0x8008, 0x001E, 0xFFFF, 0xFFFF, 0xFFFF, 0xFFFF, 0xFFFF, 0xFFFF, 0xFFFF, 0xFFFF,
    0xFFFF, 0xFFFF, 0xFFFF, 0xFFFF, 0xFFFF, 0xFFFF, 0xFFFF, 0xFFFF, 0xFFFF, 0xFFFF, 0xFFFF, 0xFFFF,
    0xFFFF, 0xFFFF, 0xFFFF, 0xFFFF, 0xFFFF, 0xFFFF, 0xFFFF, 0xFFFF, 0xFFFF, 0xFFFF, 0x8055, 0x8055,
    0x001E, 0xFFFF, 0xFFFF, 0xFFFF, 0xFFFF, 0xFFFF, 0xFFFF, 0xFFFF, 0xFFFF, 0xFFFF, 0xFFFF, 0xFFFF,
    0xFFFF, 0xFFFF, 0xFFFF, 0xFFFF, 0xFFFF, 0xFFFF, 0xFFFF, 0xFFFF, 0xFFFF, 0xFFFF, 0xFFFF, 0xFFFF,
    0xFFFF, 0xFFFF, 0xFFFF, 0xFFFF, 0xFFFF, 0xFFFF, 0xFFFF, 0x8008, 0x0022, 0xFFFF, 0xFFFF, 0xFFFF,
    0xFFFF, 0xFFFF, 0xFFFF, 0xFFFF, 0xFFFF, 0xFFFF, 0xFFFF, 0xFFFF, 0xFFFF, 0xFFFF, 0xFFFF, 0xFFFF,
    0xFFFF, 0xFFFF, 0xFFFF, 0xFFFF, 0xFFFF, 0xFFFF, 0xFFFF, 0xFFFF, 0xFFFF, 0xFFFF, 0xFFFF, 0xFFFF,
    0xFFFF, 0xFFFF, 0xFFFF, 0xFFFF, 0xFFFF, 0xFFFF, 0xFFFF, 0x8006, 0x0022, 0xFFFF, 0xFFFF, 0xFFFF,
    0xFFFF, 0xFFFF, 0xFFFF, 0xFFFF, 0xFFFF, 0xFFFF, 0xFFFF, 0xFFFF, 0xFFFF, 0xFFFF, 0xFFFF, 0xFFFF,
    0xFFFF, 0xFFFF, 0xFFFF, 0xFFFF, 0xFFFF, 0xFFFF, 0xFFFF, 0xFFFF, 0xFFFF, 0xFFFF, 0xFFFF, 0xFFFF,
    0xFFFF, 0xFFFF, 0xFFFF, 0xFFFF, 0xFFFF, 0xFFFF, 0xFFFF, 0x8005, 0x0024, 0xFFFF, 0xFFFF, 0xFFFF,
    0xFFFF, 0xFFFF, 0xFFFF, 0xFFFF, 0xFFFF, 0xFFFF, 0xFFFF, 0xFFFF, 0xFFFF, 0xFFFF, 0xFFFF, 0xFFFF,
    0xFFFF, 0xFFFF, 0xFFFF, 0xFFFF, 0xFFFF, 0xFFFF, 0xFFFF, 0xFFFF, 0xFFFF, 0xFFFF, 0xFFFF, 0xFFFF,
    0xFFFF, 0xFFFF, 0xFFFF, 0xFFFF, 0xFFFF, 0xFFFF, 0xFFFF, 0xFFFF, 0xFFFF, 0x8004, 0x0024, 0xFFFF,
    0xFFFF, 0xFFFF, 0xFFFF, 0xFFFF, 0xFFFF, 0xFFFF, 0xFFFF, 0xFFFF, 0xFFFF, 0xFFFF, 0xFFFF, 0xFFFF,
    0xFFFF, 0xFFFF, 0xFFFF, 0xFFFF, 0xFFFF, 0xFFFF, 0xFFFF, 0xFFFF, 0xFFFF, 0xFFFF, 0xFFFF, 0xFFFF,
    0xFFFF, 0xFFFF, 0xFFFF, 0xFFFF, 0xFFFF, 0xFFFF, 0xFFFF, 0xFFFF, 0xFFFF, 0xFFFF, 0xFFFF, 0x8004,
    0x0024, 0xFFFF, 0xFFFF, 0xFFFF, 0xFFFF, 0xFFFF, 0xFFFF, 0xFFFF, 0xFFFF, 0xFFFF, 0xFFFF, 0xFFFF,
    0xFFFF, 0xFFDE, 0xF77C, 0xF77C, 0xFFBD, 0xFFBD, 0xF77C, 0xEF7C, 0xFFDE, 0xFFFF, 0xFFFF, 0xFFFF,
    0xFFFF, 0xFFFF, 0xFFFF, 0xFFFF, 0xFFFF, 0xFFFF, 0xFFFF, 0xFFFF, 0xFFFF, 0xFFFF, 0xFFFF, 0xFFFF,
    0xFFFF, 0x8004, 0x0024, 0xFFFF, 0xFFFF, 0xFFFF, 0xFFFF, 0xFFFF, 0xFFFF, 0xFFFF, 0xFFFF, 0xFFFF,
    0xFFFF, 0xFFDE, 0xF77C, 0xFFDE, 0xFFDE, 0xFFBD, 0xEF7C, 0xEF7C, 0xF77C, 0xFFBD, 0xFFDE, 0xF7BD,
    0xF77C, 0xFFFF, 0xFFFF, 0xFFFF, 0xFFFF, 0xFFFF, 0xFFFF, 0xFFFF, 0xFFFF, 0xFFFF, 0xFFFF, 0xFFFF,
    0xFFFF, 0xFFFF, 0xFFFF, 0x8004, 0x0024, 0xFFFF, 0xFFFF, 0xFFFF, 0xFFFF, 0xFFFF, 0xFFFF, 0xFFFF,
    0xFFFF, 0xFFFF, 0xEF7C, 0xFFBD, 0xFFDE, 0xAE93, 0xA731, 0xA731, 0x7EEB, 0x7EEB, 0xA731, 0xA731,
    0xAE93, 0xEF7C, 0xFFFF, 0xDEF9, 0xF7BD, 0xFFFF, 0xFFFF, 0xFFFF, 0xFFFF, 0xFFFF, 0xFFFF, 0xFFFF,
    0xFFFF, 0xFFFF, 0xFFFF, 0xFFFF, 0xFFFF, 0x8004, 0x0024, 0xFFFF, 0xFFFF, 0xFFFF, 0xFFFF, 0xFFFF,
    0xFFFF, 0xFFFF, 0xFFFF, 0xEF7C, 0xFFFF, 0xDEF9, 0x7EEB, 0x7EEB, 0x5DC8, 0x4427, 0x4427, 0x4427,
    0x4427, 0x5DC8, 0x7EEB, 0x7EEB, 0xAE93, 0xFFFF, 0xDEF9, 0xEF7C, 0xFFFF, 0xFFFF, 0xFFFF, 0xFFFF,
    0xFFFF, 0xFFFF, 0xFFFF, 0xFFFF, 0xFFFF, 0xFFFF, 0xFFFF, 0x8004, 0x0024, 0xFFFF, 0xFFFF, 0xFFFF,
    0xFFFF, 0xFFFF, 0xFFFF, 0xFFFF, 0xDEF9, 0xFFDE, 0xAE93, 0x7EEB, 0x5DC8, 0x4427, 0x95B1, 0x95B1,
    0x95B1, 0xC5B5, 0x95B1, 0x95B1, 0x5DC8, 0x5DC8, 0x7EEB, 0x95B1, 0xF7BD, 0xEF7C, 0xF7BD, 0xFFFF,
    0xFFFF, 0xFFFF, 0xFFFF, 0xFFFF, 0xFFFF, 0xFFFF, 0xFFFF, 0xFFFF, 0xFFFF, 0x8004, 0x0024, 0xFFFF,
    0xFFFF, 0xFFFF, 0xFFFF, 0xFFFF, 0xFFFF, 0xF77C, 0xFFFF, 0xAE93, 0x7EEB, 0x5DC8, 0x4427, 0x61A3,
    0xAC0E, 0xFFFF, 0xFFFF, 0xFFFF, 0xFFFF, 0xF77C, 0x61A3, 0xAC0E, 0x5DC8, 0x5DC8, 0x95B1, 0xF7BD,
    0xEF7C, 0xFFDE, 0xFFFF, 0xFFFF, 0xFFFF, 0xFFFF, 0xFFFF, 0xFFFF, 0xFFFF, 0xFFFF, 0xFFFF, 0x8004,
    0x0024, 0xFFFF, 0xFFFF, 0xFFFF, 0xFFFF, 0xFFFF, 0xFFDE, 0xFFDE, 0xDEF9, 0x7EEB, 0x5DC8, 0x4427,
    0xFFFF, 0xC5B5, 0x2800, 0xC5B5, 0xFFDE, 0xFFBD, 0xF77C, 0x61A3, 0x61A3, 0xFFBD, 0xC5B5, 0x4427,
    0x5DC8, 0xAE93, 0xFFFF, 0xEF7C, 0xFFFF, 0xFFFF, 0xFFFF, 0xFFFF, 0xFFFF, 0xFFFF, 0xFFFF, 0xFFFF,
    0xFFFF, 0x8004, 0x0024, 0xFFFF, 0xFFFF, 0xFFFF, 0xFFFF, 0xFFFF, 0xF77C, 0xFFBD, 0x7EEB, 0x7EEB,
    0x4427, 0xDEF9, 0xFFBD, 0xF7BD, 0xAC0E, 0x61A3, 0xEAA3, 0xEAA3, 0xEAA3, 0x61A3, 0xC5B5, 0xFFFF,
    0xFFBD, 0x95B1, 0x5DC8, 0x5DC8, 0xDEF9, 0xF77C, 0xFFDE, 0xFFFF, 0xFFFF, 0xFFFF, 0xFFFF, 0xFFFF,
    0xFFFF, 0xFFFF, 0xFFFF, 0x8004, 0x0024, 0xFFFF, 0xFFFF, 0xFFFF, 0xFFFF, 0xFFDE, 0xFFDE, 0xDEF9,
    0x7EEB, 0x4427, 0xC5B5, 0xFFFF, 0xF77C, 0xFFBD, 0xAC0E, 0xD1C1, 0xFAA2, 0xFAA2, 0xFAA2, 0xFAA2,
    0xDEF9, 0xFFFF, 0xF7BD, 0xF77C, 0x95B1, 0x5DC8, 0xA731, 0xFFDE, 0xEF7C, 0xFFFF, 0xFFFF, 0xFFFF,
    0xFFFF, 0xFFFF, 0xFFFF, 0xFFFF, 0xFFFF, 0x8004, 0x0024, 0xFFFF, 0xFFFF, 0xFFFF, 0xFFFF, 0xF77C,
    0xFFDE, 0xAE93, 0x5DC8, 0x4427, 0xFFFF, 0xFFFF, 0xFFFF, 0xAC0E, 0xD1C1, 0xFAA2, 0xEAA3, 0xFAA2,
    0xEAA3, 0xFAA2, 0xD1C1, 0xDEF9, 0xFFFF, 0xFFFF, 0xC5B5, 0x5DC8, 0x5DC8, 0xDEF9, 0xF77C, 0xFFFF,
    0xFFFF, 0xFFFF, 0xFFFF, 0xFFFF, 0xFFFF, 0xFFFF, 0xFFFF, 0x8004, 0x0024, 0xFFFF, 0xFFFF, 0xFFFF,
    0xFFFF, 0xF7BD, 0xF7BD, 0xA731, 0x5DC8, 0xAE93, 0xC5B5, 0xAC0E, 0xAC0E, 0x61A3, 0x61A3, 0x61A3,
    0x61A3, 0x61A3, 0x61A3, 0x61A3, 0x61A3, 0xAC0E, 0xAC0E, 0xAC0E, 0xEF7C, 0x95B1, 0x5DC8, 0xDEF9,
    0xFFBD, 0xF7BD, 0xFFFF, 0xFFFF, 0xFFFF, 0xFFFF, 0xFFFF, 0xFFFF, 0xFFFF, 0x8004, 0x0024, 0xFFFF,
    0xFFFF, 0xFFFF, 0xFFFF, 0xFFBD, 0xF77C, 0xA731, 0x4427, 0xAE93, 0xAC0E, 0x2800, 0xD1C1, 0xEAA3,
    0xEAA3, 0xEAA3, 0xD1C1, 0x61A3, 0xEAA3, 0xEAA3, 0xEAA3, 0xD1C1, 0x61A3, 0x2800, 0xDEF9, 0xAE93,
    0x5DC8, 0xAE93, 0xFFDE, 0xDEF9, 0xFFFF, 0xFFFF, 0xFFFF, 0xFFFF, 0xFFFF, 0xFFFF, 0xFFFF, 0x8004,
    0x0024, 0xFFFF, 0xFFFF, 0xFFFF, 0xFFFF, 0xFFBD, 0xF77C, 0xA731, 0x5DC8, 0xC5B5, 0xF7BD, 0xAC0E,
    0xEAA3, 0xFAA2, 0xFAA2, 0xFAA2, 0xD1C1, 0x61A3, 0xFAA2, 0xFAA2, 0xFAA2, 0xFAA2, 0xD1C1, 0x95B1,
    0xF77C, 0xAE93, 0x5DC8, 0x95B1, 0xFFDE, 0xDEF9, 0xFFFF, 0xFFFF, 0xFFFF, 0xFFFF, 0xFFFF, 0xFFFF,
    0xFFFF, 0x8004, 0x0024, 0xFFFF, 0xFFFF, 0xFFFF, 0xFFFF, 0xF77C, 0xF7BD, 0xA731, 0x5DC8, 0xC5B5,
    0xFFFF, 0xF77C, 0xEAA3, 0xFAA2, 0xFAA2, 0xFAA2, 0xD1C1, 0x61A3, 0xFAA2, 0xFAA2, 0xFAA2, 0xD1C1,
    0xEAA3, 0xFFFF, 0xFFFF, 0xAE93, 0x5DC8, 0x95B1, 0xFFFF, 0xEF7C, 0xFFFF, 0xFFFF, 0xFFFF, 0xFFFF,
    0xFFFF, 0xFFFF, 0xFFFF, 0x8004, 0x0024, 0xFFFF, 0xFFFF, 0xFFFF, 0xFFFF, 0xEF7C, 0xFFBD, 0xAE93,
    0x7EEB, 0x95B1, 0xAC0E, 0x61A3, 0xD1C1, 0xFAA2, 0xFAA2, 0xFAA2, 0xD1C1, 0x61A3, 0xFAA2, 0xFAA2,
    0xFAA2, 0xFAA2, 0xD1C1, 0xAC0E, 0xC5B5, 0x95B1, 0x5DC8, 0x95B1, 0xFFDE, 0xDEF9, 0xFFFF, 0xFFFF,
    0xFFFF, 0xFFFF, 0xFFFF, 0xFFFF, 0xFFFF, 0x8004, 0x0024, 0xFFFF, 0xFFFF, 0xFFFF, 0xFFFF, 0xF7BD,
    0xFFDE, 0xAE93, 0x7EEB, 0x5DC8, 0x2800, 0x61A3, 0xD1C1, 0xFAA2, 0xFAA2, 0xFAA2, 0xD1C1, 0x61A3,
    0xFAA2, 0xFAA2, 0xFAA2, 0xFAA2, 0x61A3, 0x2800, 0x61A3, 0xA731, 0x5DC8, 0x95B1, 0xFFFF, 0xDEF9,
    0xFFFF, 0xFFFF, 0xFFFF, 0xFFFF, 0xFFFF, 0xFFFF, 0xFFFF, 0x8004, 0x0024, 0xFFFF, 0xFFFF, 0xFFFF,
    0xFFFF, 0xFFFF, 0xF77C, 0xF77C, 0x7EEB, 0x7EEB, 0x4427, 0xC5B5, 0xC5B5, 0xD1C1, 0xFAA2, 0xFAA2,
    0xD1C1, 0x61A3, 0xEAA3, 0xFAA2, 0xFAA2, 0xD1C1, 0x95B1, 0xC5B5, 0x4427, 0x7EEB, 0x5DC8, 0xC5B5,
    0xF77C, 0xFFDE, 0xFFFF, 0xFFFF, 0xFFFF, 0xFFFF, 0xFFFF, 0xFFFF, 0xFFFF, 0x8004, 0x0024, 0xFFFF,
    0xFFFF, 0xFFFF, 0xFFFF, 0xFFFF, 0xEF7C, 0xFFFF, 0xAE93, 0x5DC8, 0x7EEB, 0xAE93, 0x61A3, 0x61A3,
    0xD1C1, 0xFAA2, 0xD1C1, 0x61A3, 0xFAA2, 0xFAA2, 0xD1C1, 0x2800, 0xAC0E, 0xAE93, 0xA731, 0x5DC8,
    0x4427, 0xFFFF, 0xEF7C, 0xF7BD, 0xFFFF, 0xFFFF, 0xFFFF, 0xFFFF, 0xFFFF, 0xFFFF, 0xFFFF, 0x8004,
    0x0024, 0xFFFF, 0xFFFF, 0xFFFF, 0xFFFF, 0xFFFF, 0xFFFF, 0xEF7C, 0xFFDE, 0x95B1, 0x7EEB, 0x7EEB,
    0x61A3, 0xAC0E, 0xAC0E, 0xD1C1, 0xD1C1, 0x61A3, 0xD1C1, 0xD1C1, 0xAC0E, 0xAC0E, 0x61A3, 0x7EEB,
    0xA731, 0x4427, 0x4427, 0x95B1, 0xFFDE, 0xF7BD, 0xEF7C, 0xFFFF, 0xFFFF, 0xFFFF, 0xFFFF, 0xFFFF,
    0xFFFF, 0x8004, 0x0024, 0xFFFF, 0xFFFF, 0xFFFF, 0xFFFF, 0xFFFF, 0xFFFF, 0xF7BD, 0xDEF9, 0xF7BD,
    0x5DC8, 0x5DC8, 0xA731, 0xA731, 0xAE93, 0xC5B5, 0xAC0E, 0xAC0E, 0xAC0E, 0xC5B5, 0xAE93, 0xA731,
    0xA731, 0x7EEB, 0x4427, 0x4427, 0x5DC8, 0x4427, 0x5DC8, 0xDEF9, 0xFFDE, 0xEF7C, 0xFFDE, 0xFFFF,
    0xFFFF, 0xFFFF, 0xFFFF, 0x8004, 0x0024, 0xFFFF, 0xFFFF, 0xFFFF, 0xFFFF, 0xFFFF, 0xFFFF, 0xFFFF,
    0xF77C, 0xEF7C, 0xEF7C, 0xAC0E, 0x4427, 0x7EEB, 0x7EEB, 0x7EEB, 0xA731, 0xA731, 0xA731, 0x7EEB,
    0x7EEB, 0x7EEB, 0x4427, 0x2800, 0x4427, 0x7EEB, 0x5DC8, 0x5DC8, 0x4427, 0x4427, 0xAE93, 0xFFBD,
    0xF7BD, 0xFFFF, 0xFFFF, 0xFFFF, 0xFFFF, 0x8004, 0x0024, 0xFFFF, 0xFFFF, 0xFFFF, 0xFFFF, 0xFFFF,
    0xFFFF, 0xFFFF, 0xFFFF, 0xF77C, 0xDEF9, 0xFFDE, 0xC5B5, 0x4427, 0x4427, 0x4427, 0x5DC8, 0x5DC8,
    0x5DC8, 0x4427, 0x4427, 0x4427, 0x95B1, 0x4427, 0x2800, 0x4427, 0x5DC8, 0x5DC8, 0x5DC8, 0x4427,
    0x2800, 0xAE93, 0xFFFF, 0xFFFF, 0xFFFF, 0xFFFF, 0xFFFF, 0x8004, 0x0024, 0xFFFF, 0xFFFF, 0xFFFF,
    0xFFFF, 0xFFFF, 0xFFFF, 0xFFFF, 0xFFFF, 0xFFFF, 0xFFDE, 0xDEF9, 0xFFBD, 0xF7BD, 0xDEF9, 0x95B1,
    0xAC0E, 0x5DC8, 0x95B1, 0xAC0E, 0xC5B5, 0xEF7C, 0xFFFF, 0xFFDE, 0x95B1, 0x2800, 0x4427, 0x5DC8,
    0x5DC8, 0x2800, 0x61A3, 0xDEF9, 0xFFFF, 0xFFFF, 0xFFFF, 0xFFFF, 0xFFFF, 0x8004, 0x0024, 0xFFFF,
    0xFFFF, 0xFFFF, 0xFFFF, 0xFFFF, 0xFFFF, 0xFFFF, 0xFFFF, 0xFFFF, 0xFFFF, 0xFFFF, 0xEF7C, 0xDEF9,
    0xF77C, 0xFFFF, 0xFFDE, 0xFFBD, 0xFFDE, 0xFFFF, 0xF7BD, 0xDEF9, 0xDEF9, 0xEF7C, 0xFFFF, 0xC5B5,
    0x61A3, 0x2800, 0x2800, 0x2800, 0xAE93, 0xF77C, 0xEF7C, 0xFFFF, 0xFFFF, 0xFFFF, 0xFFFF, 0x8004,
    0x0024, 0xFFFF, 0xFFFF, 0xFFFF, 0xFFFF, 0xFFFF, 0xFFFF, 0xFFFF, 0xFFFF, 0xFFFF, 0xFFFF, 0xFFFF,
    0xFFFF, 0xFFFF, 0xFFDE, 0xEF7C, 0xDEF9, 0xDEF9, 0xDEF9, 0xDEF9, 0xF7BD, 0xFFFF, 0xFFFF, 0xF7BD,
    0xDEF9, 0xF7BD, 0xEF7C, 0x95B1, 0x4427, 0xC5B5, 0xFFDE, 0xDEF9, 0xFFFF, 0xFFFF, 0xFFFF, 0xFFFF,
    0xFFFF, 0x8004, 0x0024, 0xFFFF, 0xFFFF, 0xFFFF, 0xFFFF, 0xFFFF, 0xFFFF, 0xFFFF, 0xFFFF, 0xFFFF,
    0xFFFF, 0xFFFF, 0xFFFF, 0xFFFF, 0xFFFF, 0xFFFF, 0xFFFF, 0xFFFF, 0xFFFF, 0xFFFF, 0xFFFF, 0xFFFF,
    0xFFFF, 0xFFFF, 0xFFFF, 0xDEF9, 0xEF7C, 0xFFBD, 0xFFBD, 0xEF7C, 0xDEF9, 0xF7BD, 0xFFFF, 0xFFFF,
    0xFFFF, 0xFFFF, 0xFFFF, 0x8004, 0x0024, 0xFFFF, 0xFFFF, 0xFFFF, 0xFFFF, 0xFFFF, 0xFFFF, 0xFFFF,
    0xFFFF, 0xFFFF, 0xFFFF, 0xFFFF, 0xFFFF, 0xFFFF, 0xFFFF, 0xFFFF, 0xFFFF, 0xFFFF, 0xFFFF, 0xFFFF,
    0xFFFF, 0xFFFF, 0xFFFF, 0xFFFF, 0xFFFF, 0xFFFF, 0xF7BD, 0xDEF9, 0xEF7C, 0xDEF9, 0xFFFF, 0xFFFF,
    0xFFFF, 0xFFFF, 0xFFFF, 0xFFFF, 0xFFFF, 0x8004, 0x0024, 0xFFFF, 0xFFFF, 0xFFFF, 0xFFFF, 0xFFFF,
    0xFFFF, 0xFFFF, 0xFFFF, 0xFFFF, 0xFFFF, 0xFFFF, 0xFFFF, 0xFFFF, 0xFFFF, 0xFFFF, 0xFFFF, 0xFFFF,
    0xFFFF, 0xFFFF, 0xFFFF, 0xFFFF, 0xFFFF, 0xFFFF, 0xFFFF, 0xFFFF, 0xFFFF, 0xFFFF, 0xFFFF, 0xFFFF,
    0xFFFF, 0xFFFF, 0xFFFF, 0xFFFF, 0xFFFF, 0xFFFF, 0xFFFF, 0x8005, 0x0022, 0xFFFF, 0xFFFF, 0xFFFF,
    0xFFFF, 0xFFFF, 0xFFFF, 0xFFFF, 0xFFFF, 0xFFFF, 0xFFFF, 0xFFFF, 0xFFFF, 0xFFFF, 0xFFFF, 0xFFFF,
    0xFFFF, 0xFFFF, 0xFFFF, 0xFFFF, 0xFFFF, 0xFFFF, 0xFFFF, 0xFFFF, 0xFFFF, 0xFFFF, 0xFFFF, 0xFFFF,
    0xFFFF, 0xFFFF, 0xFFFF, 0xFFFF, 0xFFFF, 0xFFFF, 0xFFFF, 0x8006, 0x0022, 0xFFFF, 0xFFFF, 0xFFFF,
    0xFFFF, 0xFFFF, 0xFFFF, 0xFFFF, 0xFFFF, 0xFFFF, 0xFFFF, 0xFFFF, 0xFFFF, 0xFFFF, 0xFFFF, 0xFFFF,
    0xFFFF, 0xFFFF, 0xFFFF, 0xFFFF, 0xFFFF, 0xFFFF, 0xFFFF, 0xFFFF, 0xFFFF, 0xFFFF, 0xFFFF, 0xFFFF,
    0xFFFF, 0xFFFF, 0xFFFF, 0xFFFF, 0xFFFF, 0xFFFF, 0xFFFF, 0x8008, 0x001E, 0xFFFF, 0xFFFF, 0xFFFF,
    0xFFFF, 0xFFFF, 0xFFFF, 0xFFFF, 0xFFFF, 0xFFFF, 0xFFFF, 0xFFFF, 0xFFFF, 0xFFFF, 0xFFFF, 0xFFFF,
    0xFFFF, 0xFFFF, 0xFFFF, 0xFFFF, 0xFFFF, 0xFFFF, 0xFFFF, 0xFFFF, 0xFFFF, 0xFFFF, 0xFFFF, 0xFFFF,
    0xFFFF, 0xFFFF, 0xFFFF, 0x8055, 0x8055, 0x001E, 0xFFFF, 0xFFFF, 0xFFFF, 0xFFFF, 0xFFFF, 0xFFFF,
    0xFFFF, 0xFFFF, 0xFFFF, 0xFFFF, 0xFFFF, 0xFFFF, 0xFFFF, 0xFFFF, 0xFFFF, 0xFFFF, 0xFFFF, 0xFFFF,
    0xFFFF, 0xFFFF, 0xFFFF, 0xFFFF, 0xFFFF, 0xFFFF, 0xFFFF, 0xFFFF, 0xFFFF, 0xFFFF, 0xFFFF, 0xFFFF,
    0x8008, 0x0022, 0xFFFF, 0xFFFF, 0xFFFF, 0xFFFF, 0xFFFF, 0xFFFF, 0xFFFF, 0xFFFF, 0xFFFF, 0xFFFF,
    0xFFFF, 0xFFFF, 0xFFFF, 0xFFFF, 0xFFFF, 0xFFFF, 0xFFFF, 0xFFFF, 0xFFFF, 0xFFFF, 0xFFFF, 0xFFFF,
    0xFFFF, 0xFFFF, 0xFFFF, 0xFFFF, 0xFFFF, 0xFFFF, 0xFFFF, 0xFFFF, 0xFFFF, 0xFFFF, 0xFFFF, 0xFFFF,
    0x8006, 0x0022, 0xFFFF, 0xFFFF, 0xFFFF, 0xFFFF, 0xFFFF, 0xFFFF, 0xFFFF, 0xFFFF, 0xFFFF, 0xFFFF,
    0xFFFF, 0xFFFF, 0xFFFF, 0xFFFF, 0xFFFF, 0xFFFF, 0xFFFF, 0xFFFF, 0xFFFF, 0xFFFF, 0xFFFF, 0xFFFF,
    0xFFFF, 0xFFFF, 0xFFFF, 0xFFFF, 0xFFFF, 0xFFFF, 0xFFFF, 0xFFFF, 0xFFFF, 0xFFFF, 0xFFFF, 0xFFFF,
    0x8005, 0x0024, 0xFFFF, 0xFFFF, 0xFFFF, 0xFFFF, 0xFFFF, 0xFFFF, 0xFFFF, 0xFFFF, 0xFFFF, 0xFFFF,
    0xFFFF, 0xFFFF, 0xFFFF, 0xFFFF, 0xFFFF, 0xFFFF, 0xFFFF, 0xFFFF, 0xFFFF, 0xFFFF, 0xFFFF, 0xFFFF,
    0xFFFF, 0xFFFF, 0xFFFF, 0xFFFF, 0xFFFF, 0xFFFF, 0xFFFF, 0xFFFF, 0xFFFF, 0xFFFF, 0xFFFF, 0xFFFF,
    0xFFFF, 0xFFFF, 0x8004, 0x0024, 0xFFFF, 0xFFFF, 0xFFFF, 0xFFFF, 0xFFFF, 0xFFFF, 0xFFFF, 0xFFFF,
    0xFFFF, 0xFFFF, 0xFFFF, 0xFFFF, 0xFFFF, 0xFFFF, 0xFFFF, 0xFFFF, 0xFFFF, 0xFFFF, 0xFFFF, 0xFFFF,
    0xFFFF, 0xFFFF, 0xFFFF, 0xFFFF, 0xFFFF, 0xFFFF, 0xFFFF, 0xFFFF, 0xFFFF, 0xFFFF, 0xFFFF, 0xFFFF,
    0xFFFF, 0xFFFF, 0xFFFF, 0xFFFF, 0x8004, 0x0024, 0xFFFF, 0xFFFF, 0xFFFF, 0xFFFF, 0xFFFF, 0xFFFF,
    0xFFFF, 0xFFFF, 0xFFFF, 0xFFFF, 0xFFFF, 0xFFFF, 0xFFFF, 0xFFFF, 0xFFFF, 0xFFFF, 0xFFFF, 0xFFFF,
    0xFFFF, 0xFFFF, 0xFFFF, 0xFFFF, 0xFFFF, 0xFFFF, 0xFFFF, 0xFFFF, 0xFFFF, 0xFFFF, 0xFFFF, 0xFFFF,
    0xFFFF, 0xFFFF, 0xFFFF, 0xFFFF, 0xFFFF, 0xFFFF, 0x8004, 0x0024, 0xFFFF, 0xFFFF, 0xFFFF, 0xFFFF,
    0xFFFF, 0xFFFF, 0xFFFF, 0xFFFF, 0xFFFF, 0xFFFF, 0xFFFF, 0xFFFF, 0xFFFF, 0xFFFF, 0xFFFF, 0xFFFF,
    0xFFFF, 0xFFFF, 0xFFFF, 0xFFFF, 0xFFFF, 0xFFFF, 0xFFFF, 0xFFFF, 0xFFFF, 0xFFFF, 0xFFFF, 0xFFFF,
    0xFFFF, 0xFFFF, 0xFFFF, 0xFFFF, 0xFFFF, 0xFFFF, 0xFFFF, 0xFFFF, 0x8004, 0x0024, 0xFFFF, 0xFFFF,
    0xFFFF, 0xFFFF, 0xFFFF, 0xFFFF, 0xFFFF, 0xFFFF, 0xFFFF, 0xFFFF, 0xFFFF, 0xFFFF, 0xFFFF, 0xFFFF,
    0xF7BD, 0xF7BD, 0xF7BD, 0xFFFF, 0xFFFF, 0xFFFF, 0xFFFF, 0xFFFF, 0xFFFF, 0xFFFF, 0xFFFF, 0xFFFF,
    0xFFFF, 0xFFFF, 0xFFFF, 0xFFFF, 0xFFFF, 0xFFFF, 0xFFFF, 0xFFFF, 0xFFFF, 0xFFFF, 0x8004, 0x0024,
    0xFFFF, 0xFFFF, 0xFFFF, 0xFFFF, 0xFFFF, 0xFFFF, 0xFFFF, 0xFFFF, 0xFFFF, 0xFFFF, 0xFFFF, 0xFFFF,
    0xF7BD, 0xF79C, 0xF7BC, 0xE75B, 0xE75B, 0xF7BD, 0xFFFF, 0xFFFF, 0xFFFF, 0xFFFF, 0xFFFF, 0xFFFF,
    0xFFFF, 0xFFFF, 0xFFFF, 0xFFFF, 0xFFFF, 0xFFFF, 0xFFFF, 0xFFFF, 0xFFFF, 0xFFFF, 0xFFFF, 0xFFFF,
    0x8004, 0x0024, 0xFFFF, 0xFFFF, 0xFFFF, 0xFFFF, 0xFFFF, 0xFFFF, 0xFFFF, 0xFFFF, 0xFFFF, 0xFFFF,
    0xFFFF, 0xF79C, 0xF79C, 0xF79C, 0x758E, 0x1BE5, 0xE799, 0xF7BC, 0xFFFF, 0xFFFF, 0xFFFF, 0xFFFF,
    0xFFFF, 0xFFFF, 0xFFFF, 0xFFFF, 0xFFFF, 0xFFFF, 0xFFFF, 0xFFFF, 0xFFFF, 0xFFFF, 0xFFFF, 0xFFFF,
    0xFFFF, 0xFFFF, 0x8004, 0x0024, 0xFFFF, 0xFFFF, 0xFFFF, 0xFFFF, 0xFFFF, 0xFFFF, 0xFFFF, 0xFFFF,
    0xFFFF, 0xFFDE, 0xF79C, 0xF79C, 0xD6D8, 0x44C8, 0x3D27, 0x3D27, 0xAE93, 0xFFDE, 0xFFFF, 0xFFFF,
    0xFFFF, 0xFFFF, 0xFFFF, 0xFFFF, 0xFFFF, 0xFFFF, 0xFFFF, 0xFFFF, 0xFFFF, 0xFFFF, 0xFFFF, 0xFFFF,
    0xFFFF, 0xFFFF, 0xFFFF, 0xFFFF, 0x8004, 0x0024, 0xFFFF, 0xFFFF, 0xFFFF, 0xFFFF, 0xFFFF, 0xFFFF,
    0xFFFF, 0xFFFF, 0xF79C, 0xF79C, 0xFFFF, 0xAE93, 0x1BE5, 0x3D27, 0x5E0A, 0x3D27, 0xAE93, 0xF7BC,
    0xF7BD, 0xF7BD, 0xF7BD, 0xF7BD, 0xF7BD, 0xFFDE, 0xFFDE, 0xFFDE, 0xFFDE, 0xF7BD, 0xFFDE, 0xFFDE,
    0xFFFF, 0xFFFF, 0xFFFF, 0xFFFF, 0xFFFF, 0xFFFF, 0x8004, 0x0024, 0xFFFF, 0xFFFF, 0xFFFF, 0xFFFF,
    0xFFFF, 0xFFFF, 0xFFFF, 0xF79C, 0xF79C, 0xF79C, 0x758E, 0x1BE5, 0x4D89, 0x55AA, 0x5589, 0x3D27,
    0xD6D8, 0xFFFF, 0xF79C, 0xF7BD, 0xFFDE, 0xFFDE, 0xFFDE, 0xFFDE, 0xFFDE, 0xFFDE, 0xFFDE, 0xFFDE,
    0xFFDE, 0xFFDE, 0xFFDE, 0xF7BD, 0xFFFF, 0xFFFF, 0xFFFF, 0xFFFF, 0x8004, 0x0024, 0xFFFF, 0xFFFF,
    0xFFFF, 0xFFFF, 0xFFFF, 0xFFDE, 0xF7BC, 0xFFDE, 0xD6D8, 0x5589, 0x3D27, 0x55AA, 0x55AA, 0x4D89,
    0x55AA, 0x3D27, 0xAE93, 0xD6D8, 0xAE93, 0xAE93, 0xAE93, 0xAE93, 0xAE93, 0xAE93, 0xAE93, 0xAE93,
    0xAE93, 0xD6D8, 0xD6D8, 0xD6D8, 0xE799, 0xF7BC, 0xFFDE, 0xFFFF, 0xFFFF, 0xFFFF, 0x8004, 0x0024,
    0xFFFF, 0xFFFF, 0xFFFF, 0xFFFF, 0xF7BD, 0xF79C, 0xFFFF, 0xAE93, 0x3D27, 0x3D27, 0x55AA, 0x5589,
    0x4D89, 0x55AA, 0x4D89, 0x3D27, 0x4D89, 0x3D27, 0x3D27, 0x3D27, 0x3D27, 0x3D27, 0x3D27, 0x3D27,
    0x3D27, 0x3D27, 0x3D27, 0x3D27, 0x4D89, 0x3D27, 0x55AA, 0xE75B, 0xF79C, 0xFFDE, 0xFFFF, 0xFFFF,
    0x8004, 0x0024, 0xFFFF, 0xFFFF, 0xFFFF, 0xF79C, 0xF79C, 0xF79C, 0x758E, 0x3D27, 0x4D89, 0x55AA,
    0x5589, 0x5589, 0x55AA, 0x3D27, 0x55AA, 0x758E, 0x44C8, 0x4D89, 0x4D89, 0x4D89, 0x4D89, 0x4D89,
    0x4D89, 0x4D89, 0x4D89, 0x4D89, 0x4D89, 0x4D89, 0x55AA, 0x3D27, 0x0AE3, 0xD6D8, 0xFFDE, 0xF7BD,
    0xFFFF, 0xFFFF, 0x8004, 0x0024, 0xFFFF, 0xFFFF, 0xF7BD, 0xF7BC, 0xE799, 0x44C8, 0x3D27, 0x5589,
    0x55AA, 0x5589, 0x55AA, 0x5589, 0x3D27, 0x5589, 0xD6D8, 0xD6D8, 0x4408, 0x55AA, 0x55AA, 0x55AA,
    0x55AA, 0x55AA, 0x55AA, 0x55AA, 0x55AA, 0x55AA, 0x55AA, 0x5589, 0x5E0A, 0x4D89, 0x0AE3, 0xD6D8,
    0xF7BD, 0xF79C, 0xFFFF, 0xFFFF, 0x8004, 0x0024, 0xFFFF, 0xFFDE, 0xF7BC, 0xD6D8, 0x3D27, 0x3D27,
    0x55AA, 0x5589, 0x5589, 0x55AA, 0x4D89, 0x3D27, 0x758E, 0xD6D8, 0xE799, 0xAE93, 0x4408, 0x55AA,
    0x55AA, 0x5589, 0x5589, 0x5589, 0x5589, 0x5589, 0x5589, 0x5589, 0x55AA, 0x5589, 0x5E0A, 0x3D27,
    0x0262, 0xAE93, 0xFFDE, 0xF7BD, 0xFFFF, 0xFFFF, 0x8004, 0x0024, 0xFFFF, 0xFFDE, 0xF7BC, 0xD6D8,
    0x4408, 0x3D27, 0x5E0A, 0x55AA, 0x5589, 0x4D89, 0x5589, 0xAE93, 0xE799, 0xD6D8, 0xE799, 0xAE93,
    0x4408, 0x55AA, 0x55AA, 0x55AA, 0x55AA, 0x5589, 0x5589, 0x5589, 0x5589, 0x5589, 0x5589, 0x5589,
    0x5E0A, 0x44C8, 0x0262, 0xAE93, 0xFFFE, 0xF7BD, 0xFFFF, 0xFFFF, 0x8004, 0x0024, 0xFFFF, 0xFFFF,
    0xF79C, 0xF79C, 0xE75B, 0x4408, 0x1BE5, 0x5E0A, 0x5E0A, 0x3D27, 0x758E, 0xE799, 0xE799, 0xD6D8,
    0xE799, 0xAE93, 0x4408, 0x55AA, 0x55AA, 0x5589, 0x5589, 0x5589, 0x5589, 0x5589, 0x5589, 0x5589,
    0x5589, 0x5589, 0x5E0A, 0x1BE5, 0x0262, 0xAE93, 0xF79C, 0xF79C, 0xFFFF, 0xFFFF, 0x8004, 0x0024,
    0xFFFF, 0xFFFF, 0xFFFF, 0xE75B, 0xE75B, 0xF7BD, 0x758E, 0x0AE3, 0x4D89, 0x5E0A, 0x3D27, 0x4408,
    0xAE93, 0xE799, 0xE799, 0xAE93, 0x4408, 0x5E0A, 0x5E0A, 0x5E0A, 0x5E0A, 0x5E0A, 0x5E0A, 0x5E0A,
    0x5E0A, 0x5E0A, 0x5E0A, 0x5E0A, 0x5E0A, 0x1BE5, 0x0262, 0xAE93, 0xF7BC, 0xF7BD, 0xFFFF, 0xFFFF,
    0x8004, 0x0024, 0xFFFF, 0xFFFF, 0xFFFF, 0xFFFF, 0xF79C, 0xE75B, 0xFFFF, 0xAE93, 0x0AE3, 0x3D27,
    0x5E0A, 0x4D89, 0x1BE5, 0x4408, 0xAE93, 0xAE93, 0x1BE5, 0x44C8, 0x44C8, 0x44C8, 0x44C8, 0x44C8,
    0x44C8, 0x44C8, 0x44C8, 0x44C8, 0x44C8, 0x44C8, 0x44C8, 0x1BE5, 0x0262, 0xAE93, 0xFFFE, 0xFFDE,
    0xFFFF, 0xFFFF, 0x8004, 0x0024, 0xFFFF, 0xFFFF, 0xFFFF, 0xFFFF, 0xFFFF, 0xF7BD, 0xE75B, 0xFFDE,
    0xD6D8, 0x1BE5, 0x0AE3, 0x5E0A, 0x5E0A, 0x3D27, 0x1BE5, 0x1BE5, 0x0AE3, 0x0AE3, 0x1BE5, 0x0AE3,
    0x0262, 0x0262, 0x0262, 0x0262, 0x0262, 0x0262, 0x0262, 0x0262, 0x0262, 0x0AE3, 0x0AE3, 0x758E,
    0xFFFE, 0xFFDE, 0xFFFF, 0xFFFF, 0x8004, 0x0024, 0xFFFF, 0xFFFF, 0xFFFF, 0xFFFF, 0xFFFF, 0xFFFF,
    0xFFFF, 0xE75B, 0xE75B, 0xE75B, 0x4408, 0x0262, 0x44C8, 0x5E0A, 0x5E0A, 0x3D27, 0x0262, 0xAE93,
    0xE75B, 0xAE93, 0x0262, 0x1BE5, 0x1BE5, 0x1BE5, 0x1BE5, 0x0AE3, 0x0AE3, 0x0AE3, 0x0262, 0x0262,
    0x00A0, 0xAE93, 0xF79C, 0xE75B, 0xFFFF, 0xFFFF, 0x8004, 0x0024, 0xFFFF, 0xFFFF, 0xFFFF, 0xFFFF,
    0xFFFF, 0xFFFF, 0xFFFF, 0xFFFF, 0xE75B, 0xE75B, 0xFFFF, 0xAE93, 0x0262, 0x0AE3, 0x5E0A, 0x5E0A,
    0x0262, 0xD6D8, 0xFFFF, 0xAE93, 0x0262, 0x0AE3, 0x0AE3, 0x0AE3, 0x0262, 0x0262, 0x0262, 0x0262,
    0x0AE3, 0x4408, 0xAE93, 0xF7BD, 0xD6D8, 0xF7BD, 0xFFFF, 0xFFFF, 0x8004, 0x0024, 0xFFFF, 0xFFFF,
    0xFFFF, 0xFFFF, 0xFFFF, 0xFFFF, 0xFFFF, 0xFFFF, 0xFFFF, 0xF7BD, 0xE75B, 0xFFFE, 0xD6D8, 0x0AE3,
    0x0262, 0x0AE3, 0x0262, 0xAE93, 0xFFFF, 0xAE93, 0x1BE5, 0x4408, 0x4408, 0x4408, 0x4408, 0x758E,
    0x758E, 0xD6D8, 0xE75B, 0xF7BC, 0xF7BC, 0xD6D8, 0xF7BD, 0xFFFF, 0xFFFF, 0xFFFF, 0x8004, 0x0024,
    0xFFFF, 0xFFFF, 0xFFFF, 0xFFFF, 0xFFFF, 0xFFFF, 0xFFFF, 0xFFFF, 0xFFFF, 0xFFFF, 0xFFDE, 0xE75B,
    0xE75B, 0xF7BD, 0x758E, 0x0262, 0x4408, 0xF7BC, 0xE799, 0xE799, 0xF79C, 0xF7BC, 0xF7BC, 0xF7BC,
    0xF7BC, 0xFFFE, 0xFFFE, 0xF7BC, 0xE75B, 0xE75B, 0xF7BD, 0xFFDE, 0xFFFF, 0xFFFF, 0xFFFF, 0xFFFF,
    0x8004, 0x0024, 0xFFFF, 0xFFFF, 0xFFFF, 0xFFFF, 0xFFFF, 0xFFFF, 0xFFFF, 0xFFFF, 0xFFFF, 0xFFFF,
    0xFFFF, 0xFFFF, 0xE75B, 0xE75B, 0xFFFF, 0xF7BC, 0xF7BD, 0xD6D8, 0xF79C, 0xF79C, 0xD6D8, 0xE799,
    0xD6D8, 0xD6D8, 0xE75B, 0xF79C, 0xFFDE, 0xFFFF, 0xFFFF, 0xFFFF, 0xFFFF, 0xFFFF, 0xFFFF, 0xFFFF,
    0xFFFF, 0xFFFF, 0x8004, 0x0024, 0xFFFF, 0xFFFF, 0xFFFF, 0xFFFF, 0xFFFF, 0xFFFF, 0xFFFF, 0xFFFF,
    0xFFFF, 0xFFFF, 0xFFFF, 0xFFFF, 0xFFFF, 0xFFFF, 0xE75B, 0xD6D8, 0xD6D8, 0xF79C, 0xFFFF, 0xFFFF,
    0xFFFF, 0xFFFF, 0xFFFF, 0xFFFF, 0xFFFF, 0xFFFF, 0xFFFF, 0xFFFF, 0xFFFF, 0xFFFF, 0xFFFF, 0xFFFF,
    0xFFFF, 0xFFFF, 0xFFFF, 0xFFFF, 0x8004, 0x0024, 0xFFFF, 0xFFFF, 0xFFFF, 0xFFFF, 0xFFFF, 0xFFFF,
    0xFFFF, 0xFFFF, 0xFFFF, 0xFFFF, 0xFFFF, 0xFFFF, 0xFFFF, 0xFFFF, 0xFFFF, 0xFFFF, 0xFFFF, 0xFFFF,
    0xFFFF, 0xFFFF, 0xFFFF, 0xFFFF, 0xFFFF, 0xFFFF, 0xFFFF, 0xFFFF, 0xFFFF, 0xFFFF, 0xFFFF, 0xFFFF,
    0xFFFF, 0xFFFF, 0xFFFF, 0xFFFF, 0xFFFF, 0xFFFF, 0x8004, 0x0024, 0xFFFF, 0xFFFF, 0xFFFF, 0xFFFF,
    0xFFFF, 0xFFFF, 0xFFFF, 0xFFFF, 0xFFFF, 0xFFFF, 0xFFFF, 0xFFFF, 0xFFFF, 0xFFFF, 0xFFFF, 0xFFFF,
    0xFFFF, 0xFFFF, 0xFFFF, 0xFFFF, 0xFFFF, 0xFFFF, 0xFFFF, 0xFFFF, 0xFFFF, 0xFFFF, 0xFFFF, 0xFFFF,
    0xFFFF, 0xFFFF, 0xFFFF, 0xFFFF, 0xFFFF, 0xFFFF, 0xFFFF, 0xFFFF, 0x8004, 0x0024, 0xFFFF, 0xFFFF,
    0xFFFF, 0xFFFF, 0xFFFF, 0xFFFF, 0xFFFF, 0xFFFF, 0xFFFF, 0xFFFF, 0xFFFF, 0xFFFF, 0xFFFF, 0xFFFF,
    0xFFFF, 0xFFFF, 0xFFFF, 0xFFFF, 0xFFFF, 0xFFFF, 0xFFFF, 0xFFFF, 0xFFFF, 0xFFFF, 0xFFFF, 0xFFFF,
    0xFFFF, 0xFFFF, 0xFFFF, 0xFFFF, 0xFFFF, 0xFFFF, 0xFFFF, 0xFFFF, 0xFFFF, 0xFFFF, 0x8004, 0x0024,
    0xFFFF, 0xFFFF, 0xFFFF, 0xFFFF, 0xFFFF, 0xFFFF, 0xFFFF, 0xFFFF, 0xFFFF, 0xFFFF, 0xFFFF, 0xFFFF,
    0xFFFF, 0xFFFF, 0xFFFF, 0xFFFF, 0xFFFF, 0xFFFF, 0xFFFF, 0xFFFF, 0xFFFF, 0xFFFF, 0xFFFF, 0xFFFF,
    0xFFFF, 0xFFFF, 0xFFFF, 0xFFFF, 0xFFFF, 0xFFFF, 0xFFFF, 0xFFFF, 0xFFFF, 0xFFFF, 0xFFFF, 0xFFFF,
    0x8005, 0x0022, 0xFFFF, 0xFFFF, 0xFFFF, 0xFFFF, 0xFFFF, 0xFFFF, 0xFFFF, 0xFFFF, 0xFFFF, 0xFFFF,
    0xFFFF, 0xFFFF, 0xFFFF, 0xFFFF, 0xFFFF, 0xFFFF, 0xFFFF, 0xFFFF, 0xFFFF, 0xFFFF, 0xFFFF, 0xFFFF,
    0xFFFF, 0xFFFF, 0xFFFF, 0xFFFF, 0xFFFF, 0xFFFF, 0xFFFF, 0xFFFF, 0xFFFF, 0xFFFF, 0xFFFF, 0xFFFF,
    0x8006, 0x0022, 0xFFFF, 0xFFFF, 0xFFFF, 0xFFFF, 0xFFFF, 0xFFFF, 0xFFFF, 0xFFFF, 0xFFFF, 0xFFFF,
    0xFFFF, 0xFFFF, 0xFFFF, 0xFFFF, 0xFFFF, 0xFFFF, 0xFFFF, 0xFFFF, 0xFFFF, 0xFFFF, 0xFFFF, 0xFFFF,
    0xFFFF, 0xFFFF, 0xFFFF, 0xFFFF, 0xFFFF, 0xFFFF, 0xFFFF, 0xFFFF, 0xFFFF, 0xFFFF, 0xFFFF, 0xFFFF,
    0x8008, 0x001E, 0xFFFF, 0xFFFF, 0xFFFF, 0xFFFF, 0xFFFF, 0xFFFF, 0xFFFF, 0xFFFF, 0xFFFF, 0xFFFF,
    0xFFFF, 0xFFFF, 0xFFFF, 0xFFFF, 0xFFFF, 0xFFFF, 0xFFFF, 0xFFFF, 0xFFFF, 0xFFFF, 0xFFFF, 0xFFFF,
    0xFFFF, 0xFFFF, 0xFFFF, 0xFFFF, 0xFFFF, 0xFFFF, 0xFFFF, 0xFFFF, 0x8055,
};

const RleFrame BOX_ICON_FRAMES[] STICKMON_FLASH_DATA = {
    { 0, 664 },
    { 664, 546 },
    { 1210, 620 },
    { 1830, 879 },
    { 2709, 445 },
    { 3154, 479 },
    { 3633, 498 },
};

const uint16_t BOX_ICON_RLE[] STICKMON_FLASH_DATA = {
    0x802C, 0x0008, 0x0000, 0x0000, 0x0000, 0x0000, 0x0000, 0x0000, 0x0000, 0x0000, 0x8018, 0x0008,
    0x4A49, 0x4A49, 0x4A49, 0x4A49, 0x4A49, 0x4A49, 0x4A29, 0x4A49, 0x8015, 0x000C, 0x0000, 0x0000,
    0xCE59, 0xFFFF, 0xFFFF, 0xFFFF, 0xFFFF, 0xFFFF, 0xFFFF, 0xFFFF, 0xFFFF, 0xBDD7, 0x8013, 0x0010,
    0xD6BB, 0xD6DC, 0xD6FC, 0xF4C8, 0xEC02, 0xD3A3, 0xD3C4, 0xD3E4, 0xEC64, 0xF4A5, 0xF4A5, 0xEC64,
    0xDC88, 0xCEBC, 0xD6DC, 0xD6DC, 0x800E, 0x0014, 0x5AEC, 0xA533, 0xFE6F, 0xED8F, 0xCCAE, 0xF529,
    0xFD48, 0xFD49, 0xFC62, 0xFC20, 0xFC40, 0xF420, 0xF420, 0xF3E0, 0xFC62, 0xFDCE, 0xED4E, 0xC4AD,
    0x94B2, 0x4A8A, 0x800A, 0x0018, 0x0000, 0x10A2, 0xEEF9, 0xFF56, 0xF420, 0xF3E0, 0xEB80, 0xFF3A,
    0xFFFF, 0xFFFF, 0xFD48, 0xF420, 0xF461, 0xF460, 0xF440, 0xF420, 0xF3E0, 0xEB80, 0xEB60, 0xE340,
    0xFE94, 0xB554, 0x2986, 0x0000, 0x8007, 0x001A, 0x9D14, 0x8BAD, 0xC5B5, 0xFD66, 0xF400, 0xF3A0,
    0xFDAE, 0xFFFE, 0xFFDF, 0xFFFF, 0xFFFF, 0xFD8A, 0xF440, 0xF480, 0xF460, 0xF460, 0xF440, 0xF420,
    0xF440, 0xF400, 0xEB80, 0xE2E0, 0xEBC4, 0xDE79, 0x8CB3, 0x9492, 0x8005, 0x001B, 0x4208, 0xF7DF,
    0xEE97, 0xEE0D, 0xFD43, 0xF440, 0xF3A0, 0xFDCF, 0xFFFF, 0xFFDF, 0xFF9D, 0xFF1A, 0xFD28, 0xF3E0,
    0xF420, 0xF400, 0xF400, 0xF400, 0xF400, 0xEBC0, 0xEBA0, 0xEB40, 0xEB60, 0xE2E0, 0xCB66, 0xF7DE,
    0xE75D, 0x8003, 0x001E, 0x0000, 0x528A, 0xFFFF, 0xE71D, 0xB449, 0xFD81, 0xF460, 0xF400, 0xEB00,
    0xF5AF, 0xFFFF, 0xFFFF, 0xF655, 0xDAA0, 0xE320, 0xE300, 0xE300, 0xE300, 0xE320, 0xE320, 0xE320,
    0xE320, 0xE340, 0xE340, 0xE340, 0xE360, 0xEB20, 0xC366, 0xC6BC, 0xFFFF, 0x8002, 0x0040, 0x0000,
    0x528A, 0xFFFF, 0xC67A, 0x8A40, 0xFD01, 0xF440, 0xFC83, 0xFE54, 0xFDAF, 0xF50B, 0xECAA, 0xEBE6,
    0xE300, 0xE320, 0xE320, 0xE340, 0xE340, 0xE340, 0xE320, 0xE320, 0xE320, 0xE340, 0xE340, 0xE340,
    0xEB60, 0xD2A0, 0x9A22, 0xC67B, 0xFFFF, 0x3186, 0x0020, 0x0000, 0x528A, 0xFFFF, 0xCF1D, 0xCDD4,
    0xEC22, 0xF400, 0xF4A4, 0xFFDD, 0xF58E, 0xEB20, 0xE320, 0xE300, 0xE340, 0xE340, 0xE360, 0xE360,
    0xE360, 0xE360, 0xE340, 0xE340, 0xE340, 0xEB60, 0xEB60, 0xEB60, 0xDAC0, 0xB261, 0xC4CD, 0xDF7F,
    0xFFFF, 0x3186, 0x0000, 0x8002, 0x001C, 0x5ACB, 0xFFFF, 0xFFFF, 0xEF5C, 0xDC06, 0xE360, 0xEBC0,
    0xEBC0, 0xEBE0, 0xEC20, 0xEC20, 0xEBE0, 0xEBC0, 0xE3C0, 0xE3C0, 0xE3C0, 0xEBE0, 0xEBE0, 0xE3A0,
    0xE320, 0xDB00, 0xD2A0, 0xDB62, 0xD4AD, 0xE698, 0xFFFF, 0xE75E, 0x4229, 0x8005, 0x001B, 0x632C,
    0xCE7A, 0xFFFF, 0xEEB7, 0xEE12, 0xCCCC, 0xCCCC, 0xD4EC, 0xEBE1, 0xEB60, 0xE340, 0xE340, 0xE340,
    0xE340, 0xE360, 0xE360, 0xDB20, 0xD341, 0xD428, 0xCBE8, 0xC387, 0xCD52, 0xDF3D, 0xFFFF, 0xBE39,
    0x52AB, 0x0000, 0x8006, 0x0018, 0x5AAA, 0xBE18, 0xEFBF, 0xFFFF, 0xE7DF, 0xE7BF, 0xEFBF, 0xBB87,
    0xAAA3, 0xA2A3, 0xA2A3, 0xAAC3, 0xAAE3, 0xAAE3, 0xA2A3, 0x9243, 0x9308, 0xDF1C, 0xE71C, 0xE75D,
    0xFFFF, 0xEF9E, 0xB554, 0x4A07, 0x8008, 0x0018, 0xAAC0, 0x91E0, 0x8BEF, 0xCF3F, 0xCF3E, 0xC71E,
    0xDF7E, 0xFFFF, 0xFFFF, 0xFFFF, 0xFFFF, 0xFFFF, 0xFFFF, 0xFFFF, 0xFFFF, 0xFFFF, 0xFFFF, 0xE7BF,
    0xCF1E, 0xD73E, 0xC69B, 0x82A7, 0x9980, 0x8180, 0x8008, 0x0018, 0xC404, 0xEC22, 0x71A1, 0x6A67,
    0x8B6A, 0x8329, 0x83AD, 0xADB7, 0xADB7, 0xAD96, 0xA596, 0xA596, 0xAD96, 0xAD96, 0xA576, 0xA555,
    0x94F4, 0x528A, 0x8309, 0xAB88, 0x92E6, 0xBA60, 0xF3A0, 0xA260, 0x8008, 0x0018, 0xB3A3, 0xFCE3,
    0xCAE0, 0xBA80, 0xD300, 0xC2A0, 0x91E0, 0x7980, 0x6960, 0x6980, 0x6980, 0x71A0, 0x79A0, 0x79A0,
    0x7180, 0x5920, 0x6120, 0x99E0, 0xCAA0, 0xCAA0, 0xB200, 0xD300, 0xFC00, 0x9A60, 0x8008, 0x0018,
    0xBAC0, 0xFD64, 0xEC21, 0xF440, 0xFC40, 0xE3C0, 0xE380, 0xA220, 0xCB00, 0xFC00, 0xF3E0, 0xF3E0,
    0xF3C0, 0xEBC0, 0xFC00, 0xCAE0, 0xAA20, 0xEBA0, 0xEBA0, 0xE360, 0xB240, 0xD300, 0xF360, 0x7980,
    0x8009, 0x0016, 0xBC63, 0xF421, 0xF481, 0xF440, 0xEBE0, 0xE3A0, 0x89A0, 0xCBC2, 0xFCC2, 0xEBE0,
    0xEC00, 0xEC00, 0xEC00, 0xFC40, 0xC2E0, 0x99E0, 0xEBE0, 0xEBC0, 0xF3A0, 0xBA60, 0xEB60, 0x89E0,
    0x800A, 0x0016, 0xA3A3, 0xF421, 0xECA2, 0xF440, 0xF400, 0xEBC0, 0x99C0, 0xCC43, 0xFD43, 0xEC00,
    0xF420, 0xF420, 0xF420, 0xFC60, 0xC2E0, 0x9A00, 0xF440, 0xF3E0, 0xEBA0, 0xB240, 0xE340, 0x71A0,
    0x800A, 0x0016, 0x9322, 0xF421, 0xF4A2, 0xF460, 0xF420, 0xEBC0, 0x8180, 0xB3E4, 0xFD43, 0xF400,
    0xF440, 0xF420, 0xF420, 0xFC40, 0xBAC0, 0x9A00, 0xF440, 0xF3E0, 0xEBA0, 0xB240, 0xEB40, 0x79C0,
    0x800A, 0x0016, 0x9BA3, 0xFC22, 0xF4C3, 0xF461, 0xF400, 0xEBE0, 0x8180, 0xAC04, 0xFD63, 0xF400,
    0xF420, 0xF420, 0xF400, 0xFC20, 0xBAA0, 0x99E0, 0xF440, 0xF400, 0xF3C0, 0xBA40, 0xEB60, 0x71A0,
    0x800A, 0x0016, 0x8B02, 0xE3C1, 0xEC83, 0xF441, 0xEC00, 0xF400, 0x8180, 0xAC04, 0xFD63, 0xF3E0,
    0xF420, 0xF420, 0xF400, 0xFC40, 0xBAC0, 0x99E0, 0xF440, 0xF400, 0xEBA0, 0xB240, 0xD2C0, 0x7160,
    0x800B, 0x0014, 0x9260, 0xFCE1, 0xEC00, 0xF420, 0xFC40, 0x7960, 0xA3E4, 0xFD63, 0xEBE0, 0xF420,
    0xF420, 0xF400, 0xFC40, 0xBAC0, 0x91E0, 0xF480, 0xF400, 0xE360, 0xF380, 0x6140, 0x800C, 0x0014,
    0x4920, 0x9AA0, 0xEBC0, 0xEBA0, 0xEBA0, 0x9A00, 0xBC44, 0xFD64, 0xEBE0, 0xF420, 0xF420, 0xF420,
    0xF400, 0xBA80, 0xAA20, 0xF400, 0xF3A0, 0xDB00, 0x89E0, 0x2880, 0x800E, 0x0011, 0xAA40, 0xBA80,
    0xBA60, 0xE340, 0xF482, 0xF4A2, 0xEBC0, 0xEC00, 0xEC00, 0xF420, 0xE3A0, 0xD300, 0xC2A0, 0xB260,
    0xC2A0, 0x91C0, 0x0800, 0x8010, 0x000E, 0x0800, 0x0000, 0x6120, 0xDAE0, 0xEB60, 0xF360, 0xF380,
    0xF380, 0xEB40, 0xD2E0, 0xD2C0, 0x6940, 0x0000, 0x0820, 0x8015, 0x0008, 0x38C0, 0x38C0, 0x38C0,
    0x38C0, 0x38C0, 0x30A0, 0x30A0, 0x30A0, 0x8018, 0x0008, 0x0000, 0x0000, 0x0000, 0x0000, 0x0000,
    0x0000, 0x0000, 0x0000, 0x804C, 0x8058, 0x0002, 0x0040, 0x0020, 0x801E, 0x0002, 0x1861, 0x2061,
    0x801D, 0x0003, 0x1040, 0x8A25, 0x8A04, 0x8014, 0x0002, 0xA2C6, 0xA2A6, 0x8006, 0x0006, 0x2081,
    0xAAE6, 0x8A24, 0x38A1, 0x4102, 0xA285, 0x8011, 0x0003, 0x8A45, 0x9245, 0x79C3, 0x8004, 0x0009,
    0x69C4, 0x8245, 0x8225, 0x81E4, 0x30A1, 0x5963, 0x9265, 0x81E4, 0x6963, 0x8010, 0x0010, 0x9286,
    0x81E3, 0x5942, 0x0800, 0x1861, 0x5143, 0x4922, 0x9265, 0xA2A5, 0x8A04, 0x6142, 0x5102, 0x9245,
    0x9224, 0x7183, 0x6142, 0x8010, 0x0010, 0x8225, 0x8204, 0x6162, 0x1020, 0x69C4, 0xC327, 0xAAC6,
    0x8A24, 0x79E3, 0x79C3, 0x81E3, 0x81E3, 0x79C3, 0x79A3, 0x6962, 0x2860, 0x800F, 0x0011, 0x0000,
    0x69A3, 0x8A04, 0x6162, 0x8A45, 0x9A86, 0x8A44, 0x81E3, 0x79E3, 0x81E4, 0x81E4, 0x8204, 0x81E3,
    0x79A3, 0x5922, 0x2860, 0x2060, 0x800E, 0x0012, 0x1040, 0x71E4, 0x9A86, 0xA2A5, 0x9A65, 0x9245,
    0x8A04, 0x81E3, 0x81E3, 0x8A04, 0x8A04, 0x8204, 0x71C3, 0x5102, 0x40C1, 0x3081, 0x6162, 0x89E4,
    0x800A, 0x0017, 0x38E2, 0x38E2, 0x38E2, 0x38E2, 0x5142, 0xA2C6, 0x9A65, 0x9245, 0x8A24, 0x81E3,
    0x81E4, 0x81E4, 0x81E4, 0x5942, 0x5942, 0x5122, 0x2060, 0x38E1, 0x69A3, 0x79C3, 0x8A04, 0x6142,
    0x1020, 0x8007, 0x0019, 0x0840, 0x5963, 0xB2C6, 0xAAC6, 0xA2A6, 0xA2A6, 0x9A85, 0x8204, 0x8204,
    0x81E4, 0x81E4, 0x8204, 0x8204, 0x8204, 0x6983, 0x1840, 0x2040, 0x0800, 0x1040, 0x8204, 0x9224,
    0x81E3, 0x79A3, 0x5922, 0x38A1, 0x8006, 0x001C, 0x9A86, 0x9286, 0x6142, 0x5101, 0x9245, 0x8A24,
    0x8204, 0x8204, 0x81E4, 0x81E4, 0x81E4, 0x8204, 0x8204, 0x8A24, 0x6162, 0x1820, 0x2860, 0x1840,
    0x5122, 0x9224, 0x79C3, 0x71A3, 0x79C3, 0x79A3, 0x79C3, 0x79A3, 0x38C1, 0x0040, 0x8003, 0x001D,
    0xBCCB, 0xEDCD, 0xF5ED, 0xD56D, 0xB46A, 0x2861, 0x71A3, 0x9245, 0x81E4, 0x81E4, 0x81E4, 0x8204,
    0x81E4, 0x8A24, 0x5142, 0x1020, 0x2040, 0x2060, 0x2080, 0x81C3, 0x8A04, 0x81E3, 0x81C3, 0x81E3,
    0x81E3, 0x79A3, 0x7182, 0x40C1, 0x0040, 0x8002, 0x001C, 0x9C0A, 0xFE4F, 0xC46A, 0xC429, 0xD4EB,
    0xFE4F, 0x8B88, 0x5142, 0x6163, 0x8204, 0x81E4, 0x81E4, 0x8204, 0x81E4, 0x8A04, 0x6162, 0x28A1,
    0x1840, 0x2880, 0x1840, 0x28A1, 0x38C1, 0x38C1, 0x4901, 0x40E1, 0x5122, 0x40C1, 0x38A1, 0x8002,
    0x001E, 0x0000, 0x5226, 0xFED2, 0xB388, 0x8A44, 0xAB47, 0x8A04, 0xBBE8, 0xFEAF, 0xA3C8, 0x28C1,
    0x81E4, 0x81E4, 0x81E4, 0x8204, 0x8204, 0x81E3, 0x9244, 0x71C3, 0x1840, 0x38A0, 0x2860, 0x1020,
    0x1040, 0x1040, 0x4901, 0x48E1, 0x38A1, 0x1840, 0x0800, 0x8002, 0x001E, 0x0000, 0x5226, 0xE54E,
    0x7182, 0xA387, 0xFF10, 0xF5EE, 0xAB26, 0xC409, 0xFF12, 0x5A25, 0x5122, 0x8A24, 0x81E3, 0x8204,
    0x8A04, 0x8204, 0x71A3, 0x30A1, 0x0800, 0x1840, 0x1840, 0x2881, 0x81E3, 0x79A3, 0x6962, 0x6142,
    0x6162, 0x6962, 0x2881, 0x8002, 0x001E, 0x0000, 0x5246, 0xDD2E, 0xA326, 0xF68E, 0xE52B, 0xE56C,
    0xF60D, 0x9AC5, 0xDD2C, 0xC4CC, 0x3080, 0x8204, 0x8204, 0x81E4, 0x71A3, 0x5122, 0x38C1, 0x48E1,
    0x6983, 0x6962, 0x6162, 0x6162, 0x6162, 0x6162, 0x6962, 0x6962, 0x6962, 0x5942, 0x40C1, 0x8002,
    0x001E, 0x0000, 0x51E5, 0xCC6B, 0xAB87, 0xEE0D, 0xB387, 0xC3E8, 0xF60E, 0xC449, 0xB3A8, 0xFE4F,
    0x7245, 0x5142, 0x8204, 0x71A3, 0x4901, 0x5922, 0x6962, 0x79A3, 0x71A3, 0x6962, 0x5942, 0x6142,
    0x5922, 0x5942, 0x5942, 0x5122, 0x4901, 0x2880, 0x1040, 0x8002, 0x001D, 0x0000, 0x51A4, 0xC3E9,
    0xAB88, 0xD4CB, 0xAB26, 0xE50B, 0xB3C8, 0xEDAD, 0xA326, 0xDCCB, 0xBC6A, 0x2880, 0x79C3, 0x6962,
    0x6983, 0x71A3, 0x6982, 0x5922, 0x40E1, 0x40C1, 0x5101, 0x5902, 0x5102, 0x5102, 0x5122, 0x5102,
    0x3081, 0x1020, 0x8005, 0x001A, 0xAB48, 0xC3E9, 0xCC6A, 0x9AA5, 0xFE0D, 0x8AA5, 0xDD8C, 0xC449,
    0xA306, 0xC52D, 0x2880, 0x71A3, 0x6983, 0x6983, 0x6162, 0x5101, 0x48E1, 0x5922, 0x6162, 0x6162,
    0x5942, 0x5102, 0x38C1, 0x38C1, 0x2881, 0x0800, 0x8006, 0x0016, 0x51C4, 0xC3E9, 0xB368, 0xED6D,
    0xA306, 0x92C6, 0xED8C, 0xB3C8, 0x9B06, 0xC4EB, 0x2860, 0x7183, 0x5942, 0x48E1, 0x4901, 0x5122,
    0x6962, 0x6142, 0x4901, 0x5101, 0x50E1, 0x48E1, 0x800A, 0x0012, 0x51A3, 0xE4AB, 0xA307, 0xCC6A,
    0xBBC8, 0xF58C, 0xED4B, 0x9285, 0xAB47, 0xBC6A, 0x2860, 0x5101, 0x38A1, 0x4901, 0x6962, 0x5122,
    0x38A1, 0x2060, 0x800F, 0x000F, 0xB368, 0xDCAB, 0x79E4, 0xCC6A, 0xD4AA, 0x9AE6, 0x79E3, 0xD46B,
    0x9B27, 0x3080, 0x5102, 0x5942, 0x6162, 0x5942, 0x30A1, 0x8012, 0x000D, 0xAB47, 0xBBC8, 0x8A65,
    0x6962, 0x71A3, 0xC3E9, 0xC42A, 0x38C1, 0x6122, 0x5922, 0x5102, 0x40E1, 0x2860, 0x8014, 0x0009,
    0x82C7, 0xC409, 0xCC09, 0xDC8A, 0xD429, 0x61A3, 0x30A1, 0x48E1, 0x48C1, 0x8019, 0x0004, 0x7266,
    0x7246, 0x4963, 0x1000, 0x801C, 0x0004, 0x0000, 0x0000, 0x0000, 0x0020, 0x8075, 0x808A, 0x000B,
    0x0000, 0x0000, 0x0000, 0x0000, 0x0000, 0x0000, 0x0000, 0x0000, 0x0000, 0x0000, 0x0000, 0x8015,
    0x000B, 0x6B4D, 0x6B6D, 0x6B6E, 0x738E, 0x736E, 0x738E, 0x738E, 0x6B6E, 0x6B6D, 0x6B6E, 0x6B6E,
    0x8012, 0x0012, 0x3165, 0x2945, 0x4A48, 0xFFBE, 0xFFFF, 0xFFFF, 0xFFFF, 0xFFFF, 0xFFFF, 0xFFFF,
    0xFFFF, 0xFFFF, 0xFFFF, 0xFFFF, 0xFFFF, 0x73AE, 0x39A6, 0x39C7, 0x800D, 0x0014, 0xDEDA, 0xFFFF,
    0xF7FF, 0xC69B, 0x226C, 0x32EE, 0x2ACE, 0x2A8D, 0x2A6C, 0x2A8C, 0x2A8C, 0x2A6C, 0x2A8C, 0x2AAD,
    0x330E, 0x222B, 0xA5B8, 0xEFFF, 0xFFFF, 0xF79E, 0x8009, 0x001A, 0x39C7, 0xB575, 0xDF1C, 0xB67C,
    0x8D99, 0x7579, 0x64D7, 0x2B73, 0x33B4, 0x33B4, 0x33D5, 0x33D5, 0x33F5, 0x33F5, 0x3BF5, 0x33F5,
    0x33D4, 0x3BF5, 0x2B72, 0x4C14, 0x64D7, 0x7D38, 0xAE7C, 0xE73C, 0xD679, 0x4A49, 0x8005, 0x001C,
    0x0861, 0xDEFC, 0xFFFF, 0x9DB8, 0x3372, 0x2311, 0x22F0, 0x2B11, 0x4416, 0x43F5, 0x43F5, 0x43F5,
    0x4415, 0x4415, 0x4415, 0x4415, 0x4415, 0x4415, 0x4415, 0x4436, 0x3393, 0x2311, 0x1AF1, 0x3BD4,
    0x9DD9, 0xF7FF, 0xEFBF, 0x2945, 0x8004, 0x001C, 0xDEDB, 0xEFBF, 0x6D18, 0x22D0, 0x3393, 0x3BD4,
    0x3B93, 0x3B93, 0x3BD5, 0x43F5, 0x4415, 0x4415, 0x4415, 0x4415, 0x4415, 0x4415, 0x4415, 0x4436,
    0x4436, 0x4415, 0x43F5, 0x4415, 0x4415, 0x3BF5, 0x22F0, 0x4BF4, 0xEFBF, 0xE71C, 0x8002, 0x00E0,
    0x0020, 0x4208, 0xFFFF, 0xA5F8, 0x2B52, 0x3B94, 0x3BB4, 0x3393, 0x3B93, 0x3BB3, 0x3BD4, 0x3393,
    0x3372, 0x3352, 0x3352, 0x3372, 0x3373, 0x3373, 0x3393, 0x3372, 0x3372, 0x4436, 0x4416, 0x4415,
    0x43F5, 0x4415, 0x4415, 0x2B52, 0xA5B7, 0xFFFF, 0x4208, 0x0000, 0x0000, 0x39E7, 0xFFFF, 0x8536,
    0x22D0, 0x43F5, 0x3B93, 0x3B93, 0x3B93, 0x3373, 0x2B31, 0x2B11, 0x22D0, 0x2B11, 0x2B11, 0x2B11,
    0x2B31, 0x2B11, 0x2B11, 0x22D0, 0x22F0, 0x2B31, 0x3BB3, 0x43F5, 0x43F5, 0x43F5, 0x4436, 0x1AAF,
    0x3ACB, 0xFFFF, 0x4208, 0x0000, 0x0020, 0x41E7, 0xFFFF, 0xE79F, 0x3350, 0x1ACF, 0x3BB4, 0x3B93,
    0x22F0, 0x22CF, 0x3C36, 0x4C77, 0x4456, 0x54B8, 0x54B8, 0x54B8, 0x54B8, 0x54B8, 0x54B8, 0x54B8,
    0x54D8, 0x4435, 0x2AF0, 0x2B10, 0x43F5, 0x4C77, 0x2352, 0x21C8, 0xCE9A, 0xFFFF, 0x4228, 0x0000,
    0x0020, 0x31C8, 0xD75F, 0xEFDF, 0xAE3A, 0x5B8E, 0x3331, 0x2B73, 0x2B73, 0x2B93, 0x4C98, 0x54D9,
    0x54F9, 0x5CF9, 0x5CF9, 0x5CF9, 0x5CF9, 0x5CF9, 0x5CF9, 0x5CF9, 0x5CF9, 0x5D3A, 0x4436, 0x2B72,
    0x33B4, 0x22CF, 0x21E9, 0xAD75, 0xEFFF, 0xAEBD, 0x29A7, 0x0000, 0x0020, 0x29A8, 0xA6BF, 0xEF9E,
    0xFFFF, 0xFFFF, 0x3AAC, 0x09EC, 0x122C, 0x126E, 0x54D9, 0x54D9, 0x54D9, 0x54D8, 0x54D8, 0x54D9,
    0x54D9, 0x54D9, 0x54D9, 0x54F9, 0x54F9, 0x54D8, 0x22F0, 0x1A8E, 0x0A0C, 0x3A8B, 0xD699, 0xF7FF,
    0xA67D, 0x655B, 0x1946, 0x0000, 0x0000, 0x29C8, 0xAEFF, 0x9E9D, 0xBEFE, 0xFFFF, 0xFFBE, 0xCE59,
    0xCE79, 0x8C71, 0x124E, 0x2332, 0x1B11, 0x1B11, 0x1B11, 0x1B11, 0x1B11, 0x1B11, 0x1AF1, 0x1AF0,
    0x1B11, 0x020C, 0x7C10, 0xCE79, 0xC617, 0xDF1D, 0xE7DF, 0x9E7D, 0x6D5A, 0x6D9B, 0x1987, 0x0000,
    0x0020, 0x29C8, 0xAF1F, 0x9E7D, 0x967D, 0xB6FE, 0xCF5F, 0xDFBF, 0xDFBF, 0xD73E, 0x9D14, 0x9D55,
    0xA555, 0xA576, 0xA576, 0xA576, 0x9D56, 0x9D35, 0x9D35, 0x9D35, 0x9D35, 0x94F4, 0xC6BB, 0xDFBF,
    0xDFBF, 0xA6BD, 0x759A, 0x6D7A, 0x6D5A, 0x75BC, 0x1987, 0x0000, 0x8002, 0x001E, 0x8DBA, 0x965C,
    0x9E7D, 0x965D, 0x9E9D, 0xB71E, 0xA6BE, 0xAEFE, 0xFFFF, 0xFFFF, 0xFFFF, 0xFFFF, 0xFFFF, 0xFFFF,
    0xFFFF, 0xFFFF, 0xFFFF, 0xFFFF, 0xFFFF, 0xFFFF, 0xA69D, 0x85FB, 0x861C, 0x6D7A, 0x6539, 0x6D5A,
    0x6D39, 0x5CD7, 0x1926, 0x0000, 0x8002, 0x001C, 0x0862, 0x85BA, 0x9E9E, 0x965D, 0xD75E, 0xFFFF,
    0xBEFE, 0x965D, 0x965D, 0x967D, 0x9E7D, 0x967D, 0x9E7D, 0x9E7D, 0x9E7D, 0x967D, 0x9E7D, 0x9E7D,
    0x9E7D, 0x9E7D, 0x6D9A, 0x5D39, 0x653A, 0x6D5A, 0x6D5A, 0x6D7A, 0x5CD7, 0x0041, 0x8004, 0x001C,
    0x0862, 0x963C, 0xA6BE, 0x965D, 0xCF5E, 0xFFFF, 0xEFBF, 0xDF7E, 0xDF7E, 0xAEBD, 0x9E7D, 0x9E9D,
    0x9E9D, 0x9E7D, 0x9E7D, 0x9E7D, 0x9E7D, 0x9E7D, 0x9E7D, 0x9E9D, 0x7DDB, 0x655A, 0x6D5A, 0x653A,
    0x6539, 0x6D7A, 0x6D5A, 0x0862, 0x8005, 0x001A, 0x6CD6, 0x967D, 0x965C, 0xBEDD, 0xF7DF, 0xFFFF,
    0xFFFF, 0xF7DF, 0xB6DE, 0x9E7D, 0x9E7D, 0x9E9D, 0x9E7D, 0x9E7D, 0x9E7D, 0x9E7D, 0x9E7D, 0x9E9D,
    0x9E9D, 0x7DBB, 0x653A, 0x653A, 0x6539, 0x6D7A, 0x64F8, 0x2A6C, 0x8007, 0x0019, 0x64B6, 0xAF3F,
    0xA6BE, 0x9E7D, 0xEFBF, 0xF7DF, 0x9E7D, 0x9E7D, 0x9E7D, 0x9E7D, 0x9E7D, 0x9E7D, 0x9E7D, 0x9E7D,
    0x9E7D, 0x9E7D, 0x9E7D, 0xA6BE, 0x7DBB, 0x6519, 0x6539, 0x6D9B, 0x6D7B, 0x32AD, 0x0000, 0x8008,
    0x0017, 0x53B0, 0x6474, 0x8E3D, 0xA69D, 0xAEBE, 0x9E7D, 0x9E7D, 0x9E7D, 0x9E7D, 0x9E7D, 0x9E7D,
    0x9E7D, 0x9E7D, 0x9E7D, 0xA69D, 0x965C, 0x757A, 0x6D5A, 0x6D5A, 0x653A, 0x4370, 0x2A0A, 0x0000,
    0x800B, 0x0013, 0x64D7, 0x5496, 0x64D8, 0x965D, 0x963C, 0x965C, 0x963C, 0x963C, 0x963C, 0x8E3C,
    0x8E3C, 0x965C, 0x8E3C, 0x757A, 0x54B8, 0x5476, 0x5476, 0x5435, 0x0021, 0x800E, 0x0010, 0x0000,
    0x10A3, 0x5CF9, 0x653A, 0x653A, 0x655A, 0x6539, 0x5D39, 0x5D39, 0x653A, 0x653A, 0x54F9, 0x5CF9,
    0x5CD8, 0x10C4, 0x0000, 0x8013, 0x000B, 0x1926, 0x1125, 0x1125, 0x1125, 0x1125, 0x1126, 0x1126,
    0x1125, 0x1125, 0x1126, 0x10E5, 0x8015, 0x000B, 0x0000, 0x0000, 0x0000, 0x0000, 0x0000, 0x0000,
    0x0000, 0x0000, 0x0000, 0x0000, 0x0000, 0x808A, 0x8043, 0x001A, 0x0000, 0x0000, 0x0000, 0x0000,
    0x0000, 0x0000, 0x0000, 0x0000, 0x0000, 0x0000, 0x0000, 0x0000, 0x0000, 0x0000, 0x0000, 0x0000,
    0x0000, 0x0000, 0x0000, 0x0000, 0x0000, 0x0000, 0x0000, 0x0000, 0x0000, 0x0000, 0x8006, 0x001A,
    0x526A, 0x526A, 0x526A, 0x526A, 0x526A, 0x528A, 0x528A, 0x528A, 0x528A, 0x526A, 0x526A, 0x528A,
    0x528A, 0x528A, 0x528A, 0x526A, 0x526A, 0x528A, 0x528A, 0x528A, 0x528A, 0x528A, 0x528A, 0x526A,
    0x528A, 0x528A, 0x8005, 0x001C, 0xCE17, 0xFFFF, 0xFFFF, 0xFFFF, 0xFFFF, 0xFFFF, 0xFFFF, 0xFFFF,
    0xFFFF, 0xFFFF, 0xFFFF, 0xFFFF, 0xFFFF, 0xFFFF, 0xFFFF, 0xFFFF, 0xFFFF, 0xFFFF, 0xFFFF, 0xFFFF,
    0xFFFF, 0xFFFF, 0xFFFF, 0xFFFF, 0xFFFF, 0xFFFF, 0xFFFF, 0xC4F0, 0x8002, 0x02C0, 0x0020, 0x2124,
    0xFFDF, 0xF719, 0xE635, 0xDDB3, 0xDDB2, 0xDD92, 0xDDB2, 0xDDD3, 0xDDB2, 0xD592, 0xD571, 0xD572,
    0xD592, 0xD572, 0xD571, 0xD551, 0xCD51, 0xD551, 0xD571, 0xD551, 0xD571, 0xD571, 0xCD51, 0xCD30,
    0xCD51, 0xE614, 0xFED6, 0xD5B3, 0x0840, 0x0020, 0x0040, 0x2124, 0xF79E, 0xFEF8, 0x9307, 0x5A48,
    0x630B, 0x5AEB, 0x630B, 0x5ACB, 0x4A8A, 0x4A8A, 0x4A8A, 0x4A69, 0x4229, 0x4249, 0x4A69, 0x528A,
    0x528A, 0x4249, 0x4249, 0x5269, 0x4A69, 0x424A, 0x3A29, 0x322A, 0x2903, 0xAC4E, 0xFFBC, 0xD593,
    0x0840, 0x0020, 0x0040, 0x2124, 0xF79E, 0xFF19, 0x9327, 0x4C77, 0x55DF, 0x559F, 0x4D9F, 0x559F,
    0x4D9F, 0x559F, 0x5DBF, 0x5D9F, 0x559F, 0x559F, 0x5DBF, 0x5DBF, 0x5DBF, 0x559F, 0x4D7F, 0x455F,
    0x455F, 0x4D9F, 0x559F, 0x561F, 0x4B2E, 0xACB0, 0xFFFF, 0xD551, 0x0040, 0x0020, 0x0040, 0x2124,
    0xF7BE, 0xFEF8, 0x9327, 0x4C57, 0x4D7F, 0x451D, 0xA69E, 0xDF7F, 0xC71F, 0x659E, 0x4D3E, 0x5D5E,
    0x555E, 0x555E, 0x5D5E, 0x5D7E, 0x4D3E, 0x5D9E, 0xCF3F, 0xD73F, 0x8E5E, 0x5DBD, 0x4D3D, 0x55DF,
    0x3ACE, 0x942F, 0xFFFF, 0xCD51, 0x0040, 0x0020, 0x0040, 0x2124, 0xF7BE, 0xFEF8, 0x9307, 0x4C77,
    0x65FF, 0x8E5E, 0xF7DF, 0xFFFF, 0xFFFF, 0xAEDF, 0x75FE, 0x5D9E, 0x555E, 0x5D7E, 0x557E, 0x65BE,
    0x7E1E, 0xA6BF, 0xFFFF, 0xFFFF, 0xFFFF, 0xB6FE, 0x75DE, 0x5DFF, 0x3AEE, 0x8C0F, 0xFFFF, 0xCD51,
    0x0040, 0x0020, 0x0040, 0x2124, 0xF79E, 0xFF19, 0x8AE7, 0x3416, 0x869F, 0xFFFF, 0xFFFF, 0xFFFF,
    0xFFFF, 0xFFFF, 0xFFFF, 0x863E, 0x4D5E, 0x5D7E, 0x4D5E, 0x7E3E, 0xFFFF, 0xFFFF, 0xFFFF, 0xFFFF,
    0xFFFF, 0xFFFF, 0xF7BF, 0x5E1F, 0x32CE, 0x8C2F, 0xFFFF, 0xCD31, 0x0040, 0x0020, 0x0040, 0x2124,
    0xF79E, 0xFF19, 0x9327, 0x5477, 0x5DFF, 0x75FE, 0xEFBF, 0xFFFF, 0xFFFF, 0xE79F, 0x7E1F, 0x65BE,
    0x557E, 0x557E, 0x557E, 0x559E, 0x967F, 0xFFFF, 0xFFFF, 0xFFFF, 0xFFFF, 0xBF1F, 0x6DDE, 0x55FF,
    0x32CE, 0x8C0F, 0xFFFF, 0xCD51, 0x0040, 0x0020, 0x0040, 0x2124, 0xF7BE, 0xFEF8, 0x9307, 0x5497,
    0x5DDF, 0x4D5E, 0x965D, 0xAEBE, 0xAEFF, 0x8E5E, 0x4D5E, 0x557E, 0x5D9E, 0x5D9E, 0x5DBE, 0x5D9E,
    0x6DFF, 0xCF5F, 0xCF5F, 0xCF5F, 0xBF1E, 0x761E, 0x4D5E, 0x663F, 0x42EE, 0x8C0F, 0xFFFF, 0xCD30,
    0x0020, 0x0020, 0x0040, 0x2124, 0xF7BE, 0xFEF8, 0x92E6, 0x5476, 0x663F, 0x6E1F, 0x5DFF, 0x55DF,
    0x559F, 0x557E, 0x5D9E, 0x5D9E, 0x6DFF, 0x6E1F, 0x761F, 0x761F, 0x6E1F, 0x65FF, 0x65FE, 0x5DDE,
    0x661F, 0x6E3F, 0x763F, 0x6E5F, 0x42ED, 0x83EF, 0xFFFF, 0xCD30, 0x0020, 0x0020, 0x0040, 0x2124,
    0xF79E, 0xFF19, 0x9307, 0x64F7, 0x7EBF, 0x5515, 0x442F, 0x442F, 0x6DFD, 0x763F, 0x6DFE, 0x6DFE,
    0x6E1E, 0x6E1E, 0x761E, 0x6E1E, 0x761E, 0x761E, 0x763F, 0x765F, 0x4C92, 0x440D, 0x4450, 0x6E9F,
    0x3B0F, 0x83EF, 0xFFFF, 0xCD31, 0x0020, 0x0020, 0x0040, 0x2124, 0xF7BE, 0xFEF9, 0x9B27, 0x5C31,
    0x5534, 0x3BC5, 0x3B85, 0x3303, 0x4C6E, 0x6DB9, 0x763F, 0x761E, 0x6E1E, 0x6DFE, 0x761E, 0x761E,
    0x761E, 0x763F, 0x6E1D, 0x5515, 0x3346, 0x3303, 0x3345, 0x5536, 0x326A, 0x8C10, 0xFFFF, 0xCD10,
    0x0020, 0x0020, 0x0040, 0x2124, 0xF7BE, 0xF6D7, 0x9328, 0x3A84, 0x3BC6, 0x5D49, 0x5509, 0x54E9,
    0x4385, 0x32E6, 0x5D9A, 0x6E1F, 0x6DFE, 0x761E, 0x761E, 0x761E, 0x761E, 0x767F, 0x5D55, 0x2AE2,
    0x4447, 0x4C68, 0x4407, 0x1AC5, 0x2182, 0x9C92, 0xFFFE, 0xCD10, 0x0020, 0x0020, 0x0040, 0x2124,
    0xF7BE, 0xFEF9, 0x8B07, 0x53E7, 0x5509, 0x54A8, 0x4C88, 0x4C68, 0x4C48, 0x4C07, 0x3346, 0x65DA,
    0x7E9F, 0x763F, 0x6E1E, 0x6E1E, 0x769F, 0x4CB4, 0x22C4, 0x4C27, 0x4C27, 0x4C47, 0x43E7, 0x3BE9,
    0x2A24, 0x9C91, 0xFFFE, 0xCD0F, 0x0020, 0x0020, 0x0040, 0x2124, 0xF7BE, 0xFEF9, 0x8AE7, 0x53A6,
    0x4CA8, 0x4C48, 0x4C48, 0x4C48, 0x4C68, 0x5488, 0x43A6, 0x3BEC, 0x4451, 0x5D79, 0x767F, 0x763E,
    0x5535, 0x33A9, 0x3BA5, 0x4C28, 0x4C07, 0x4BE7, 0x43C7, 0x4409, 0x2A24, 0x9C92, 0xFFFE, 0xCD10,
    0x0020, 0x0040, 0x0040, 0x2124, 0xF79E, 0xFEF8, 0x8AE7, 0x4B26, 0x4C48, 0x4C28, 0x4C28, 0x4C28,
    0x4C07, 0x4BE7, 0x4C07, 0x3B46, 0x3303, 0x5491, 0x763C, 0x6DFB, 0x3326, 0x3365, 0x4C48, 0x43C7,
    0x43E7, 0x43E7, 0x4BE7, 0x4C28, 0x3244, 0x9C92, 0xFFFF, 0xCD10, 0x0020, 0x0020, 0x0020, 0x2124,
    0xF7BE, 0xF6F8, 0x9307, 0x6C67, 0x6DAA, 0x6D69, 0x6D69, 0x6D49, 0x6D69, 0x6D69, 0x6589, 0x6589,
    0x5407, 0x7B07, 0x8AE7, 0x7AE8, 0x8B68, 0x6CE9, 0x5D69, 0x65A9, 0x6589, 0x6D89, 0x6569, 0x6DCA,
    0x4B24, 0x9C71, 0xFFFE, 0xCD10, 0x0020, 0x0040, 0x0040, 0x2124, 0xF79E, 0xF6F8, 0x9308, 0x6C87,
    0x75CA, 0x75A9, 0x6DA9, 0x6DA9, 0x6D49, 0x6508, 0x6C87, 0x6C07, 0x9B88, 0xA368, 0xB3EA, 0xBBE9,
    0xBBEA, 0xABE9, 0x8468, 0x6CC8, 0x6DA9, 0x6DA9, 0x6DA9, 0x760A, 0x4B64, 0x9CD2, 0xFFFE, 0xCD10,
    0x0020, 0x0040, 0x0040, 0x2124, 0xF7BE, 0xF6F8, 0x8AE7, 0x6467, 0x75CA, 0x6D89, 0x6D89, 0x6DA9,
    0x64E8, 0x5BC7, 0x7245, 0xBBEA, 0xED6E, 0xE54D, 0xE52D, 0xE52D, 0xE54D, 0xDCEC, 0xA368, 0x6AE5,
    0x6D49, 0x6DA9, 0x6D89, 0x6DC9, 0x53C5, 0xAD73, 0xFFFF, 0xCD31, 0x0020, 0x0020, 0x0020, 0x2124,
    0xF79E, 0xFEF9, 0x9328, 0x6468, 0x658A, 0x6589, 0x5528, 0x5B66, 0xC4AC, 0xE5AF, 0xE54E, 0xF5CF,
    0xED8F, 0xED8E, 0xED6E, 0xF58E, 0xD4AB, 0x8B47, 0x75CA, 0x760A, 0x760A, 0x75EA, 0x6DAA, 0x65AA,
    0x4BA5, 0xAD73, 0xFFFE, 0xCD31, 0x0020, 0x0040, 0x0040, 0x2124, 0xF79E, 0xFEF8, 0x7A86, 0x4A42,
    0x42C4, 0x42A3, 0x3A42, 0x4921, 0x7A04, 0x8AC6, 0x82A5, 0x7A85, 0x8285, 0x8285, 0x7A44, 0x7A84,
    0x7224, 0x49A2, 0x4B24, 0x4304, 0x3B04, 0x32C3, 0x32C3, 0x3AE4, 0x31E1, 0xA511, 0xFFFE, 0xCD31,
    0x0040, 0x0040, 0x0040, 0x2124, 0xF7BE, 0xF6B7, 0xB4D0, 0x9C71, 0x9431, 0x8C10, 0x8C31, 0x8C51,
    0x8C71, 0x8C51, 0x8C50, 0x8430, 0x8430, 0x8430, 0x8410, 0x8410, 0x8430, 0x8430, 0x8C30, 0x8C30,
    0x8430, 0x8431, 0x8C51, 0x9472, 0xA4D2, 0xDE77, 0xFFBC, 0xD572, 0x0040, 0x0020, 0x0040, 0x2103,
    0xF75C, 0xFF18, 0xFF7A, 0xFFFD, 0xFFFD, 0xFFFD, 0xFFFD, 0xFFFD, 0xFFFD, 0xFFFD, 0xFFFD, 0xFFFD,
    0xFFFE, 0xFFFD, 0xFFFD, 0xFFFD, 0xFFFD, 0xFFFD, 0xFFFD, 0xFFFD, 0xFFFD, 0xFFFD, 0xFFFD, 0xFFFD,
    0xFFDC, 0xFF38, 0xFEB6, 0xC48E, 0x0020, 0x0040, 0x8002, 0x001C, 0x7AC8, 0xBD10, 0xB4D0, 0xB4CF,
    0xB4CF, 0xB4CF, 0xB4AF, 0xB4AF, 0xB4AF, 0xB4AF, 0xB4AF, 0xB4AF, 0xB48F, 0xB48E, 0xB48E, 0xB4AF,
    0xB4AF, 0xB4AF, 0xB4AE, 0xB4AE, 0xB4AF, 0xB4AF, 0xB48E, 0xB4AF, 0xB4AE, 0xB4AF, 0xAC0C, 0x4943,
    0x8005, 0x001A, 0x0000, 0x0000, 0x0000, 0x0000, 0x0000, 0x0000, 0x0000, 0x0000, 0x0000, 0x0000,
    0x0000, 0x0000, 0x0000, 0x0000, 0x0000, 0x0000, 0x0000, 0x0000, 0x0000, 0x0000, 0x0000, 0x0000,
    0x0000, 0x0000, 0x0000, 0x0000, 0x8006, 0x001A, 0x0040, 0x0060, 0x0060, 0x0060, 0x0060, 0x0060,
    0x0060, 0x0060, 0x0000, 0x0000, 0x0040, 0x0000, 0x0000, 0x0000, 0x0000, 0x0000, 0x0040, 0x0060,
    0x0060, 0x0060, 0x0060, 0x0060, 0x0060, 0x0060, 0x0060, 0x0060, 0x8043, 0x800E, 0x0002, 0x0000,
    0x0000, 0x801E, 0x0002, 0x6B24, 0x7302, 0x801B, 0x0006, 0x2943, 0x18A0, 0xE669, 0xFFCA, 0xFF47,
    0xC463, 0x8019, 0x0008, 0x4A47, 0xFFF9, 0xEE6B, 0xF667, 0xFEA5, 0xED44, 0xDC42, 0x99E1, 0x8018,
    0x000B, 0xC611, 0xFECA, 0xFEA8, 0xFE65, 0xD462, 0x81A1, 0xBA29, 0xBA4D, 0xAB51, 0xAB72, 0x8AAD,
    0x8014, 0x000D, 0xA530, 0xFFD1, 0xF604, 0xFE05, 0xD3E2, 0x9244, 0x61E9, 0xCB94, 0xFBD7, 0xFC17,
    0xFC99, 0xE476, 0x30C4, 0x8012, 0x000F, 0x4225, 0xFFD2, 0xF624, 0xFE46, 0xECE3, 0x88C4, 0x8A0C,
    0xFF7F, 0xFF5F, 0xFCF8, 0xF211, 0xF272, 0xF375, 0xFC78, 0x9AAE, 0x8011, 0x0010, 0xA4C9, 0xFEC9,
    0xFE04, 0xDCE3, 0x70C3, 0xCB11, 0xF5BA, 0xFF7F, 0xFF5F, 0xFEDE, 0xFAD3, 0xFA72, 0xFA52, 0xFAB3,
    0xE2B1, 0xD20F, 0x800F, 0x0012, 0x5A84, 0xFFAC, 0xFE25, 0xE504, 0xA245, 0xC1F0, 0xFB14, 0xFBF7,
    0xFD5A, 0xFD39, 0xFCB8, 0xFAB3, 0xFA72, 0xFA72, 0xFA72, 0xFA93, 0xFAB3, 0xA92B, 0x800E, 0x0013,
    0x5A42, 0xFEC8, 0xFE45, 0xBBA2, 0x98A9, 0xFC58, 0xFAD3, 0xFA11, 0xFA11, 0xFA31, 0xFA31, 0xFA92,
    0xFA92, 0xFA72, 0xFA92, 0xF251, 0xE1CF, 0xD94E, 0x2803, 0x800D, 0x0014, 0x59E1, 0xFE85, 0xD4A3,
    0x91E1, 0xA8EB, 0xFC57, 0xFAB3, 0xFA72, 0xFA92, 0xFA92, 0xFA92, 0xFA92, 0xFA92, 0xFAB3, 0xEA51,
    0xB10B, 0xA86A, 0x78E3, 0xAC44, 0xC546, 0x800D, 0x0014, 0xA3A2, 0xDC63, 0x9124, 0xB92D, 0xFBF6,
    0xFA72, 0xFA72, 0xFA72, 0xFA92, 0xFA92, 0xFA92, 0xFA92, 0xFA72, 0xC96D, 0xA9E7, 0xB3A8, 0xC465,
    0xFE66, 0xFEE7, 0x82E2, 0x800D, 0x0015, 0xAB62, 0x80C5, 0xC90D, 0xF252, 0xFA52, 0xFA72, 0xFA92,
    0xFA92, 0xFA92, 0xFA92, 0xFAD3, 0xDA0F, 0x98E8, 0xAB44, 0xFF8B, 0xFF08, 0xFE25, 0xEDA5, 0xECE3,
    0x3900, 0x0040, 0x800C, 0x0014, 0x60C7, 0xFA32, 0xD18F, 0xF252, 0xFAB3, 0xFA92, 0xFA92, 0xFA92,
    0xFAD3, 0xFA92, 0x7007, 0x8345, 0xFF8C, 0xF646, 0xFE66, 0xED64, 0xCC42, 0xD463, 0x3900, 0x0040,
    0x800C, 0x0014, 0x2042, 0xC9CF, 0xE9B0, 0xD98F, 0xE9F0, 0xFA92, 0xFA92, 0xFA92, 0xF251, 0xA90A,
    0xA406, 0xDE07, 0xFEC7, 0xFE66, 0xE504, 0xDCA3, 0xD463, 0xE4A3, 0x3920, 0x0020, 0x800D, 0x0013,
    0x4845, 0xC92D, 0xD96F, 0xE16F, 0xF231, 0xFA52, 0xF252, 0xE9D0, 0x80C5, 0xDE67, 0xFF28, 0xF625,
    0xED64, 0xD462, 0xDCA3, 0xD483, 0xC3E2, 0x30E0, 0x0020, 0x800D, 0x0011, 0x0000, 0x6866, 0xC94D,
    0xE1B0, 0xD96F, 0xE16F, 0xD94F, 0xB90C, 0x5082, 0xCD85, 0xFEC6, 0xEDC5, 0xD462, 0xDCA3, 0xD483,
    0xD462, 0x20C0, 0x800F, 0x0011, 0x9B28, 0xD46C, 0x60E4, 0x7026, 0xD92E, 0xC90D, 0xB8AC, 0x98C7,
    0xCCE4, 0xF686, 0xFE65, 0xE503, 0xD462, 0xD483, 0xD483, 0xDCC3, 0x20A0, 0x800E, 0x0011, 0x61A3,
    0xC40A, 0xD48B, 0x8A66, 0x7144, 0x7887, 0xC0EC, 0xB88B, 0x78E4, 0xFE64, 0xFEA5, 0xE543, 0xDC82,
    0xD482, 0xE4C3, 0xD462, 0x6A21, 0x800E, 0x0012, 0x1061, 0xE54E, 0xDCCC, 0xC40A, 0x92C6, 0x69C3,
    0x0800, 0x5845, 0x6026, 0x40C1, 0xE5A3, 0xF5C3, 0xCC22, 0xCC22, 0xD462, 0xC402, 0x9B21, 0x0000,
    0x800D, 0x0007, 0x28E2, 0xE58F, 0xDCED, 0xD46B, 0x8265, 0x0820, 0x0000, 0x8004, 0x0007, 0x1880,
    0xC402, 0xE4A2, 0xDC42, 0xC3A2, 0x1880, 0x0000, 0x800D, 0x0006, 0x5205, 0xB40A, 0xE50D, 0xCC6B,
    0xB388, 0x28C1, 0x8007, 0x0004, 0x30E0, 0x3920, 0x3920, 0x28C0, 0x800E, 0x0006, 0x1081, 0xC4CD,
    0xED4D, 0xC3C9, 0xBB88, 0x5142, 0x8019, 0x0006, 0x0820, 0xD54E, 0xD4AC, 0xC40A, 0xC3EA, 0x71C4,
    0x8019, 0x0007, 0x6AA7, 0xB42B, 0xDCCC, 0xCC6B, 0xBB88, 0x69A4, 0x1040, 0x8018, 0x0007, 0x5226,
    0xEDD0, 0xED4D, 0xCC2A, 0xC409, 0x92A6, 0x1840, 0x8017, 0x0008, 0x0000, 0x20E2, 0xFEB3, 0xDD2E,
    0xCC6A, 0xCC4B, 0xBB88, 0x61C4, 0x8018, 0x0008, 0x0000, 0x3943, 0xF58E, 0xDCEC, 0xCC4B, 0xC3C9,
    0x8A45, 0x1040, 0x801A, 0x0005, 0xA369, 0xCC4B, 0xC3C9, 0x92A6, 0x4922, 0x801B, 0x0004, 0x0820,
    0x9B07, 0x9AC6, 0x4101, 0x801E, 0x0001, 0x0820, 0x801F, 0x0001, 0x0000, 0x801A, 0x803B, 0x0003,
    0x0000, 0x0000, 0x0000, 0x801D, 0x0003, 0x5A0C, 0x51EA, 0x5A2C, 0x801C, 0x0006, 0x82D1, 0xB3F9,
    0xC43D, 0xDC9F, 0x7A52, 0x0000, 0x801B, 0x0005, 0x0802, 0x79F6, 0x9AFB, 0x59AE, 0x0040, 0x801B,
    0x0003, 0x3967, 0xDD1F, 0x49AC, 0x800B, 0x0004, 0xA52B, 0x9CAA, 0xA4C9, 0xB4A4, 0x800E, 0x0003,
    0xB3DA, 0x412C, 0x0000, 0x8008, 0x0007, 0x5266, 0x6B48, 0xCDAA, 0xFFAC, 0xFF2B, 0xFF2A, 0xB484,
    0x800D, 0x0004, 0x7AB3, 0xD43F, 0x7A35, 0x59B0, 0x8007, 0x0007, 0x5286, 0xFF72, 0xFF8D, 0xFE66,
    0xF626, 0xFE26, 0xE504, 0x800A, 0x000A, 0x3166, 0x3146, 0x2926, 0x0021, 0x412C, 0x7A35, 0x8256,
    0x8A78, 0x514E, 0x0020, 0x8004, 0x0008, 0xC5F2, 0xFFD4, 0xFE68, 0xFE26, 0xFE46, 0xFE67, 0xFE66,
    0xCC22, 0x8009, 0x0005, 0x9374, 0xD45F, 0xB35C, 0xC41F, 0x59CF, 0x8009, 0x0008, 0x7BA9, 0xFFF5,
    0xFE8A, 0xFE46, 0xFE67, 0xFE47, 0xFE87, 0xCCA4, 0x800B, 0x0004, 0x1023, 0x7212, 0xB35E, 0x412A,
    0x8008, 0x0009, 0x5AC7, 0xFFF4, 0xF6CB, 0xFE46, 0xFE67, 0xFE67, 0xFE67, 0xFEA7, 0xABA3, 0x800B,
    0x0003, 0x522B, 0xCC7E, 0x6191, 0x8009, 0x0009, 0x5267, 0xFFB2, 0xFE47, 0xFE67, 0xFE67, 0xFE67,
    0xFE67, 0xFE87, 0xB382, 0x800B, 0x0003, 0xC41E, 0x6190, 0x0000, 0x8009, 0x0009, 0x9C6A, 0xFF2D,
    0xFE47, 0xFE67, 0xFE67, 0xFE67, 0xFE67, 0xFEA7, 0xB3C3, 0x8008, 0x0006, 0x6A50, 0x0822, 0x6A70,
    0xC3DF, 0x69D2, 0x59D0, 0x8007, 0x000B, 0x0000, 0x4A67, 0xFFF4, 0xFE88, 0xFE67, 0xFE67, 0xFE67,
    0xFE67, 0xFE67, 0xFEA7, 0xC4C5, 0x8007, 0x0008, 0x9AF7, 0xAADA, 0x2887, 0x494D, 0x92D9, 0x8AD8,
    0x9ADA, 0x7A14, 0x8006, 0x000C, 0x0000, 0x4A48, 0xFFB4, 0xFE46, 0xFE67, 0xFE67, 0xFE67, 0xFE67,
    0xFE67, 0xFEA7, 0xFE06, 0xA322, 0x8007, 0x0003, 0x38EB, 0x8AB6, 0x1042, 0x800A, 0x000C, 0x0000,
    0x4A47, 0xFF93, 0xFE25, 0xFE67, 0xFE67, 0xFEA7, 0xFE87, 0xFE87, 0xEDA6, 0xFE26, 0xE5A6, 0x8007,
    0x0003, 0xB35C, 0xBBDE, 0x30CA, 0x800A, 0x000F, 0x0000, 0x4A48, 0xFF93, 0xFE46, 0xFE67, 0xFE67,
    0xDD86, 0xF627, 0xFEE7, 0x82C2, 0x9BA3, 0xFF08, 0xEDE6, 0x6283, 0x5222, 0x8004, 0x0002, 0x61D0,
    0x69B3, 0x800B, 0x0010, 0x0000, 0x4A25, 0xFF6E, 0xFE46, 0xFE87, 0xEE27, 0x0840, 0xB4A5, 0xFF48,
    0x4181, 0x3982, 0xFEC8, 0xFE87, 0xFEA7, 0xFF68, 0x6283, 0x8010, 0x0010, 0x0000, 0x5224, 0xFF4A,
    0xFE47, 0xFE87, 0xFE88, 0x9BC4, 0x18A0, 0x18A1, 0x1860, 0xAC04, 0xFEC8, 0xFE67, 0xFE87, 0xE5A6,
    0x1880, 0x8012, 0x000E, 0xB4A6, 0xFEA8, 0xFE67, 0xFE87, 0xFEA7, 0xA424, 0x93A4, 0xAC45, 0xE5A6,
    0xFEA8, 0xFE67, 0xFEA7, 0xDD86, 0x82E2, 0x8012, 0x000F, 0x49C2, 0xFEC8, 0xFE67, 0xFE87, 0xFE67,
    0xFEE8, 0xFEE7, 0xFEC8, 0xFEA7, 0xFE67, 0xFE67, 0xFE67, 0xEDA5, 0x8AC2, 0x5A02, 0x8011, 0x0017,
    0x5A63, 0xFF08, 0xFE67, 0xFE87, 0xFE67, 0xFE67, 0xF627, 0xFE47, 0xFE67, 0xFE87, 0xFE67, 0xFDE6,
    0xABE4, 0x5222, 0xF647, 0xEDC6, 0x3162, 0x2102, 0x2923, 0x2923, 0x2123, 0xCDCA, 0xACC8, 0x800A,
    0x0016, 0x7B23, 0xFEC7, 0xFE67, 0xFE87, 0xFE87, 0xFE67, 0xFE67, 0xFE67, 0xFE67, 0xFE67, 0xFE67,
    0xFE47, 0xFE87, 0xFE67, 0xFE46, 0xFE89, 0xFEAA, 0xFECA, 0xFEAA, 0xF629, 0xFE86, 0xA3A3, 0x800A,
    0x0016, 0x3161, 0xE627, 0xFE67, 0xFE67, 0xFE67, 0xFE67, 0xFE67, 0xFE67, 0xFE67, 0xFE67, 0xFE67,
    0xFE67, 0xFE67, 0xFE67, 0xFE67, 0xFE66, 0xFE46, 0xFE46, 0xFE26, 0xF5C5, 0xC4A3, 0x6221, 0x800B,
    0x0014, 0x4161, 0xFE05, 0xFEA8, 0xFE87, 0xFE67, 0xFE67, 0xFE67, 0xFE67, 0xFE67, 0xFE67, 0xFE67,
    0xFE67, 0xFE67, 0xFE67, 0xFE67, 0xFE67, 0xFE67, 0xFE67, 0xFDC5, 0x4960, 0x800D, 0x0013, 0x51C1,
    0xED85, 0xF5E5, 0xFEA7, 0xFE87, 0xFE87, 0xFE87, 0xFE87, 0xFE87, 0xFE67, 0xFE67, 0xFE87, 0xFE67,
    0xFE66, 0xFE26, 0xFE46, 0xED65, 0x92A1, 0x28A0, 0x800F, 0x000F, 0x7B03, 0xF687, 0xEE06, 0xFE47,
    0xFE46, 0xFE46, 0xFE46, 0xFE46, 0xFE46, 0xFE26, 0xFE26, 0xE525, 0xDCC4, 0xDCC3, 0x8282, 0x8012,
    0x000D, 0x18A0, 0x1080, 0x9B42, 0xFD64, 0xED03, 0xECE3, 0xE4C3, 0xE4C3, 0xDC83, 0xECC3, 0x9B22,
    0x1060, 0x1040, 0x8016, 0x0007, 0x20A0, 0x20A0, 0x1880, 0x1880, 0x1860, 0x1860, 0x1860, 0x8019,
    0x0007, 0x0000, 0x0000, 0x0000, 0x0000, 0x0000, 0x0000, 0x0000, 0x802E, 0x806B, 0x0004, 0x0000,
    0x0000, 0x0000, 0x0020, 0x801F, 0x0001, 0x1042, 0x801C, 0x0003, 0xE51F, 0xD4DE, 0xE4DF, 0x801C,
    0x0005, 0xAC17, 0xD4BF, 0xAB5C, 0xA33C, 0x9B1B, 0x8019, 0x0008, 0x0000, 0xBC9A, 0xDD5F, 0xB3DC,
    0xA33C, 0x92BA, 0x92BC, 0x5990, 0x8018, 0x0007, 0xC47B, 0xC47D, 0xA35C, 0x92BB, 0x9AFB, 0x9AFB,
    0x8299, 0x8017, 0x0009, 0x2905, 0x9395, 0xDD3F, 0xA33C, 0x9AFB, 0x9AFB, 0x9AFB, 0x9AFB, 0x8A9A,
    0x8001, 0x000C, 0x0821, 0x0841, 0x0841, 0x0841, 0x0841, 0x0841, 0x0841, 0x0841, 0x0841, 0x0841,
    0x0841, 0x1062, 0x8009, 0x0018, 0x0000, 0xC4BB, 0xCCBF, 0xA39C, 0x9B1B, 0x9B1B, 0x9AFB, 0x9AFB,
    0x9ADB, 0xBC1E, 0xC47E, 0xC4BB, 0xCCDB, 0xCCBC, 0xCC9C, 0xC49B, 0xC49B, 0xC4BC, 0xCCDC, 0xCCBC,
    0xC4BC, 0xBC3B, 0xD49E, 0x82B2, 0x8007, 0x001A, 0x20A4, 0xA3D6, 0xBC3D, 0xA35C, 0x9AFB, 0x9B1B,
    0x9AFB, 0x9AFB, 0x9AFB, 0x9ADB, 0xA33C, 0xAB5C, 0xB39D, 0xAB7D, 0xAB7D, 0xB37D, 0xB39D, 0xB39D,
    0xB39D, 0xAB9C, 0xAB7C, 0xAB5C, 0xAB3C, 0xAB5C, 0x9B19, 0x7A92, 0x8005, 0x0001, 0x1083, 0x8001,
    0x0019, 0xE53F, 0xA31C, 0x92DB, 0x9AFB, 0x9AFB, 0x9AFB, 0x9AFB, 0x9AFB, 0x9ADB, 0x92DB, 0x92BB,
    0x92BB, 0x92BB, 0x92DB, 0x92DB, 0x92DB, 0x92DB, 0x92BB, 0x92BA, 0x92BA, 0x92BA, 0x92DB, 0x8A9A,
    0xA33C, 0xC3FE, 0x8005, 0x007D, 0x7AF0, 0xE55F, 0x92BA, 0x9AFB, 0x9AFB, 0x9AFB, 0x9AFB, 0x9AFB,
    0x9AFB, 0x9AFB, 0x9ADB, 0x9AFB, 0x9ADB, 0x9AFB, 0x9AFB, 0x9AFB, 0x9AFB, 0x9AFB, 0x9AFB, 0x9AFB,
    0x9AFB, 0x9AFB, 0x9AFB, 0x9ADB, 0x9AFB, 0x92BA, 0x69D5, 0x0822, 0x0060, 0x0020, 0x0021, 0x7AF1,
    0xA3D9, 0xAB9D, 0x9ADB, 0x9AFB, 0x9AFB, 0x9AFB, 0x9AFB, 0x9AFB, 0x9AFB, 0x9AFB, 0x9AFB, 0x9AFB,
    0x9AFB, 0x9AFB, 0x9AFB, 0x9AFB, 0x9AFB, 0x9AFB, 0x9AFB, 0x9AFB, 0x9AFB, 0x9AFB, 0x9ADB, 0x9ADB,
    0x9AFB, 0x8A9A, 0x61D4, 0x0822, 0x0020, 0x0020, 0x0842, 0xCCBE, 0xBBDE, 0x929B, 0x9AFB, 0x9ADB,
    0x9ADB, 0x9AFB, 0x9AFB, 0x9AFB, 0x9AFB, 0x9AFB, 0x9AFB, 0x9AFB, 0x9AFB, 0x9AFB, 0x9AFB, 0x9AFB,
    0x9AFB, 0x9AFB, 0x9AFB, 0x9AFB, 0x9AFB, 0x9AFB, 0x9AFB, 0x9ADB, 0x9AFB, 0x8A9A, 0x69D4, 0x0842,
    0x0020, 0x0000, 0x0822, 0x9ADB, 0xA2FC, 0x9ADB, 0x9ADB, 0x9AFB, 0x9AFB, 0x9AFB, 0x9ADB, 0x9ADB,
    0x9AFB, 0x9AFB, 0x9AFB, 0x9AFB, 0x9AFB, 0x9AFB, 0x9AFB, 0x9AFB, 0x9AFB, 0x9AFB, 0x9AFB, 0x9AFB,
    0x9AFB, 0x9ADB, 0x9ADB, 0x9AFB, 0x9AFB, 0x8ABA, 0x69D4, 0x0842, 0x0020, 0x8003, 0x001D, 0x7A56,
    0xA31D, 0x9ADB, 0x9AFB, 0x9ADB, 0x9ADB, 0x9ADB, 0x9AFB, 0x9AFB, 0x9AFB, 0x9AFB, 0x9AFB, 0x9ADB,
    0x9ADB, 0x9ADB, 0x9AFB, 0x9AFB, 0x9AFB, 0x9AFB, 0x9AFB, 0x9AFB, 0x9ADB, 0x9ADB, 0x9ADB, 0x9AFB,
    0x8ABA, 0x69F4, 0x0842, 0x0000, 0x8002, 0x001E, 0x0000, 0x518F, 0x9AFC, 0x92BA, 0x92DB, 0x9ADB,
    0x9ADB, 0x9AFB, 0x9AFB, 0x9AFB, 0x9AFB, 0x92FB, 0x92DB, 0x92DB, 0x92DB, 0x9ADB, 0x9ADB, 0x92DB,
    0x92FB, 0x92FB, 0x92FB, 0x9AFB, 0x9ADB, 0x9ADB, 0x92DB, 0x9AFB, 0x8A99, 0x61D4, 0x0842, 0x0020,
    0x8003, 0x0001, 0x0821, 0x8001, 0x001B, 0xA31D, 0xA31C, 0x92DB, 0x9AFB, 0x9AFB, 0x9AFB, 0x92DB,
    0x9AFB, 0x9AFB, 0x9AFB, 0x9AFB, 0x9AFB, 0x9ADB, 0x9ADB, 0x9AFB, 0x9AFB, 0x9AFB, 0x9AFB, 0x9AFB,
    0x9AFB, 0x9AFB, 0x9AFB, 0x7A78, 0x7236, 0x69F5, 0x0822, 0x0040, 0x8004, 0x001A, 0x1043, 0x61D1,
    0xAB9B, 0x9AFC, 0x92DB, 0x9ADB, 0x9ADB, 0x9AFB, 0x9AFB, 0x92FB, 0x8A99, 0x8298, 0x8279, 0x8279,
    0x8279, 0x8299, 0x8299, 0x8299, 0x8299, 0x8299, 0x8299, 0x8299, 0x8299, 0x7237, 0x61D4, 0x412D,
    0x8007, 0x0017, 0x0000, 0x69F2, 0xAB1E, 0x92DB, 0x9ADB, 0x9ADB, 0x9AFB, 0x9AFB, 0x92BA, 0x69F5,
    0x59B2, 0x61B2, 0x61B3, 0x59B3, 0x59B3, 0x59B2, 0x59B2, 0x59B2, 0x59B3, 0x61B3, 0x61B3, 0x61D3,
    0x6A15, 0x8001, 0x0001, 0x0000, 0x800A, 0x0007, 0x92DA, 0x9AFC, 0x9ADB, 0x92DB, 0x92DB, 0x92DA,
    0x8278, 0x8001, 0x000C, 0x0821, 0x1022, 0x0802, 0x0801, 0x0801, 0x0801, 0x0801, 0x0801, 0x0822,
    0x0822, 0x0801, 0x0801, 0x800C, 0x0007, 0x69F4, 0x8A9A, 0x92DA, 0x92FB, 0x92DB, 0x92DA, 0x7A78,
    0x8019, 0x0008, 0x0000, 0x516F, 0x92DB, 0x9B1B, 0x92FB, 0x7236, 0x7237, 0x496D, 0x801A, 0x0005,
    0x516F, 0x7A37, 0x7A58, 0x7237, 0x59B1, 0x801B, 0x0004, 0x1043, 0x69D5, 0x61D4, 0x7216, 0x8001,
    0x0001, 0x0000, 0x801B, 0x0004, 0x0822, 0x0822, 0x0822, 0x0001, 0x801C, 0x0004, 0x0040, 0x0020,
    0x0020, 0x0040, 0x8071,
};

}
