#include "RoomAssets.h"

namespace RoomAssets {

const uint16_t STANDARD_ROOM_RLE[] PROGMEM = {
    0x7FFF, 0x0000, 0x0000, 0x0000, 0x0000, 0x0000, 0x0000, 0x0000, 0x0000, 0x0000, 0x0000, 0x0000,
    0x0000, 0x0000, 0x0000, 0x0000, 0x0000, 0x0000, 0x0000, 0x0000, 0x0000, 0x0000, 0x0000, 0x0000,
    0x0000, 0x0000, 0x0000, 0x0000, 0x0000, 0x0000, 0x0000, 0x0000, 0x0000, 0x0000, 0x0000, 0x0000,
    0x0000, 0x0000, 0x0000, 0x0000, 0x0000, 0x0000, 0x0000, 0x0000, 0x0000, 0x0000, 0x0000, 0x0000,
    0x0000, 0x0000, 0x0000, 0x0000, 0x0000, 0x0000, 0x0000, 0x0000, 0x0000, 0x0000, 0x0000, 0x0000,
    0x0000, 0x0000, 0x0000, 0x0000, 0x0000, 0x0000, 0x0000, 0x0000, 0x0000, 0x0000, 0x0000, 0x0000,
    0x0000, 0x0000, 0x0000, 0x0000, 0x0000, 0x0000, 0x0000, 0x0000, 0x0000, 0x0000, 0x0000, 0x0000,
    0x0000, 0x0000, 0x0000, 0x0000, 0x0000, 0x0000, 0x0000, 0x0000, 0x0000, 0x0000, 0x0000, 0x0000,
    0x0000, 0x0000, 0x0000, 0x0000, 0x0000, 0x0000, 0x0000, 0x0000, 0x0000, 0x0000, 0x0000, 0x0000,
    0x0000, 0x0000, 0x0000, 0x0000, 0x0000, 0x0000, 0x0000, 0x0000, 0x0000, 0x0000, 0x0000, 0x0000,
    0x0000, 0x0000, 0x0000, 0x0000, 0x0000, 0x0000, 0x0000, 0x0000, 0x0000, 0x0000, 0x0000, 0x0000,
    0x0000, 0x0000, 0x0000, 0x0000, 0x0000, 0x0000, 0x0000, 0x0000, 0x0000, 0x0000, 0x0000, 0x0000,
    0x0000, 0x0000, 0x0000, 0x0000, 0x0000, 0x0000, 0x0000, 0x0000, 0x0000, 0x0000, 0x0000, 0x0000,
    0x0000, 0x0000, 0x0000, 0x0000, 0x0000, 0x0000, 0x0000, 0x0000, 0x0000, 0x0000, 0x0000, 0x0000,
    0x0000, 0x0000, 0x0000, 0x0000, 0x0000, 0x0000, 0x0000, 0x0000, 0x0000, 0x0000, 0x0000, 0x0000,
    0x0000, 0x0000, 0x0000, 0x0000, 0x0000, 0x0000, 0x0000, 0x0000, 0x0000, 0x0000, 0x0000, 0x0000,
    0x0000, 0x0000, 0x0000, 0x0000, 0x0000, 0x0000, 0x0000, 0x0000, 0x0000, 0x0000, 0x0000, 0x0000,
    0x0000, 0x0000, 0x0000, 0x0000, 0x0000, 0x0000, 0x0000, 0x0000, 0x0000, 0x0000, 0x0000, 0x0000,
    0x0000, 0x0000, 0x0000, 0x0000, 0x0000, 0x0000, 0x0000, 0x0000, 0x0000, 0x0000, 0x0000, 0x0000,
    0x0000, 0x0000, 0x0000, 0x0000, 0x0000, 0x0000, 0x0000, 0x0000, 0x0000, 0x0000, 0x0000, 0x0000,
    0x0000, 0x0000, 0x0000, 0x0000, 0x0000, 0x0000, 0x0000, 0x0000, 0x0000, 0x0000, 0x0000, 0x0000,
    0x0000, 0x0000, 0x0000, 0x0000, 0x0000, 0x0000, 0x0000, 0x0000, 0x0000, 0x0000, 0x0000, 0x0000,
    0x0000, 0x0000, 0x0000, 0x0000, 0x0000, 0x0000, 0x0000, 0x0000, 0x0000, 0x0000, 0x0000, 0x0000,
    0x0000, 0x0000, 0x0000, 0x0000, 0x0000, 0x0000, 0x0000, 0x0000, 0x0000, 0x0000, 0x0000, 0x0000,
    0x0000, 0x0000, 0x0000, 0x0000, 0x0000, 0x0000, 0x0000, 0x0000, 0x0000, 0x0000, 0x0000, 0x0000,
    0x0000, 0x0000, 0x0000, 0x0000, 0x0000, 0x0000, 0x0000, 0x0000, 0x0000, 0x0000, 0x0000, 0x0000,
    0x0000, 0x0000, 0x0000, 0x0000, 0x0000, 0x0000, 0x0000, 0x0000, 0x0000, 0x0000, 0x0000, 0x0000,
    0x0000, 0x0000, 0x0000, 0x0000, 0x0000, 0x0000, 0x0000, 0x0000, 0x0000, 0x0000, 0x0000, 0x0000,
    0x0000, 0x0000, 0x0000, 0x0000, 0x0000, 0x0000, 0x0000, 0x0000, 0x0000, 0x0000, 0x0000, 0x0000,
    0x0000, 0x0000, 0x0000, 0x0000, 0x0000, 0x0000, 0x0000, 0x0000, 0x4204, 0x0000, 0x0800, 0xBBA6,
    0xD426, 0x0000, 0x1061, 0x2922, 0x0000, 0x0000, 0x0000, 0x0000, 0x0000, 0x0000, 0x0000, 0x0000,
    0x0000, 0x0000, 0x0000, 0x0000, 0x0000, 0x0000, 0x0000, 0x0000, 0x0000, 0x0000, 0x0000, 0x0000,
    0x0000, 0x0000, 0x0000, 0x0000, 0x0000, 0x0000, 0x0000, 0x0000, 0x0000, 0x0000, 0x0000, 0x0000,
    0x0000, 0x0000, 0x0000, 0x0000, 0x0000, 0x0000, 0x0000, 0x0000, 0x0000, 0x0000, 0x0000, 0x0000,
    0x0000, 0x0000, 0x0000, 0x0000, 0x0000, 0x0000, 0x0000, 0x0000, 0x0000, 0x0000, 0x0000, 0x0000,
    0x0000, 0x0000, 0x0000, 0x0000, 0x0000, 0x0000, 0x0000, 0x0000, 0x0000, 0x0000, 0x0000, 0x0000,
    0x0000, 0x0000, 0x0000, 0x0000, 0x0000, 0x0000, 0x0000, 0x0000, 0x0000, 0x0000, 0x0000, 0x0000,
    0x0000, 0x0000, 0x0000, 0x0000, 0x0000, 0x0000, 0x0000, 0x0000, 0x0000, 0x0000, 0x0000, 0x0000,
    0x0000, 0x0000, 0x0000, 0x0000, 0x0000, 0x0000, 0x0000, 0x0000, 0x0000, 0x0000, 0x0000, 0x0000,
    0x0000, 0x0000, 0x0000, 0x0000, 0x0000, 0x0000, 0x0000, 0x0000, 0x0000, 0x0000, 0x0000, 0x0000,
    0x0000, 0x0000, 0x0000, 0x0000, 0x0000, 0x0000, 0x0000, 0x0000, 0x0000, 0x0000, 0x0000, 0x0000,
    0x0000, 0x0000, 0x0000, 0x0000, 0x0000, 0x0000, 0x0000, 0x0000, 0x0000, 0x0000, 0x0000, 0x0000,
    0x0000, 0x0000, 0x0000, 0x0000, 0x0000, 0x0000, 0x0000, 0x0000, 0x0000, 0x0000, 0x0000, 0x0000,
    0x0000, 0x0000, 0x0000, 0x0000, 0x0000, 0x0000, 0x0000, 0x0000, 0x0000, 0x0000, 0x0000, 0x0000,
    0x0000, 0x0000, 0x0000, 0x0000, 0x0000, 0x0000, 0x0000, 0x0000, 0x0000, 0x0000, 0x0000, 0x0000,
    0x0000, 0x0000, 0x0000, 0x0000, 0x0000, 0x0000, 0x0000, 0x0000, 0x0000, 0x0000, 0x0000, 0x0000,
    0x0000, 0x0000, 0x0000, 0x0000, 0x0000, 0x0000, 0x0000, 0x0000, 0x0000, 0x0000, 0x0000, 0x0000,
    0x0000, 0x0000, 0x0000, 0x0000, 0x0000, 0x0000, 0x0000, 0x0000, 0x0000, 0x0000, 0x0000, 0x0000,
    0x0000, 0x0000, 0x0000, 0x0000, 0x0000, 0x0000, 0x0000, 0x0000, 0x0000, 0x0000, 0x0000, 0x0000,
    0x0000, 0x0000, 0x0000, 0x18E2, 0x0000, 0x0020, 0x0000, 0x92C5, 0xBB86, 0xC3C7, 0xC3C6, 0xC3C6,
    0xC3C6, 0xC3A6, 0xBBA6, 0xBBA6, 0x8AC5, 0x1081, 0x0840, 0x3184, 0x0000, 0x0000, 0x0000, 0x0000,
    0x0000, 0x0000, 0x0000, 0x0000, 0x0000, 0x0000, 0x0000, 0x0000, 0x0000, 0x0000, 0x0000, 0x0000,
    0x0000, 0x0000, 0x0000, 0x0000, 0x0000, 0x0000, 0x0000, 0x0000, 0x0000, 0x0000, 0x0000, 0x0000,
    0x0000, 0x0000, 0x0000, 0x0000, 0x0000, 0x0000, 0x0000, 0x0000, 0x0000, 0x0000, 0x0000, 0x0000,
    0x0000, 0x0000, 0x0000, 0x0000, 0x0000, 0x0000, 0x0000, 0x0000, 0x0000, 0x0000, 0x0000, 0x0000,
    0x0000, 0x0000, 0x0000, 0x0000, 0x0000, 0x0000, 0x0000, 0x0000, 0x0000, 0x0000, 0x0000, 0x0000,
    0x0000, 0x0000, 0x0000, 0x0000, 0x0000, 0x0000, 0x0000, 0x0000, 0x0000, 0x0000, 0x0000, 0x0000,
    0x0000, 0x0000, 0x0000, 0x0000, 0x0000, 0x0000, 0x0000, 0x0000, 0x0000, 0x0000, 0x0000, 0x0000,
    0x0000, 0x0000, 0x0000, 0x0000, 0x0000, 0x0000, 0x0000, 0x0000, 0x0000, 0x0000, 0x0000, 0x0000,
    0x0000, 0x0000, 0x0000, 0x0000, 0x0000, 0x0000, 0x0000, 0x0000, 0x0000, 0x0000, 0x0000, 0x0000,
    0x0000, 0x0000, 0x0000, 0x0000, 0x0000, 0x0000, 0x0000, 0x0000, 0x0000, 0x0000, 0x0000, 0x0000,
    0x0000, 0x0000, 0x0000, 0x0000, 0x0000, 0x0000, 0x0000, 0x0000, 0x0000, 0x0000, 0x0000, 0x0000,
    0x0000, 0x0000, 0x0000, 0x0000, 0x0000, 0x0000, 0x0000, 0x0000, 0x0000, 0x0000, 0x0000, 0x0000,
    0x0000, 0x0000, 0x0000, 0x0000, 0x0000, 0x0000, 0x0000, 0x0000, 0x0000, 0x0000, 0x0000, 0x0000,
    0x0000, 0x0000, 0x0000, 0x0000, 0x0000, 0x0000, 0x0000, 0x0000, 0x0000, 0x0000, 0x0000, 0x0000,
    0x0000, 0x0000, 0x0000, 0x0000, 0x0000, 0x0000, 0x0000, 0x0000, 0x0000, 0x0000, 0x0000, 0x0000,
    0x0000, 0x0000, 0x0000, 0x0000, 0x0000, 0x0000, 0x0000, 0x0000, 0x0000, 0x0000, 0x0000, 0x0000,
    0x0000, 0x0000, 0x0000, 0x0000, 0x0000, 0x0000, 0x0000, 0x0000, 0x0000, 0x0000, 0x0000, 0x0000,
    0x0000, 0x0000, 0x0000, 0x0000, 0x0000, 0x0000, 0x0000, 0x0000, 0x0000, 0x0000, 0x0000, 0x0000,
    0x0840, 0x0000, 0xB366, 0xBBA7, 0xC3C7, 0xC3E7, 0xBBC7, 0x0000, 0xB386, 0xC3E7, 0xC3C6, 0xC3C6,
    0xBBA6, 0xBB86, 0xB366, 0xB345, 0x2840, 0x8A83, 0xCC07, 0xCC07, 0xC3E7, 0x0000, 0x1881, 0x0000,
    0x0000, 0x0000, 0x0000, 0x0000, 0x0000, 0x0000, 0x0000, 0x0000, 0x0000, 0x0000, 0x0000, 0x0000,
    0x0000, 0x0000, 0x0000, 0x0000, 0x0000, 0x0000, 0x0000, 0x0000, 0x0000, 0x0000, 0x0000, 0x0000,
    0x0000, 0x0000, 0x0000, 0x0000, 0x0000, 0x0000, 0x0000, 0x0000, 0x0000, 0x0000, 0x0000, 0x0000,
    0x0000, 0x0000, 0x0000, 0x0000, 0x0000, 0x0000, 0x0000, 0x0000, 0x0000, 0x0000, 0x0000, 0x0000,
    0x0000, 0x0000, 0x0000, 0x0000, 0x0000, 0x0000, 0x0000, 0x0000, 0x0000, 0x0000, 0x0000, 0x0000,
    0x0000, 0x0000, 0x0000, 0x0000, 0x0000, 0x0000, 0x0000, 0x0000, 0x0000, 0x0000, 0x0000, 0x0000,
    0x0000, 0x0000, 0x0000, 0x0000, 0x0000, 0x0000, 0x0000, 0x0000, 0x0000, 0x0000, 0x0000, 0x0000,
    0x0000, 0x0000, 0x0000, 0x0000, 0x0000, 0x0000, 0x0000, 0x0000, 0x0000, 0x0000, 0x0000, 0x0000,
    0x0000, 0x0000, 0x0000, 0x0000, 0x0000, 0x0000, 0x0000, 0x0000, 0x0000, 0x0000, 0x0000, 0x0000,
    0x0000, 0x0000, 0x0000, 0x0000, 0x0000, 0x0000, 0x0000, 0x0000, 0x0000, 0x0000, 0x0000, 0x0000,
    0x0000, 0x0000, 0x0000, 0x0000, 0x0000, 0x0000, 0x0000, 0x0000, 0x0000, 0x0000, 0x0000, 0x0000,
    0x0000, 0x0000, 0x0000, 0x0000, 0x0000, 0x0000, 0x0000, 0x0000, 0x0000, 0x0000, 0x0000, 0x0000,
    0x0000, 0x0000, 0x0000, 0x0000, 0x0000, 0x0000, 0x0000, 0x0000, 0x0000, 0x0000, 0x0000, 0x0000,
    0x0000, 0x0000, 0x0000, 0x0000, 0x0000, 0x0000, 0x0000, 0x0000, 0x0000, 0x0000, 0x0000, 0x0000,
    0x0000, 0x0000, 0x0000, 0x0000, 0x0000, 0x0000, 0x0000, 0x0000, 0x0000, 0x0000, 0x0000, 0x0000,
    0x0000, 0x0000, 0x0000, 0x0000, 0x0000, 0x0000, 0x0000, 0x0000, 0x0000, 0x0000, 0x0000, 0x0000,
    0x0000, 0x0000, 0x0000, 0x0000, 0x0000, 0x0000, 0x0000, 0x0000, 0x0000, 0x0000, 0x0000, 0x0000,
    0x0000, 0x0000, 0x0000, 0x0000, 0x0000, 0x0000, 0x0000, 0x0020, 0x3963, 0x0020, 0x20C1, 0x49A3,
    0x6162, 0xBB86, 0xDCA9, 0xCC07, 0xC3C6, 0xC3C7, 0xBBC6, 0xC3E7, 0xC407, 0xD448, 0x1820, 0xF5CD,
    0xF60E, 0x2840, 0xB365, 0xBBC6, 0xC3C6, 0xC3C6, 0xBBA6, 0xBBA6, 0xBBA6, 0xC3A6, 0xD448, 0x79E3,
    0x2902, 0x49E5, 0x0000, 0x0000, 0x0000, 0x0000, 0x0000, 0x0000, 0x0000, 0x0000, 0x0000, 0x0000,
    0x0000, 0x0000, 0x0000, 0x0000, 0x0000, 0x0000, 0x0000, 0x0000, 0x0000, 0x0000, 0x0000, 0x0000,
    0x0000, 0x0000, 0x0000, 0x0000, 0x0000, 0x0000, 0x0000, 0x0000, 0x0000, 0x0000, 0x0000, 0x0000,
    0x0000, 0x0000, 0x0000, 0x0000, 0x0000, 0x0000, 0x0000, 0x0000, 0x0000, 0x0000, 0x0000, 0x0000,
    0x0000, 0x0000, 0x0000, 0x0000, 0x0000, 0x0000, 0x0000, 0x0000, 0x0000, 0x0000, 0x0000, 0x0000,
    0x0000, 0x0000, 0x0000, 0x0000, 0x0000, 0x0000, 0x0000, 0x0000, 0x0000, 0x0000, 0x0000, 0x0000,
    0x0000, 0x0000, 0x0000, 0x0000, 0x0000, 0x0000, 0x0000, 0x0000, 0x0000, 0x0000, 0x0000, 0x0000,
    0x0000, 0x0000, 0x0000, 0x0000, 0x0000, 0x0000, 0x0000, 0x0000, 0x0000, 0x0000, 0x0000, 0x0000,
    0x0000, 0x0000, 0x0000, 0x0000, 0x0000, 0x0000, 0x0000, 0x0000, 0x0000, 0x0000, 0x0000, 0x0000,
    0x0000, 0x0000, 0x0000, 0x0000, 0x0000, 0x0000, 0x0000, 0x0000, 0x0000, 0x0000, 0x0000, 0x0000,
    0x0000, 0x0000, 0x0000, 0x0000, 0x0000, 0x0000, 0x0000, 0x0000, 0x0000, 0x0000, 0x0000, 0x0000,
    0x0000, 0x0000, 0x0000, 0x0000, 0x0000, 0x0000, 0x0000, 0x0000, 0x0000, 0x0000, 0x0000, 0x0000,
    0x0000, 0x0000, 0x0000, 0x0000, 0x0000, 0x0000, 0x0000, 0x0000, 0x0000, 0x0000, 0x0000, 0x0000,
    0x0000, 0x0000, 0x0000, 0x0000, 0x0000, 0x0000, 0x0000, 0x0000, 0x0000, 0x0000, 0x0000, 0x0000,
    0x0000, 0x0000, 0x0000, 0x0000, 0x0000, 0x0000, 0x0000, 0x0000, 0x0000, 0x0000, 0x0000, 0x0000,
    0x0000, 0x0000, 0x0000, 0x0000, 0x0000, 0x0000, 0x0000, 0x0000, 0x0000, 0x0000, 0x0000, 0x0000,
    0x0000, 0x0000, 0x0000, 0x0000, 0x0000, 0x0000, 0x0000, 0x0000, 0x0000, 0x0000, 0x0000, 0x0000,
    0x0000, 0x0000, 0x0000, 0x0000, 0x18C2, 0x0020, 0x0000, 0x3901, 0xE467, 0xBBA6, 0xC3E7, 0xC3C7,
    0xBB86, 0xBBA6, 0x61A2, 0x79E2, 0xE4A8, 0xBB65, 0xC3E7, 0xF5AC, 0x92A4, 0x9AE4, 0x1020, 0xC3C5,
    0xAB25, 0x8223, 0x92A4, 0xA304, 0xED4A, 0xBBA6, 0xC3C7, 0xC3E7, 0xED4B, 0x8222, 0x6182, 0x92A3,
    0xD407, 0xBB86, 0x0000, 0x0000, 0x3984, 0x4983, 0x0000, 0x0000, 0x0000, 0x0000, 0x0000, 0x0000,
    0x0000, 0x0000, 0x0000, 0x0000, 0x0000, 0x0000, 0x0000, 0x0000, 0x0000, 0x0000, 0x0000, 0x0000,
    0x0000, 0x0000, 0x0000, 0x0000, 0x0000, 0x0000, 0x0000, 0x0000, 0x0000, 0x0000, 0x0000, 0x0000,
    0x0000, 0x0000, 0x0000, 0x0000, 0x0000, 0x0000, 0x0000, 0x0000, 0x0000, 0x0000, 0x0000, 0x0000,
    0x0000, 0x0000, 0x0000, 0x0000, 0x0000, 0x0000, 0x0000, 0x0000, 0x0000, 0x0000, 0x0000, 0x0000,
    0x0000, 0x0000, 0x0000, 0x0000, 0x0000, 0x0000, 0x0000, 0x0000, 0x0000, 0x0000, 0x0000, 0x0000,
    0x0000, 0x0000, 0x0000, 0x0000, 0x0000, 0x0000, 0x0000, 0x0000, 0x0000, 0x0000, 0x0000, 0x0000,
    0x0000, 0x0000, 0x0000, 0x0000, 0x0000, 0x0000, 0x0000, 0x0000, 0x0000, 0x0000, 0x0000, 0x0000,
    0x0000, 0x0000, 0x0000, 0x0000, 0x0000, 0x0000, 0x0000, 0x0000, 0x0000, 0x0000, 0x0000, 0x0000,
    0x0000, 0x0000, 0x0000, 0x0000, 0x0000, 0x0000, 0x0000, 0x0000, 0x0000, 0x0000, 0x0000, 0x0000,
    0x0000, 0x0000, 0x0000, 0x0000, 0x0000, 0x0000, 0x0000, 0x0000, 0x0000, 0x0000, 0x0000, 0x0000,
    0x0000, 0x0000, 0x0000, 0x0000, 0x0000, 0x0000, 0x0000, 0x0000, 0x0000, 0x0000, 0x0000, 0x0000,
    0x0000, 0x0000, 0x0000, 0x0000, 0x0000, 0x0000, 0x0000, 0x0000, 0x0000, 0x0000, 0x0000, 0x0000,
    0x0000, 0x0000, 0x0000, 0x0000, 0x0000, 0x0000, 0x0000, 0x0000, 0x0000, 0x0000, 0x0000, 0x0000,
    0x0000, 0x0000, 0x0000, 0x0000, 0x0000, 0x0000, 0x0000, 0x0000, 0x0000, 0x0000, 0x0000, 0x0000,
    0x0000, 0x0000, 0x0000, 0x0000, 0x0000, 0x0000, 0x0000, 0x0000, 0x0000, 0x0000, 0x0000, 0x0000,
    0x0000, 0x0000, 0x0000, 0x0000, 0x0000, 0x0000, 0x0000, 0x0000, 0x0000, 0x0000, 0x0000, 0x0861,
    0x3163, 0x0000, 0x1040, 0xDC89, 0xDC88, 0xC3C6, 0xC3C6, 0xCBE7, 0xC3E7, 0xC3E7, 0xCC07, 0xC3E7,
    0xC3C6, 0xC3C6, 0xD447, 0xDCA9, 0x61C2, 0xED29, 0xA304, 0xA2E4, 0x9AE4, 0x9AE4, 0x0000, 0xB385,
    0xBB86, 0x71E3, 0x9AC4, 0x9AC4, 0x92A4, 0x9AA4, 0xC3E6, 0x40C0, 0xBB65, 0xAB05, 0xBB86, 0xC3C6,
    0xC3E6, 0xC3C6, 0xCBE7, 0xCC07, 0xC3E7, 0xE467, 0x0000, 0x0000, 0x3143, 0x0000, 0x0000, 0x0000,
    0x0000, 0x0000, 0x0000, 0x0000, 0x0000, 0x0000, 0x0000, 0x0000, 0x0000, 0x0000, 0x0000, 0x0000,
    0x0000, 0x0000, 0x0000, 0x0000, 0x0000, 0x0000, 0x0000, 0x0000, 0x0000, 0x0000, 0x0000, 0x0000,
    0x0000, 0x0000, 0x0000, 0x0000, 0x0000, 0x0000, 0x0000, 0x0000, 0x0000, 0x0000, 0x0000, 0x0000,
    0x0000, 0x0000, 0x0000, 0x0000, 0x0000, 0x0000, 0x0000, 0x0000, 0x0000, 0x0000, 0x0000, 0x0000,
    0x0000, 0x0000, 0x0000, 0x0000, 0x0000, 0x0000, 0x0000, 0x0000, 0x0000, 0x0000, 0x0000, 0x0000,
    0x0000, 0x0000, 0x0000, 0x0000, 0x0000, 0x0000, 0x0000, 0x0000, 0x0000, 0x0000, 0x0000, 0x0000,
    0x0000, 0x0000, 0x0000, 0x0000, 0x0000, 0x0000, 0x0000, 0x0000, 0x0000, 0x0000, 0x0000, 0x0000,
    0x0000, 0x0000, 0x0000, 0x0000, 0x0000, 0x0000, 0x0000, 0x0000, 0x0000, 0x0000, 0x0000, 0x0000,
    0x0000, 0x0000, 0x0000, 0x0000, 0x0000, 0x0000, 0x0000, 0x0000, 0x0000, 0x0000, 0x0000, 0x0000,
    0x0000, 0x0000, 0x0000, 0x0000, 0x0000, 0x0000, 0x0000, 0x0000, 0x0000, 0x0000, 0x0000, 0x0000,
    0x0000, 0x0000, 0x0000, 0x0000, 0x0000, 0x0000, 0x0000, 0x0000, 0x0000, 0x0000, 0x0000, 0x0000,
    0x0000, 0x0000, 0x0000, 0x0000, 0x0000, 0x0000, 0x0000, 0x0000, 0x0000, 0x0000, 0x0000, 0x0000,
    0x0000, 0x0000, 0x0000, 0x0000, 0x0000, 0x0000, 0x0000, 0x0000, 0x0000, 0x0000, 0x0000, 0x0000,
    0x0000, 0x0000, 0x0000, 0x0000, 0x0000, 0x0000, 0x0000, 0x0000, 0x0000, 0x0000, 0x0000, 0x0000,
    0x0000, 0x0000, 0x0000, 0x0000, 0x0000, 0x0000, 0x0000, 0x0000, 0x0000, 0x0000, 0x0000, 0x0000,
    0x0000, 0x0000, 0x0000, 0x0000, 0x0000, 0x0000, 0x0000, 0x1061, 0x39A3, 0x0000, 0x0000, 0xDC88,
    0xDC47, 0xCC07, 0xCC07, 0xC3E6, 0xCC07, 0xCC07, 0xCBE6, 0xBB85, 0xBBA6, 0xCC07, 0xE4E8, 0xDC88,
    0xA2E4, 0xA325, 0x9B05, 0xA304, 0x69A2, 0xED09, 0x9AE4, 0x9AE4, 0x9AC4, 0x92A4, 0x0000, 0x8263,
    0x9AC4, 0x69C2, 0x9AC4, 0x9AC4, 0x9AC4, 0x9284, 0x92C4, 0x7A03, 0xA2E4, 0x92A4, 0xCBC6, 0xDC67,
    0xCC07, 0xC3E7, 0xC3E7, 0xC3E7, 0xC3E7, 0xC3E7, 0xC3C6, 0xBBC6, 0xC3A6, 0xCC07, 0x1860, 0x18C1,
    0x20E1, 0x0000, 0x0000, 0x0000, 0x0000, 0x0000, 0x0000, 0x0000, 0x0000, 0x0000, 0x0000, 0x0000,
    0x0000, 0x0000, 0x0000, 0x0000, 0x0000, 0x0000, 0x0000, 0x0000, 0x0000, 0x0000, 0x0000, 0x0000,
    0x0000, 0x0000, 0x0000, 0x0000, 0x0000, 0x0000, 0x0000, 0x0000, 0x0000, 0x0000, 0x0000, 0x0000,
    0x0000, 0x0000, 0x0000, 0x0000, 0x0000, 0x0000, 0x0000, 0x0000, 0x0000, 0x0000, 0x0000, 0x0000,
    0x0000, 0x0000, 0x0000, 0x0000, 0x0000, 0x0000, 0x0000, 0x0000, 0x0000, 0x0000, 0x0000, 0x0000,
    0x0000, 0x0000, 0x0000, 0x0000, 0x0000, 0x0000, 0x0000, 0x0000, 0x0000, 0x0000, 0x0000, 0x0000,
    0x0000, 0x0000, 0x0000, 0x0000, 0x0000, 0x0000, 0x0000, 0x0000, 0x0000, 0x0000, 0x0000, 0x0000,
    0x0000, 0x0000, 0x0000, 0x0000, 0x0000, 0x0000, 0x0000, 0x0000, 0x0000, 0x0000, 0x0000, 0x0000,
    0x0000, 0x0000, 0x0000, 0x0000, 0x0000, 0x0000, 0x0000, 0x0000, 0x0000, 0x0000, 0x0000, 0x0000,
    0x0000, 0x0000, 0x0000, 0x0000, 0x0000, 0x0000, 0x0000, 0x0000, 0x0000, 0x0000, 0x0000, 0x0000,
    0x0000, 0x0000, 0x0000, 0x0000, 0x0000, 0x0000, 0x0000, 0x0000, 0x0000, 0x0000, 0x0000, 0x0000,
    0x0000, 0x0000, 0x0000, 0x0000, 0x0000, 0x0000, 0x0000, 0x0000, 0x0000, 0x0000, 0x0000, 0x0000,
    0x0000, 0x0000, 0x0000, 0x0000, 0x0000, 0x0000, 0x0000, 0x0000, 0x0000, 0x0000, 0x0000, 0x0000,
    0x0000, 0x0000, 0x0000, 0x0000, 0x0000, 0x0000, 0x0000, 0x0000, 0x0000, 0x0000, 0x0000, 0x0000,
    0x0000, 0x0000, 0x0000, 0x0000, 0x0000, 0x0000, 0x0000, 0x0000, 0x0000, 0x0000, 0x0000, 0x0000,
    0x0000, 0x0000, 0x0000, 0x18C2, 0x18C1, 0x0000, 0x5141, 0xBBA6, 0xD467, 0xCC07, 0xCC07, 0xCC07,
    0xC3E7, 0xCC07, 0xCC27, 0xC407, 0xCC07, 0xCBE7, 0xED09, 0xED29, 0xAB24, 0xAB25, 0xA325, 0xA325,
    0x9AE4, 0x9AE5, 0x9AC4, 0xAB25, 0x69E2, 0xE4C8, 0x9AC4, 0x9AC4, 0x8A83, 0x92A4, 0x0000, 0x8A63,
    0xB366, 0x8243, 0x9AC4, 0x92A4, 0x92A4, 0x8A63, 0x92C4, 0x69C2, 0x9AC4, 0xA2E4, 0xA2E4, 0x9AC4,
    0xA2E4, 0x9AC4, 0xECE8, 0xD427, 0xC3C7, 0xCBE7, 0xC3E6, 0xC3E6, 0xC3E6, 0xC3E6, 0xC3E6, 0xB385,
    0xCC27, 0xD448, 0x0000, 0x2902, 0x20E2, 0x0000, 0x0000, 0x0000, 0x0000, 0x0000, 0x0000, 0x0000,
    0x0000, 0x0000, 0x0000, 0x0000, 0x0000, 0x0000, 0x0000, 0x0000, 0x0000, 0x0000, 0x0000, 0x0000,
    0x0000, 0x0000, 0x0000, 0x0000, 0x0000, 0x0000, 0x0000, 0x0000, 0x0000, 0x0000, 0x0000, 0x0000,
    0x0000, 0x0000, 0x0000, 0x0000, 0x0000, 0x0000, 0x0000, 0x0000, 0x0000, 0x0000, 0x0000, 0x0000,
    0x0000, 0x0000, 0x0000, 0x0000, 0x0000, 0x0000, 0x0000, 0x0000, 0x0000, 0x0000, 0x0000, 0x0000,
    0x0000, 0x0000, 0x0000, 0x0000, 0x0000, 0x0000, 0x0000, 0x0000, 0x0000, 0x0000, 0x0000, 0x0000,
    0x0000, 0x0000, 0x0000, 0x0000, 0x0000, 0x0000, 0x0000, 0x0000, 0x0000, 0x0000, 0x0000, 0x0000,
    0x0000, 0x0000, 0x0000, 0x0000, 0x0000, 0x0000, 0x0000, 0x0000, 0x0000, 0x0000, 0x0000, 0x0000,
    0x0000, 0x0000, 0x0000, 0x0000, 0x0000, 0x0000, 0x0000, 0x0000, 0x0000, 0x0000, 0x0000, 0x0000,
    0x0000, 0x0000, 0x0000, 0x0000, 0x0000, 0x0000, 0x0000, 0x0000, 0x0000, 0x0000, 0x0000, 0x0000,
    0x0000, 0x0000, 0x0000, 0x0000, 0x0000, 0x0000, 0x0000, 0x0000, 0x0000, 0x0000, 0x0000, 0x0000,
    0x0000, 0x0000, 0x0000, 0x0000, 0x0000, 0x0000, 0x0000, 0x0000, 0x0000, 0x0000, 0x0000, 0x0000,
    0x0000, 0x0000, 0x0000, 0x0000, 0x0000, 0x0000, 0x0000, 0x0000, 0x0000, 0x0000, 0x0000, 0x0000,
    0x0000, 0x0000, 0x0000, 0x0000, 0x0000, 0x0000, 0x0000, 0x0000, 0x0000, 0x0000, 0x0000, 0x0000,
    0x0000, 0x0000, 0x0000, 0x0000, 0x0000, 0x0000, 0x0000, 0x0000, 0x0000, 0x0000, 0x0000, 0x0000,
    0x20C2, 0x0000, 0x0000, 0x7A64, 0xC3E7, 0xCC07, 0xCC07, 0xCC07, 0xC3E7, 0xCC27, 0xC407, 0xCC07,
    0xCC07, 0xCC27, 0xCC27, 0xF569, 0xDCC9, 0xA2E5, 0xAB25, 0xA325, 0xA325, 0xA325, 0xA325, 0x9AE4,
    0x9B05, 0xAB25, 0xB365, 0xB365, 0x5962, 0xF58B, 0x92A4, 0x7A03, 0x7A03, 0x8A84, 0x0820, 0x8A64,
    0xB386, 0x8A64, 0x7A03, 0x71E2, 0x8243, 0x9AE4, 0x9AE4, 0x7A03, 0xA2E5, 0xAB25, 0x9AC4, 0x9AC4,
    0x9AC4, 0x9AC4, 0xA305, 0x9AC4, 0x92A4, 0xE4C9, 0xDC88, 0xCC07, 0xC3E6, 0xC3E6, 0xC3E7, 0xC3E7,
    0xC3C6, 0xCBE7, 0xCBE7, 0xCC27, 0xD448, 0x0000, 0x0020, 0x20C2, 0x0000, 0x0000, 0x0000, 0x0000,
    0x0000, 0x0000, 0x0000, 0x0000, 0x0000, 0x0000, 0x0000, 0x0000, 0x0000, 0x0000, 0x0000, 0x0000,
    0x0000, 0x0000, 0x0000, 0x0000, 0x0000, 0x0000, 0x0000, 0x0000, 0x0000, 0x0000, 0x0000, 0x0000,
    0x0000, 0x0000, 0x0000, 0x0000, 0x0000, 0x0000, 0x0000, 0x0000, 0x0000, 0x0000, 0x0000, 0x0000,
    0x0000, 0x0000, 0x0000, 0x0000, 0x0000, 0x0000, 0x0000, 0x0000, 0x0000, 0x0000, 0x0000, 0x0000,
    0x0000, 0x0000, 0x0000, 0x0000, 0x0000, 0x0000, 0x0000, 0x0000, 0x0000, 0x0000, 0x0000, 0x0000,
    0x0000, 0x0000, 0x0000, 0x0000, 0x0000, 0x0000, 0x0000, 0x0000, 0x0000, 0x0000, 0x0000, 0x0000,
    0x0000, 0x0000, 0x0000, 0x0000, 0x0000, 0x0000, 0x0000, 0x0000, 0x0000, 0x0000, 0x0000, 0x0000,
    0x0000, 0x0000, 0x0000, 0x0000, 0x0000, 0x0000, 0x0000, 0x0000, 0x0000, 0x0000, 0x0000, 0x0000,
    0x0000, 0x0000, 0x0000, 0x0000, 0x0000, 0x0000, 0x0000, 0x0000, 0x0000, 0x0000, 0x0000, 0x0000,
    0x0000, 0x0000, 0x0000, 0x0000, 0x0000, 0x0000, 0x0000, 0x0000, 0x0000, 0x0000, 0x0000, 0x0000,
    0x0000, 0x0000, 0x0000, 0x0000, 0x0000, 0x0000, 0x0000, 0x0000, 0x0000, 0x0000, 0x0000, 0x0000,
    0x0000, 0x0000, 0x0000, 0x0000, 0x0000, 0x0000, 0x0000, 0x0000, 0x0000, 0x0000, 0x0000, 0x0000,
    0x0000, 0x0000, 0x0000, 0x0000, 0x0000, 0x0000, 0x0000, 0x0000, 0x0000, 0x0000, 0x0000, 0x0000,
    0x0000, 0x0000, 0x0000, 0x0000, 0x0000, 0x0000, 0x0000, 0x0840, 0x0840, 0x0000, 0x1040, 0xC407,
    0xCC27, 0xD427, 0xCC27, 0xCC27, 0xCBE7, 0xCC07, 0xCC07, 0xCC07, 0xCC07, 0xCC27, 0xD427, 0xFDAA,
    0xF58A, 0x9B04, 0xA325, 0xA305, 0xA305, 0xA305, 0xA325, 0xA325, 0x9AC3, 0xA325, 0xA325, 0xA325,
    0x9AC4, 0x92A4, 0xAB25, 0xAB65, 0x5962, 0xB386, 0x8A84, 0x8223, 0x9284, 0x8A63, 0x1020, 0x8A63,
    0x9283, 0x69C2, 0x92A4, 0x92A4, 0x71E3, 0x71C2, 0x9AC4, 0x8A84, 0xA305, 0x9AA4, 0x9AA4, 0xA2E4,
    0xA2E4, 0x9AC4, 0xA2E4, 0xAB25, 0x92A3, 0xA2E4, 0xA2E5, 0x9AC4, 0x9283, 0xD447, 0xD447, 0xC3E7,
    0xCC07, 0xCC07, 0xCBE7, 0xBBA6, 0xCC07, 0xCC07, 0xC3E7, 0xC3C6, 0xA305, 0x0020, 0x0040, 0x9C29,
    0x0000, 0x0000, 0x0000, 0x0000, 0x0000, 0x0000, 0x0000, 0x0000, 0x0000, 0x0000, 0x0000, 0x0000,
    0x0000, 0x0000, 0x0000, 0x0000, 0x0000, 0x0000, 0x0000, 0x0000, 0x0000, 0x0000, 0x0000, 0x0000,
    0x0000, 0x0000, 0x0000, 0x0000, 0x0000, 0x0000, 0x0000, 0x0000, 0x0000, 0x0000, 0x0000, 0x0000,
    0x0000, 0x0000, 0x0000, 0x0000, 0x0000, 0x0000, 0x0000, 0x0000, 0x0000, 0x0000, 0x0000, 0x0000,
    0x0000, 0x0000, 0x0000, 0x0000, 0x0000, 0x0000, 0x0000, 0x0000, 0x0000, 0x0000, 0x0000, 0x0000,
    0x0000, 0x0000, 0x0000, 0x0000, 0x0000, 0x0000, 0x0000, 0x0000, 0x0000, 0x0000, 0x0000, 0x0000,
    0x0000, 0x0000, 0x0000, 0x0000, 0x0000, 0x0000, 0x0000, 0x0000, 0x0000, 0x0000, 0x0000, 0x0000,
    0x0000, 0x0000, 0x0000, 0x0000, 0x0000, 0x0000, 0x0000, 0x0000, 0x0000, 0x0000, 0x0000, 0x0000,
    0x0000, 0x0000, 0x0000, 0x0000, 0x0000, 0x0000, 0x0000, 0x0000, 0x0000, 0x0000, 0x0000, 0x0000,
    0x0000, 0x0000, 0x0000, 0x0000, 0x0000, 0x0000, 0x0000, 0x0000, 0x0000, 0x0000, 0x0000, 0x0000,
    0x0000, 0x0000, 0x0000, 0x0000, 0x0000, 0x0000, 0x0000, 0x0000, 0x0000, 0x0000, 0x0000, 0x0000,
    0x0000, 0x0000, 0x0000, 0x0000, 0x0000, 0x0000, 0x0000, 0x0000, 0x0000, 0x0000, 0x0000, 0x0000,
    0x0000, 0x0000, 0x0000, 0x0000, 0x0000, 0x0000, 0x0000, 0x0000, 0x0000, 0x0000, 0x0000, 0x0000,
    0x0000, 0x0000, 0x0000, 0x0000, 0x41A3, 0x0000, 0x0000, 0xDCA8, 0x92A4, 0xC3E6, 0xC407, 0xC3E7,
    0xC3E7, 0xCC07, 0xCC07, 0xCC07, 0xCC07, 0xCBE7, 0xC407, 0xED08, 0xE509, 0x9AE4, 0xA325, 0xA325,
    0xA325, 0xA325, 0xA305, 0x9AE4, 0x9B04, 0xA325, 0xA324, 0xA325, 0xA325, 0xA325, 0x92A4, 0xAB45,
    0xA325, 0xA305, 0xA305, 0xA325, 0x4941, 0xC3A6, 0x69A2, 0x30C1, 0x8AC4, 0x8A23, 0x8223, 0x79E2,
    0x69A1, 0x6182, 0x6181, 0x0800, 0x5141, 0x9283, 0xAB24, 0x7A03, 0x9263, 0x9263, 0x8A43, 0x9AE4,
    0x9AC4, 0xA2E4, 0xA305, 0xA305, 0xA305, 0x9263, 0x9AE4, 0xA2E4, 0x9AC4, 0xA2E4, 0xA2E4, 0x9AC4,
    0xAB45, 0xECE8, 0xCC27, 0xCC07, 0xCC07, 0xCC07, 0xCC07, 0xC3E7, 0xC3C7, 0xC3E7, 0xBBA6, 0xCC07,
    0x4142, 0x0840, 0x28E2, 0x0000, 0x0000, 0x0000, 0x0000, 0x0000, 0x0000, 0x0000, 0x0000, 0x0000,
    0x0000, 0x0000, 0x0000, 0x0000, 0x0000, 0x0000, 0x0000, 0x0000, 0x0000, 0x0000, 0x0000, 0x0000,
    0x0000, 0x0000, 0x0000, 0x0000, 0x0000, 0x0000, 0x0000, 0x0000, 0x0000, 0x0000, 0x0000, 0x0000,
    0x0000, 0x0000, 0x0000, 0x0000, 0x0000, 0x0000, 0x0000, 0x0000, 0x0000, 0x0000, 0x0000, 0x0000,
    0x0000, 0x0000, 0x0000, 0x0000, 0x0000, 0x0000, 0x0000, 0x0000, 0x0000, 0x0000, 0x0000, 0x0000,
    0x0000, 0x0000, 0x0000, 0x0000, 0x0000, 0x0000, 0x0000, 0x0000, 0x0000, 0x0000, 0x0000, 0x0000,
    0x0000, 0x0000, 0x0000, 0x0000, 0x0000, 0x0000, 0x0000, 0x0000, 0x0000, 0x0000, 0x0000, 0x0000,
    0x0000, 0x0000, 0x0000, 0x0000, 0x0000, 0x0000, 0x0000, 0x0000, 0x0000, 0x0000, 0x0000, 0x0000,
    0x0000, 0x0000, 0x0000, 0x0000, 0x0000, 0x0000, 0x0000, 0x0000, 0x0000, 0x0000, 0x0000, 0x0000,
    0x0000, 0x0000, 0x0000, 0x0000, 0x0000, 0x0000, 0x0000, 0x0000, 0x0000, 0x0000, 0x0000, 0x0000,
    0x0000, 0x0000, 0x0000, 0x0000, 0x0000, 0x0000, 0x0000, 0x0000, 0x0000, 0x0000, 0x0000, 0x0000,
    0x0000, 0x0000, 0x0000, 0x0000, 0x0000, 0x0000, 0x0000, 0x0000, 0x0000, 0x0000, 0x0000, 0x0000,
    0x0000, 0x0000, 0x0000, 0x0000, 0x0000, 0x0000, 0x0000, 0x0000, 0x0000, 0x0000, 0x0000, 0x0000,
    0x8388, 0x0000, 0x0820, 0xBBC6, 0xCBE6, 0xC3E7, 0xCBE7, 0xCBE7, 0xCC07, 0xCC07, 0xCC07, 0xA2E5,
    0xCC07, 0xCC07, 0xD467, 0xED08, 0xED29, 0xA304, 0xAB45, 0xA304, 0xA325, 0xA324, 0x9AE4, 0xA325,
    0xA325, 0xA325, 0xA324, 0xA325, 0xA325, 0xA325, 0x9AC3, 0xA325, 0xA325, 0xA345, 0xA325, 0xA325,
    0x9B05, 0x7A02, 0x61A2, 0x0000, 0x69C2, 0xAB24, 0x92A4, 0x92A3, 0xA324, 0xBBA5, 0x61C3, 0x8243,
    0x8A84, 0x7A23, 0xC3E7, 0xA325, 0xBB86, 0xBBC6, 0x4101, 0x1820, 0x61A2, 0x8A44, 0x9AC4, 0xA2E5,
    0xA305, 0xA305, 0x9AE4, 0x9AA4, 0xA305, 0xA2E4, 0xA2E4, 0xA2E4, 0x9AE4, 0x9AC4, 0x9AC4, 0x9AE4,
    0xA2E4, 0x9AC4, 0x9AE4, 0x9AC4, 0xD448, 0xF549, 0xD467, 0xC3E7, 0xCC07, 0xCC07, 0xCC07, 0xCC07,
    0xBBA6, 0xBBA6, 0xCBE6, 0xCC27, 0x4942, 0x0020, 0x2902, 0x0000, 0x0000, 0x0000, 0x0000, 0x0000,
    0x0000, 0x0000, 0x0000, 0x0000, 0x0000, 0x0000, 0x0000, 0x0000, 0x0000, 0x0000, 0x0000, 0x0000,
    0x0000, 0x0000, 0x0000, 0x0000, 0x0000, 0x0000, 0x0000, 0x0000, 0x0000, 0x0000, 0x0000, 0x0000,
    0x0000, 0x0000, 0x0000, 0x0000, 0x0000, 0x0000, 0x0000, 0x0000, 0x0000, 0x0000, 0x0000, 0x0000,
    0x0000, 0x0000, 0x0000, 0x0000, 0x0000, 0x0000, 0x0000, 0x0000, 0x0000, 0x0000, 0x0000, 0x0000,
    0x0000, 0x0000, 0x0000, 0x0000, 0x0000, 0x0000, 0x0000, 0x0000, 0x0000, 0x0000, 0x0000, 0x0000,
    0x0000, 0x0000, 0x0000, 0x0000, 0x0000, 0x0000, 0x0000, 0x0000, 0x0000, 0x0000, 0x0000, 0x0000,
    0x0000, 0x0000, 0x0000, 0x0000, 0x0000, 0x0000, 0x0000, 0x0000, 0x0000, 0x0000, 0x0000, 0x0000,
    0x0000, 0x0000, 0x0000, 0x0000, 0x0000, 0x0000, 0x0000, 0x0000, 0x0000, 0x0000, 0x0000, 0x0000,
    0x0000, 0x0000, 0x0000, 0x0000, 0x0000, 0x0000, 0x0000, 0x0000, 0x0000, 0x0000, 0x0000, 0x0000,
    0x0000, 0x0000, 0x0000, 0x0000, 0x0000, 0x0000, 0x0000, 0x0000, 0x0000, 0x0000, 0x0000, 0x0000,
    0x0000, 0x0000, 0x0000, 0x0000, 0x0000, 0x0000, 0x0000, 0x0000, 0x0000, 0x0000, 0x0000, 0x0000,
    0x0000, 0x0000, 0x0000, 0x0000, 0x0000, 0x0000, 0x0000, 0x0000, 0x0000, 0x1081, 0x0000, 0x0820,
    0xD448, 0xC3C7, 0xC3E7, 0xCC07, 0xC3E7, 0xC3E7, 0xC3E7, 0xC3E7, 0xCBE7, 0xCC07, 0xCC07, 0xED08,
    0xFDCA, 0xBBC6, 0x9AE4, 0xA325, 0xA325, 0xA325, 0x92A4, 0xA325, 0xA345, 0xA325, 0xA325, 0xA325,
    0xA325, 0xA325, 0xA325, 0x9AE4, 0xA325, 0xA345, 0xA345, 0xA325, 0xA325, 0x92C4, 0x8243, 0x5162,
    0x08A2, 0x74AE, 0x74AE, 0x3AC7, 0x8243, 0xAB24, 0xA325, 0xA345, 0xAB45, 0x51A2, 0xB385, 0x92A4,
    0x9AE4, 0x8243, 0xBBE6, 0xAB25, 0xAB45, 0xB366, 0x92A4, 0x69C2, 0x8A84, 0x5B89, 0x1040, 0x71C2,
    0x9AE5, 0x8A63, 0xA305, 0xA2E5, 0xA2E4, 0xA304, 0x8A63, 0x9AE4, 0xA2E4, 0xA2E4, 0xA2E5, 0xA2E4,
    0x9AC4, 0x92A4, 0xA2E4, 0x9AC5, 0xA2E4, 0xA305, 0xAB05, 0xB365, 0xF569, 0xDCA8, 0xCC07, 0xCC07,
    0xCC07, 0xCC07, 0xCC27, 0xCC07, 0xCC07, 0xCC07, 0xCBE6, 0x7285, 0x0000, 0x0840, 0x6286, 0x0000,
    0x0000, 0x0000, 0x0000, 0x0000, 0x0000, 0x0000, 0x0000, 0x0000, 0x0000, 0x0000, 0x0000, 0x0000,
    0x0000, 0x0000, 0x0000, 0x0000, 0x0000, 0x0000, 0x0000, 0x0000, 0x0000, 0x0000, 0x0000, 0x0000,
    0x0000, 0x0000, 0x0000, 0x0000, 0x0000, 0x0000, 0x0000, 0x0000, 0x0000, 0x0000, 0x0000, 0x0000,
    0x0000, 0x0000, 0x0000, 0x0000, 0x0000, 0x0000, 0x0000, 0x0000, 0x0000, 0x0000, 0x0000, 0x0000,
    0x0000, 0x0000, 0x0000, 0x0000, 0x0000, 0x0000, 0x0000, 0x0000, 0x0000, 0x0000, 0x0000, 0x0000,
    0x0000, 0x0000, 0x0000, 0x0000, 0x0000, 0x0000, 0x0000, 0x0000, 0x0000, 0x0000, 0x0000, 0x0000,
    0x0000, 0x0000, 0x0000, 0x0000, 0x0000, 0x0000, 0x0000, 0x0000, 0x0000, 0x0000, 0x0000, 0x0000,
    0x0000, 0x0000, 0x0000, 0x0000, 0x0000, 0x0000, 0x0000, 0x0000, 0x0000, 0x0000, 0x0000, 0x0000,
    0x0000, 0x0000, 0x0000, 0x0000, 0x0000, 0x0000, 0x0000, 0x0000, 0x0000, 0x0000, 0x0000, 0x0000,
    0x0000, 0x0000, 0x0000, 0x0000, 0x0000, 0x0000, 0x0000, 0x0000, 0x0000, 0x0000, 0x0000, 0x0000,
    0x0000, 0x0000, 0x0000, 0x0000, 0x0000, 0x0000, 0x0000, 0x0000, 0x0000, 0x0000, 0x0000, 0x0000,
    0x0000, 0x0000, 0x0000, 0x0000, 0x0000, 0x39C5, 0x0820, 0x1081, 0xD447, 0xCC27, 0xC3C7, 0xC3C6,
    0xC3C7, 0xC3C6, 0xC3E7, 0xC407, 0xC3E7, 0xCC07, 0xCC07, 0xED2A, 0xF549, 0xDCA8, 0x9AC4, 0xA304,
    0xA345, 0x9AC4, 0xA305, 0xA325, 0xA325, 0x9AE4, 0xA305, 0xA325, 0xAB45, 0xA345, 0xA325, 0x9AE4,
    0xA325, 0xA345, 0xA345, 0xAB25, 0xA325, 0x9B05, 0x7A23, 0x71C3, 0x0000, 0x6C4C, 0x746D, 0x74CE,
    0x8530, 0x8530, 0x8530, 0x74CF, 0x3922, 0x3102, 0x2880, 0x5982, 0xB3A7, 0x9AC5, 0x8AA3, 0x8263,
    0xA304, 0x9283, 0xC406, 0xB365, 0x9B04, 0x9AC4, 0x92A4, 0x79E2, 0xA2E4, 0x74AE, 0x74CE, 0x7CCE,
    0x850F, 0x0881, 0x4921, 0x8203, 0x9AC5, 0xA2E4, 0xA305, 0xA2E4, 0xA2E4, 0x9AE4, 0x8A43, 0x8A84,
    0xA305, 0xA304, 0xA304, 0xA304, 0x9AC4, 0x9AE4, 0xA2E4, 0x9AA4, 0x92A4, 0xA305, 0xA2E4, 0xD487,
    0xF549, 0xD467, 0xCC07, 0xCC07, 0xC3E6, 0xC3E7, 0xC3C6, 0xC3A6, 0xCC07, 0xCC07, 0xD427, 0x59C3,
    0x0820, 0x2102, 0x0000, 0x0020, 0x0000, 0x0000, 0x0000, 0x0000, 0x0000, 0x0000, 0x0000, 0x0000,
    0x0000, 0x0000, 0x0000, 0x0000, 0x0000, 0x0000, 0x0000, 0x0000, 0x0000, 0x0000, 0x0000, 0x0000,
    0x0000, 0x0000, 0x0000, 0x0000, 0x0000, 0x0000, 0x0000, 0x0000, 0x0000, 0x0000, 0x0000, 0x0000,
    0x0000, 0x0000, 0x0000, 0x0000, 0x0000, 0x0000, 0x0000, 0x0000, 0x0000, 0x0000, 0x0000, 0x0000,
    0x0000, 0x0000, 0x0000, 0x0000, 0x0000, 0x0000, 0x0000, 0x0000, 0x0000, 0x0000, 0x0000, 0x0000,
    0x0000, 0x0000, 0x0000, 0x0000, 0x0000, 0x0000, 0x0000, 0x0000, 0x0000, 0x0000, 0x0000, 0x0000,
    0x0000, 0x0000, 0x0000, 0x0000, 0x0000, 0x0000, 0x0000, 0x0000, 0x0000, 0x0000, 0x0000, 0x0000,
    0x0000, 0x0000, 0x0000, 0x0000, 0x0000, 0x0000, 0x0000, 0x0000, 0x0000, 0x0000, 0x0000, 0x0000,
    0x0000, 0x0000, 0x0000, 0x0000, 0x0000, 0x0000, 0x0000, 0x0000, 0x0000, 0x0000, 0x0000, 0x0000,
    0x0000, 0x0000, 0x0000, 0x0000, 0x0000, 0x0000, 0x0000, 0x0000, 0x0000, 0x0000, 0x0000, 0x0000,
    0x0000, 0x0000, 0x0000, 0x0000, 0x0000, 0x0000, 0x0000, 0x0000, 0x0000, 0x0000, 0x0000, 0x0000,
    0x0000, 0x18C2, 0x0861, 0x0820, 0x6A44, 0xDC68, 0xD448, 0xC3E7, 0xC3E7, 0xC3E7, 0xCC07, 0xC3E7,
    0xC3E7, 0xC3E7, 0xC407, 0xD467, 0xF569, 0xB386, 0xA2E4, 0xA325, 0xA325, 0x9AE4, 0x9AE4, 0xA304,
    0xA345, 0xA325, 0x9AE4, 0xAB65, 0xA325, 0xAB65, 0x9B04, 0x9AE4, 0xA345, 0xA345, 0xA345, 0xA325,
    0xA325, 0xA345, 0x8A83, 0x4922, 0x2123, 0x74AE, 0x74CF, 0x7D0F, 0x644C, 0x8530, 0x852F, 0x95D1,
    0xA633, 0xA613, 0x9E13, 0x852F, 0x74CE, 0x6C8D, 0x4142, 0x8AA4, 0xA304, 0xAB45, 0xAB44, 0x8A83,
    0xAB03, 0x8223, 0xABA6, 0xA325, 0xA325, 0x4921, 0x38C1, 0x1880, 0x7D0E, 0x74EE, 0x8D91, 0x8550,
    0x8550, 0x8550, 0x7D0F, 0x6C6E, 0x538B, 0x0840, 0x69A2, 0x8263, 0x8243, 0xA305, 0xA305, 0xA305,
    0xA305, 0x9AC4, 0x8A63, 0xA2E4, 0xA304, 0xA304, 0xAB25, 0xA305, 0x8A83, 0x9AE4, 0xA2E4, 0xA2E4,
    0x9AC4, 0x9AC4, 0xA304, 0xCC27, 0xED09, 0xD447, 0xCC27, 0xC407, 0xCC07, 0xCC07, 0xCC27, 0xCC07,
    0xCBE7, 0xCBE7, 0xBBC7, 0x6A44, 0x0000, 0x7307, 0x0020, 0x0000, 0x0000, 0x0000, 0x0000, 0x0000,
    0x0000, 0x0000, 0x0000, 0x0000, 0x0000, 0x0000, 0x0000, 0x0000, 0x0000, 0x0000, 0x0000, 0x0000,
    0x0000, 0x0000, 0x0000, 0x0000, 0x0000, 0x0000, 0x0000, 0x0000, 0x0000, 0x0000, 0x0000, 0x0000,
    0x0000, 0x0000, 0x0000, 0x0000, 0x0000, 0x0000, 0x0000, 0x0000, 0x0000, 0x0000, 0x0000, 0x0000,
    0x0000, 0x0000, 0x0000, 0x0000, 0x0000, 0x0000, 0x0000, 0x0000, 0x0000, 0x0000, 0x0000, 0x0000,
    0x0000, 0x0000, 0x0000, 0x0000, 0x0000, 0x0000, 0x0000, 0x0000, 0x0000, 0x0000, 0x0000, 0x0000,
    0x0000, 0x0000, 0x0000, 0x0000, 0x0000, 0x0000, 0x0000, 0x0000, 0x0000, 0x0000, 0x0000, 0x0000,
    0x0000, 0x0000, 0x0000, 0x0000, 0x0000, 0x0000, 0x0000, 0x0000, 0x0000, 0x0000, 0x0000, 0x0000,
    0x0000, 0x0000, 0x0000, 0x0000, 0x0000, 0x0000, 0x0000, 0x0000, 0x0000, 0x0000, 0x0000, 0x0000,
    0x0000, 0x0000, 0x0000, 0x0000, 0x0000, 0x0000, 0x0000, 0x0000, 0x0000, 0x0000, 0x0000, 0x0000,
    0x0000, 0x0000, 0x0000, 0x0000, 0x0000, 0x0000, 0x0000, 0x0000, 0x0000, 0x5287, 0x18C2, 0x0000,
    0x2080, 0xCC06, 0xC3E7, 0xC3E7, 0xCC07, 0xCC07, 0xCC07, 0xBBC6, 0xCC07, 0xC3E6, 0xC3E6, 0xCC27,
    0xF58A, 0xCC47, 0x9AC4, 0xA325, 0x9B04, 0xA325, 0x9AC4, 0xA325, 0xA324, 0xA324, 0xA304, 0x9AE4,
    0xA345, 0xA345, 0xA304, 0xA325, 0xA345, 0xA325, 0xA325, 0xA325, 0xA325, 0x9B05, 0x7A03, 0x6162,
    0x1020, 0x5349, 0x74AE, 0x74AE, 0x8550, 0x7D10, 0x8570, 0x8D71, 0x8D91, 0xA633, 0xA633, 0xA613,
    0x9E12, 0x9E13, 0x9DF2, 0xA613, 0x7D0F, 0x74CE, 0x7CEF, 0x8510, 0x42A7, 0x59A3, 0x7A03, 0x59A2,
    0x2060, 0x2880, 0x71E2, 0x1000, 0x1020, 0x0861, 0x74AE, 0x7CEF, 0x7CEF, 0x8D70, 0x9E13, 0x9E13,
    0x9E13, 0xA633, 0x7D2F, 0x7D0F, 0x74EF, 0x7CEF, 0x74AE, 0x748E, 0x8D0F, 0x28C1, 0x69C2, 0x92A4,
    0xA2E5, 0xA2E5, 0xA305, 0xA305, 0xA305, 0xA2E4, 0x9AC4, 0xA304, 0xA304, 0xA305, 0xA304, 0x9AC4,
    0x9283, 0x9AC4, 0xA305, 0x92A3, 0xA304, 0xA325, 0xAB45, 0xED09, 0xED09, 0xCC07, 0xCC07, 0xCC07,
    0xCC07, 0xCC07, 0xCC07, 0xC3E6, 0xC3E7, 0xCC07, 0x8AE5, 0x4183, 0x0020, 0x3184, 0x0000, 0x0000,
    0x0000, 0x0000, 0x0000, 0x0000, 0x0000, 0x0000, 0x0000, 0x0000, 0x0000, 0x0000, 0x0000, 0x0000,
    0x0000, 0x0000, 0x0000, 0x0000, 0x0000, 0x0000, 0x0000, 0x0000, 0x0000, 0x0000, 0x0000, 0x0000,
    0x0000, 0x0000, 0x0000, 0x0000, 0x0000, 0x0000, 0x0000, 0x0000, 0x0000, 0x0000, 0x0000, 0x0000,
    0x0000, 0x0000, 0x0000, 0x0000, 0x0000, 0x0000, 0x0000, 0x0000, 0x0000, 0x0000, 0x0000, 0x0000,
    0x0000, 0x0000, 0x0000, 0x0000, 0x0000, 0x0000, 0x0000, 0x0000, 0x0000, 0x0000, 0x0000, 0x0000,
    0x0000, 0x0000, 0x0000, 0x0000, 0x0000, 0x0000, 0x0000, 0x0000, 0x0000, 0x0000, 0x0000, 0x0000,
    0x0000, 0x0000, 0x0000, 0x0000, 0x0000, 0x0000, 0x0000, 0x0000, 0x0000, 0x0000, 0x0000, 0x0000,
    0x0000, 0x0000, 0x0000, 0x0000, 0x0000, 0x0000, 0x0000, 0x0000, 0x0000, 0x0000, 0x0000, 0x0000,
    0x0000, 0x0000, 0x0000, 0x0000, 0x0000, 0x0000, 0x0000, 0x0000, 0x0000, 0x0000, 0x0000, 0x0000,
    0x0000, 0x0000, 0x0000, 0x0000, 0x0000, 0x20E3, 0x20E2, 0x0020, 0x59C3, 0xA346, 0xCC07, 0xC3E7,
    0xC3E7, 0xBBC6, 0xC3E7, 0xC3E7, 0xC407, 0xC3E7, 0xCC07, 0xC3E6, 0xF58A, 0xD468, 0x9AC4, 0xA304,
    0xA325, 0xA325, 0x9B04, 0xA305, 0xA345, 0xA304, 0xA325, 0x92A3, 0x9B04, 0xA325, 0xA325, 0xA325,
    0x9B04, 0x9AE4, 0xA345, 0xAB45, 0xA325, 0xA325, 0x8A64, 0x79C2, 0x0820, 0x3A66, 0x74AE, 0x748E,
    0x8550, 0x7D30, 0x8530, 0x7CEF, 0xA613, 0xA613, 0xA633, 0xA633, 0x7D50, 0xA613, 0xA613, 0xA613,
    0xA613, 0x9DF2, 0x9DF2, 0xA613, 0xA633, 0x9591, 0x74AE, 0x74CE, 0x3AA8, 0x8A64, 0x8A84, 0x8223,
    0x9284, 0x9284, 0x9AC4, 0x8243, 0x8263, 0x3163, 0x7D0F, 0x7CEF, 0x7CCF, 0x9DF2, 0x9E13, 0x9DF2,
    0x9E12, 0xA653, 0x95D2, 0x95D2, 0x95D2, 0x95D2, 0x7CEF, 0x7D0F, 0x7CEF, 0x646D, 0x6C4D, 0x748E,
    0x0020, 0x2080, 0x8223, 0x7A03, 0xA2E4, 0xA2E5, 0xA305, 0xA2E4, 0x92A3, 0x92A3, 0xA305, 0x9AE4,
    0xA304, 0xA304, 0xA304, 0xA304, 0x9AC4, 0xA325, 0xA325, 0xA325, 0xA325, 0x9B05, 0xAB45, 0xF509,
    0xE4C9, 0xC3E7, 0xCC07, 0xCC07, 0xCC07, 0xC3C6, 0xCC07, 0xCBE7, 0xC3E6, 0xDC47, 0x9AE5, 0x0800,
    0x0820, 0x39C5, 0x0000, 0x0000, 0x0000, 0x0000, 0x0000, 0x0000, 0x0000, 0x0000, 0x0000, 0x0000,
    0x0000, 0x0000, 0x0000, 0x0000, 0x0000, 0x0000, 0x0000, 0x0000, 0x0000, 0x0000, 0x0000, 0x0000,
    0x0000, 0x0000, 0x0000, 0x0000, 0x0000, 0x0000, 0x0000, 0x0000, 0x0000, 0x0000, 0x0000, 0x0000,
    0x0000, 0x0000, 0x0000, 0x0000, 0x0000, 0x0000, 0x0000, 0x0000, 0x0000, 0x0000, 0x0000, 0x0000,
    0x0000, 0x0000, 0x0000, 0x0000, 0x0000, 0x0000, 0x0000, 0x0000, 0x0000, 0x0000, 0x0000, 0x0000,
    0x0000, 0x0000, 0x0000, 0x0000, 0x0000, 0x0000, 0x0000, 0x0000, 0x0000, 0x0000, 0x0000, 0x0000,
    0x0000, 0x0000, 0x0000, 0x0000, 0x0000, 0x0000, 0x0000, 0x0000, 0x0000, 0x0000, 0x0000, 0x0000,
    0x0000, 0x0000, 0x0000, 0x0000, 0x0000, 0x0000, 0x0000, 0x0000, 0x0000, 0x0000, 0x0000, 0x0000,
    0x0000, 0x0000, 0x0000, 0x0000, 0x0000, 0x0000, 0x0000, 0x0000, 0x0000, 0x0000, 0x0000, 0x0000,
    0x0000, 0x0000, 0x10A1, 0x20E2, 0x0820, 0x8AC6, 0xC407, 0xC3E7, 0xC407, 0xC3E7, 0xC3E7, 0xC3E7,
    0xC3E7, 0xC3E7, 0xC407, 0xCC07, 0xCC27, 0xED4A, 0xC427, 0x92C4, 0x9AE4, 0x9AE4, 0xA304, 0x92A4,
    0x92C4, 0xA345, 0xA325, 0xA325, 0xA325, 0xA325, 0xA325, 0xA325, 0xA325, 0x92A3, 0xA305, 0xA325,
    0xA325, 0xAB45, 0xA345, 0x8222, 0x38E1, 0x0800, 0x3AC8, 0x6C8D, 0x74CE, 0x8530, 0x8530, 0x8551,
    0x7D0F, 0xA633, 0xA633, 0xA633, 0xA613, 0xA633, 0xA633, 0xA633, 0x7D30, 0x9E13, 0x9DF2, 0xA613,
    0xA613, 0x9DF2, 0x9DF2, 0xA613, 0xA633, 0x8D91, 0x95B2, 0x8570, 0x42E9, 0x9284, 0xA305, 0x8A63,
    0xA304, 0x92A4, 0x92A4, 0x8243, 0x9AC4, 0x2984, 0x7CEF, 0x95F2, 0x9E13, 0x9DF2, 0x9DF2, 0x9DF2,
    0x9E13, 0xAE54, 0x95D2, 0x95D2, 0x95D2, 0x95D2, 0x95D2, 0x95B2, 0x95D2, 0x646D, 0x7D0F, 0x7D0F,
    0x850F, 0x6C6D, 0x6C6D, 0x42A7, 0x2080, 0x8223, 0x9AE5, 0xA305, 0xA305, 0xA305, 0xA305, 0x9AC4,
    0x9AC4, 0xA325, 0xA305, 0xA325, 0xA325, 0xAB65, 0xA325, 0x9AE4, 0xA325, 0xA325, 0x92C4, 0xA304,
    0xA305, 0xB365, 0xFDAB, 0xD467, 0xCC07, 0xCC07, 0xCC07, 0xCC07, 0xC3C6, 0xCC27, 0xCC27, 0xCC27,
    0xC407, 0xB3A7, 0x0000, 0x0000, 0x7307, 0x0000, 0x0000, 0x0000, 0x0000, 0x0000, 0x0000, 0x0000,
    0x0000, 0x0000, 0x0000, 0x0000, 0x0000, 0x0000, 0x0000, 0x0000, 0x0000, 0x0000, 0x0000, 0x0000,
    0x0000, 0x0000, 0x0000, 0x0000, 0x0000, 0x0000, 0x0000, 0x0000, 0x0000, 0x0000, 0x0000, 0x0000,
    0x0000, 0x0000, 0x0000, 0x0000, 0x0000, 0x0000, 0x0000, 0x0000, 0x0000, 0x0000, 0x0000, 0x0000,
    0x0000, 0x0000, 0x0000, 0x0000, 0x0000, 0x0000, 0x0000, 0x0000, 0x0000, 0x0000, 0x0000, 0x0000,
    0x0000, 0x0000, 0x0000, 0x0000, 0x0000, 0x0000, 0x0000, 0x0000, 0x0000, 0x0000, 0x0000, 0x0000,
    0x0000, 0x0000, 0x0000, 0x0000, 0x0000, 0x0000, 0x0000, 0x0000, 0x0000, 0x0000, 0x0000, 0x0000,
    0x0000, 0x0000, 0x0000, 0x0000, 0x0000, 0x0000, 0x0000, 0x0000, 0x0000, 0x0000, 0x0000, 0x0000,
    0x0000, 0x0000, 0x0000, 0x0000, 0x0000, 0x0000, 0x0000, 0x0000, 0x0000, 0x0000, 0x10A2, 0x39A3,
    0x0820, 0x1060, 0xCC48, 0xC3E7, 0xCC07, 0xC3E7, 0xBBC6, 0xC3E7, 0xC3E7, 0xC3E7, 0xC3E7, 0xCC07,
    0xC3E7, 0xED2A, 0xD488, 0x9AE4, 0xA325, 0xA305, 0x9AE4, 0x8A83, 0x9AE4, 0x9AE4, 0xA325, 0xA304,
    0xA325, 0xA325, 0xA325, 0xA325, 0xA325, 0x9AE4, 0x9B04, 0xA325, 0xA325, 0xA325, 0xAB45, 0x8263,
    0x7A03, 0x0000, 0x42C8, 0x644D, 0x6C8D, 0x7D10, 0x7D0F, 0x7D0F, 0x7CEF, 0x9E13, 0xA613, 0xA633,
    0xA633, 0xA633, 0xA633, 0xA633, 0xA613, 0xA633, 0xA613, 0xA633, 0x8551, 0x9E12, 0xA613, 0x9E13,
    0x9DF2, 0x9DF2, 0x9DF2, 0x9E13, 0xA613, 0x8D71, 0x95B2, 0x8D91, 0x432A, 0xA305, 0xA304, 0xA305,
    0xAB04, 0x92A4, 0x9AC4, 0x8A63, 0x9AC4, 0x2123, 0x8D50, 0x9E12, 0x9E13, 0x9E13, 0x9E13, 0x9E13,
    0x9E13, 0xAE53, 0x95D2, 0x95D2, 0x95D2, 0x95D2, 0x95D2, 0x95D2, 0x95D2, 0x8570, 0x9E13, 0x9DF3,
    0x9DF2, 0x7D2F, 0x7CEF, 0x7CEF, 0x74EF, 0x5BCB, 0x746D, 0x29A4, 0x40E1, 0x92A4, 0xA305, 0xA304,
    0xA305, 0xA305, 0xA305, 0x9AC4, 0xA304, 0xA325, 0xA325, 0xA305, 0xA325, 0xA325, 0x9AE4, 0xA325,
    0xA325, 0x9AE4, 0x9AC4, 0xA305, 0x9AE4, 0xDCA8, 0xDC88, 0xDC88, 0xCC07, 0xCC07, 0xCC27, 0xCC07,
    0xC3C6, 0xC3E7, 0xC3E7, 0xC3E7, 0xC3C7, 0x9B25, 0x49A3, 0x0820, 0x1881, 0x0000, 0x0000, 0x0000,
    0x0000, 0x0000, 0x0000, 0x0000, 0x0000, 0x0000, 0x0000, 0x0000, 0x0000, 0x0000, 0x0000, 0x0000,
    0x0000, 0x0000, 0x0000, 0x0000, 0x0000, 0x0000, 0x0000, 0x0000, 0x0000, 0x0000, 0x0000, 0x0000,
    0x0000, 0x0000, 0x0000, 0x0000, 0x0000, 0x0000, 0x0000, 0x0000, 0x0000, 0x0000, 0x0000, 0x0000,
    0x0000, 0x0000, 0x0000, 0x0000, 0x0000, 0x0000, 0x0000, 0x0000, 0x0000, 0x0000, 0x0000, 0x0000,
    0x0000, 0x0000, 0x0000, 0x0000, 0x0000, 0x0000, 0x0000, 0x0000, 0x0000, 0x0000, 0x0000, 0x0000,
    0x0000, 0x0000, 0x0000, 0x0000, 0x0000, 0x0000, 0x0000, 0x0000, 0x0000, 0x0000, 0x0000, 0x0000,
    0x0000, 0x0000, 0x0000, 0x0000, 0x0000, 0x0000, 0x0000, 0x0000, 0x0000, 0x0000, 0x0000, 0x0000,
    0x0000, 0x0000, 0x0000, 0x0000, 0x0000, 0x0000, 0x0841, 0x2943, 0x0000, 0x2060, 0xE4A8, 0xC3E6,
    0xB365, 0xC3E6, 0xCC07, 0xC407, 0xC3E7, 0xC407, 0xC407, 0xC3E7, 0xC3E7, 0xD467, 0xFDC9, 0xB386,
    0x9AC4, 0x9AE4, 0x9AE4, 0x9B05, 0xA325, 0x9B04, 0x92C4, 0xA305, 0xA304, 0xA325, 0xA325, 0xA325,
    0x92A3, 0x9B04, 0xA325, 0xA325, 0xA325, 0xA325, 0xA345, 0x9B05, 0x7A02, 0x0000, 0x42C8, 0x644D,
    0x74AE, 0x7D0F, 0x7CEF, 0x7D2F, 0x7D0F, 0x8D91, 0xA633, 0xA633, 0xA633, 0xA633, 0xA633, 0xA633,
    0xA613, 0xA633, 0xA633, 0xA633, 0xA633, 0xA633, 0xA633, 0xA613, 0x8551, 0x9E12, 0xA613, 0xA613,
    0x9E12, 0x9E13, 0x9DF2, 0x9DF3, 0xA613, 0x8570, 0x95D1, 0x8DB1, 0x4AE9, 0xA325, 0xA304, 0xAB25,
    0xA304, 0x9AC4, 0x9AC4, 0x8A63, 0x92A4, 0x2963, 0x8D70, 0x9E13, 0x9E13, 0x9E13, 0x9E13, 0x9E13,
    0x9E13, 0xAE53, 0x95F2, 0x95D2, 0x95D2, 0x95D2, 0x95D2, 0x95D2, 0x95D2, 0x8570, 0x9E12, 0x9E13,
    0x9E12, 0x9E13, 0x9DF2, 0x95B2, 0x7CEF, 0x74AE, 0x8530, 0x7CEF, 0x644D, 0x6C6D, 0x29C5, 0x1860,
    0x61A2, 0x9AE4, 0xA325, 0x9AE4, 0xA304, 0xA305, 0x9AE4, 0xA304, 0xA305, 0xA325, 0xA325, 0xA325,
    0xA325, 0xA325, 0xA325, 0xA305, 0xA305, 0x92A4, 0xA304, 0xA304, 0x9AE4, 0xE4E9, 0xFD69, 0xD468,
    0xCC07, 0xCC07, 0xBBA6, 0xC407, 0xC3E7, 0xBBA6, 0xC3C6, 0xC3E6, 0xE4A8, 0xCC47, 0x3102, 0x0840,
    0x2123, 0x0000, 0x0000, 0x0000, 0x0000, 0x0000, 0x0000, 0x0000, 0x0000, 0x0000, 0x0000, 0x0000,
    0x0000, 0x0000, 0x0000, 0x0000, 0x0000, 0x0000, 0x0000, 0x0000, 0x0000, 0x0000, 0x0000, 0x0000,
    0x0000, 0x0000, 0x0000, 0x0000, 0x0000, 0x0000, 0x0000, 0x0000, 0x0000, 0x0000, 0x0000, 0x0000,
    0x0000, 0x0000, 0x0000, 0x0000, 0x0000, 0x0000, 0x0000, 0x0000, 0x0000, 0x0000, 0x0000, 0x0000,
    0x0000, 0x0000, 0x0000, 0x0000, 0x0000, 0x0000, 0x0000, 0x0000, 0x0000, 0x0000, 0x0000, 0x0000,
    0x0000, 0x0000, 0x0000, 0x0000, 0x0000, 0x0000, 0x0000, 0x0000, 0x0000, 0x0000, 0x0000, 0x0000,
    0x0000, 0x0000, 0x0000, 0x0000, 0x0000, 0x0000, 0x0000, 0x0000, 0x0000, 0x0000, 0x0000, 0x0000,
    0x0000, 0x0000, 0x0000, 0x20E2, 0x0000, 0x0000, 0x9B06, 0xC3E6, 0xCC07, 0xCC07, 0xC407, 0xCC07,
    0xC407, 0xCC27, 0xC407, 0xB365, 0xB386, 0xCC07, 0xFDEC, 0xC427, 0x92A3, 0x9AC4, 0x9AC4, 0x9AE4,
    0x92C3, 0x9B04, 0x92C4, 0x9B04, 0xA325, 0xA325, 0xA325, 0x9AE4, 0x92C4, 0x9AE4, 0xA325, 0xA324,
    0xA324, 0xA304, 0xA325, 0xA325, 0x71C2, 0x1040, 0x0881, 0x6CCF, 0x6C8E, 0x7D0F, 0x7D0F, 0x7D0F,
    0x7CEF, 0x8D71, 0x9DF2, 0xAE74, 0xA633, 0xA633, 0xA633, 0xA633, 0xA633, 0xA633, 0xA633, 0xA653,
    0xA633, 0xA633, 0xA633, 0xA613, 0xA633, 0xA633, 0xA633, 0xA633, 0x8551, 0x9E13, 0x9E12, 0xA613,
    0x9DF2, 0xA613, 0x9DF2, 0x9E12, 0xA633, 0x8D71, 0x95D1, 0x8DB1, 0x534A, 0xA325, 0xA304, 0xA304,
    0xA304, 0x9AC4, 0x9AC4, 0x8A63, 0x9AC4, 0x31A5, 0x9591, 0x9DF2, 0x9DF2, 0x9E13, 0xA613, 0x9E13,
    0x9E13, 0xA653, 0x95D2, 0x95D2, 0x95D2, 0x95D2, 0x95D2, 0x95D2, 0x95D2, 0x8550, 0x9E12, 0x9E12,
    0x9E12, 0x9E13, 0x9DF2, 0x9E13, 0x9E12, 0x8D71, 0x9DF2, 0x852F, 0x7D0F, 0x7D2F, 0x7D0F, 0x7CEF,
    0x748D, 0x748D, 0x4AA7, 0x38E1, 0x69A2, 0x9B05, 0xA325, 0xA325, 0xA325, 0xA325, 0x9AE4, 0xA325,
    0xA325, 0xA325, 0xA324, 0xA325, 0xA325, 0x9AC4, 0x9283, 0xA304, 0xA305, 0xA305, 0x92C4, 0xA304,
    0x9AE4, 0xED29, 0xF58A, 0xC407, 0xCC07, 0xC407, 0xD407, 0xD447, 0xCC07, 0xCC27, 0xCC27, 0xCC48,
    0xE4C9, 0xCC48, 0x0000, 0x2923, 0x0020, 0x0000, 0x0000, 0x0000, 0x0000, 0x0000, 0x0000, 0x0000,
    0x0000, 0x0000, 0x0000, 0x0000, 0x0000, 0x0000, 0x0000, 0x0000, 0x0000, 0x0000, 0x0000, 0x0000,
    0x0000, 0x0000, 0x0000, 0x0000, 0x0000, 0x0000, 0x0000, 0x0000, 0x0000, 0x0000, 0x0000, 0x0000,
    0x0000, 0x0000, 0x0000, 0x0000, 0x0000, 0x0000, 0x0000, 0x0000, 0x0000, 0x0000, 0x0000, 0x0000,
    0x0000, 0x0000, 0x0000, 0x0000, 0x0000, 0x0000, 0x0000, 0x0000, 0x0000, 0x0000, 0x0000, 0x0000,
    0x0000, 0x0000, 0x0000, 0x0000, 0x0000, 0x0000, 0x0000, 0x0000, 0x0000, 0x0000, 0x0000, 0x0000,
    0x0000, 0x0000, 0x0000, 0x0000, 0x0000, 0x0000, 0x0000, 0x0000, 0x0000, 0x0000, 0x0000, 0x0000,
    0x4162, 0x0000, 0x2080, 0x6A44, 0xBBA6, 0xC3C7, 0xC3E7, 0xD448, 0xCC07, 0xCC07, 0xCC07, 0xCC07,
    0xCC07, 0xC407, 0xE4E9, 0xED49, 0xD4A8, 0xA325, 0x9AE4, 0x92C4, 0x92C4, 0x92C4, 0x8A83, 0x9B04,
    0x9B04, 0x9B05, 0x9B05, 0x9B05, 0x9AE4, 0x9AE4, 0xA305, 0xA325, 0xA325, 0x9AE4, 0xA305, 0xA304,
    0x8A83, 0x69A1, 0x40E1, 0x3A47, 0x748E, 0x644C, 0x53CB, 0x7CEF, 0x7D0F, 0x7CEF, 0x8550, 0x95D2,
    0x95D2, 0x95D2, 0x95D2, 0xAE74, 0xA633, 0xA633, 0xA633, 0xA633, 0xA613, 0xA633, 0xA633, 0xAE54,
    0xA633, 0xA633, 0xA613, 0xA633, 0xA613, 0xA633, 0xA633, 0xA633, 0x8551, 0x9E12, 0xA613, 0xA613,
    0x9E13, 0xA633, 0x9DF2, 0x9DF2, 0xA633, 0x95B1, 0x95D2, 0x8DB1, 0x532A, 0xA325, 0xA325, 0xA304,
    0xA304, 0x9AA4, 0x9AC4, 0x8A64, 0x9AC4, 0x2984, 0x8D70, 0x9DF2, 0x9DF3, 0x9E13, 0x9E13, 0x9DF2,
    0x9E13, 0xA633, 0x95F2, 0x95D2, 0x95D2, 0x95D2, 0x95D2, 0x95F2, 0x95D2, 0x8550, 0x9E12, 0x9E12,
    0x9E13, 0x9E13, 0x9E13, 0x9E13, 0x9E13, 0x8D91, 0x95F2, 0x95F2, 0x9DF2, 0x9E13, 0x95D2, 0x8550,
    0x8530, 0x7D10, 0x7D0F, 0x6C6D, 0x6C0C, 0x4AE8, 0x4142, 0x8222, 0xA325, 0xA325, 0xA325, 0xA325,
    0xA325, 0xA325, 0x92A3, 0x9B04, 0xA325, 0xA305, 0xA305, 0xA304, 0xA325, 0x92C4, 0x92C4, 0x9B05,
    0x92A4, 0xA304, 0x9AE4, 0x9AC4, 0xE52A, 0xED29, 0xCC06, 0xD447, 0xD447, 0xD468, 0xD447, 0xCC27,
    0xC3E7, 0xC407, 0xC3E7, 0x8A84, 0x1880, 0x0000, 0x49C4, 0x18A1, 0x0000, 0x0000, 0x0000, 0x0000,
    0x0000, 0x0000, 0x0000, 0x0000, 0x0000, 0x0000, 0x0000, 0x0000, 0x0000, 0x0000, 0x0000, 0x0000,
    0x0000, 0x0000, 0x0000, 0x0000, 0x0000, 0x0000, 0x0000, 0x0000, 0x0000, 0x0000, 0x0000, 0x0000,
    0x0000, 0x0000, 0x0000, 0x0000, 0x0000, 0x0000, 0x0000, 0x0000, 0x0000, 0x0000, 0x0000, 0x0000,
    0x0000, 0x0000, 0x0000, 0x0000, 0x0000, 0x0000, 0x0000, 0x0000, 0x0000, 0x0000, 0x0000, 0x0000,
    0x0000, 0x0000, 0x0000, 0x0000, 0x0000, 0x0000, 0x0000, 0x0000, 0x0000, 0x0000, 0x0000, 0x0000,
    0x0000, 0x0000, 0x0000, 0x0000, 0x0000, 0x0000, 0x0000, 0x0000, 0x10A1, 0x4162, 0x0020, 0x59A2,
    0xD447, 0xC3C6, 0xC3C7, 0xC407, 0xC407, 0xC407, 0xC407, 0xC407, 0xC3E6, 0xC3E7, 0xD447, 0xF58A,
    0xC407, 0x9AE4, 0x9B04, 0x9AE4, 0x9AC4, 0xA304, 0x8A83, 0x9B04, 0x4B03, 0x5B43, 0x3942, 0xA305,
    0x92E4, 0x92A4, 0x9B25, 0x9B05, 0x9B04, 0x9B04, 0xA304, 0xA325, 0xA325, 0x8202, 0x1841, 0x0881,
    0x7CCF, 0x642C, 0x74AE, 0x7D0F, 0x8510, 0x8D70, 0x646D, 0x95F2, 0x95D2, 0x95D2, 0x95D2, 0x95D2,
    0x95D2, 0x95D2, 0x95D2, 0xA653, 0xA633, 0xA633, 0xA633, 0xA633, 0xA613, 0xA633, 0xA633, 0xA654,
    0xA613, 0xA613, 0xA633, 0xA613, 0xA633, 0xA633, 0xA633, 0xA633, 0x8571, 0x9E12, 0xA612, 0xA613,
    0xA613, 0xA613, 0x9E13, 0xA613, 0xA613, 0x95B1, 0x95D2, 0x95B1, 0x4B0A, 0xA325, 0xA325, 0xA325,
    0xB365, 0x92A4, 0x9AC4, 0x8A64, 0x9AC4, 0x31C5, 0x8D71, 0x9DF2, 0x9DF3, 0x9DF2, 0x9E13, 0x9E13,
    0x9E12, 0xA633, 0x95F2, 0x95D2, 0x95D2, 0x95D2, 0x95F2, 0x95D2, 0x95D2, 0x8571, 0x9E12, 0x9E12,
    0x9E13, 0x9E13, 0x9E13, 0x9E13, 0x9E13, 0x8D71, 0x9DF2, 0x9DF2, 0x9DF2, 0x9DF2, 0x9E12, 0xA633,
    0x9DF3, 0x95B1, 0x7CEE, 0x7D0F, 0x8530, 0x8510, 0x748E, 0x6C4D, 0x6BCB, 0x0840, 0x5162, 0x92A4,
    0xA345, 0xA325, 0xA305, 0xA304, 0xA325, 0xA325, 0x9AE4, 0x9AC4, 0xA305, 0xA305, 0xA305, 0xA325,
    0xA304, 0x92C4, 0x9AE4, 0xA325, 0xA305, 0xA304, 0xA304, 0x9AC4, 0xE4E9, 0xCC06, 0xBBA6, 0xC407,
    0x40E1, 0x92E4, 0xC3E7, 0xC3A6, 0xBBA6, 0xC3C7, 0xC3E7, 0xDC68, 0x1060, 0x0000, 0x3163, 0x0861,
    0x0000, 0x0000, 0x0000, 0x0000, 0x0000, 0x0000, 0x0000, 0x0000, 0x0000, 0x0000, 0x0000, 0x0000,
    0x0000, 0x0000, 0x0000, 0x0000, 0x0000, 0x0000, 0x0000, 0x0000, 0x0000, 0x0000, 0x0000, 0x0000,
    0x0000, 0x0000, 0x0000, 0x0000, 0x0000, 0x0000, 0x0000, 0x0000, 0x0000, 0x0000, 0x0000, 0x0000,
    0x0000, 0x0000, 0x0000, 0x0000, 0x0000, 0x0000, 0x0000, 0x0000, 0x0000, 0x0000, 0x0000, 0x0000,
    0x0000, 0x0000, 0x0000, 0x0000, 0x0000, 0x0000, 0x0000, 0x0000, 0x0000, 0x0000, 0x0000, 0x0000,
    0x0000, 0x0000, 0x0000, 0x0000, 0x0000, 0x4A25, 0x0000, 0x0000, 0xDCA9, 0xCC07, 0xC3E7, 0xC3E7,
    0xC3E7, 0xC3E7, 0xC3E7, 0xC3E6, 0xC3E7, 0xC407, 0xCC27, 0xF56A, 0xC3E6, 0xA325, 0x9B04, 0x9B04,
    0x9AE4, 0x8A83, 0x9B04, 0xA304, 0xA304, 0xA304, 0xA305, 0x0820, 0x6CE3, 0x9625, 0x7DC3, 0x9DC7,
    0x8AC5, 0x8283, 0x7A43, 0x7A43, 0x10C0, 0xA6C6, 0x8E25, 0x42E4, 0x53AB, 0x5BEC, 0x644D, 0x8530,
    0x8530, 0x8550, 0x8D71, 0x9E12, 0x9DF2, 0x9E13, 0x7D30, 0x95D2, 0x95D2, 0x95D2, 0x95D2, 0x95D2,
    0x95D2, 0x95D2, 0x95D2, 0xA633, 0xA633, 0xA633, 0xA633, 0xA633, 0xA613, 0xA633, 0xA613, 0xA634,
    0xA613, 0xA613, 0xA613, 0xA633, 0xA633, 0xA633, 0xA633, 0xA633, 0x8571, 0x9E12, 0x9E13, 0xA613,
    0xA613, 0xA613, 0x9E13, 0x9E13, 0x9DF2, 0x8D91, 0x95D2, 0x8DB2, 0x4B09, 0xAB25, 0xA325, 0xA324,
    0xA325, 0x92A4, 0x9AC4, 0x92A4, 0x9AA4, 0x31C5, 0x8D71, 0x9DF2, 0x9DF2, 0x9DF2, 0x9E13, 0x9E13,
    0x9E13, 0xA633, 0x95D2, 0x95D2, 0x95D2, 0x95D2, 0x95D2, 0x95D2, 0x95D2, 0x8571, 0x9E12, 0x9E13,
    0x9E13, 0x9E13, 0x9E13, 0x9E13, 0x9E13, 0x8D91, 0x9DF2, 0x9DF2, 0x9DF2, 0x95F2, 0x9DF2, 0x95B1,
    0x0020, 0x1060, 0x9AC4, 0x92A4, 0x8A83, 0x8263, 0x8263, 0x3902, 0x29E6, 0x7C8E, 0x746D, 0x74AE,
    0x10E2, 0x1081, 0x81C2, 0x8A83, 0xA325, 0xA325, 0xA325, 0xA305, 0xA325, 0xA305, 0x9AE4, 0x9AE4,
    0xA304, 0xA305, 0xA305, 0xA304, 0xA304, 0x92A4, 0x8A83, 0x9AE4, 0x9AE4, 0x92A4, 0xB3A6, 0xAB45,
    0xFDEB, 0xDC87, 0xCC27, 0xCC07, 0xCC07, 0xC3C6, 0xC3A6, 0xCC07, 0xC3E7, 0xCC07, 0xD447, 0x8264,
    0x0020, 0x1061, 0x0861, 0x0000, 0x0000, 0x0000, 0x0000, 0x0000, 0x0000, 0x0000, 0x0000, 0x0000,
    0x0000, 0x0000, 0x0000, 0x0000, 0x0000, 0x0000, 0x0000, 0x0000, 0x0000, 0x0000, 0x0000, 0x0000,
    0x0000, 0x0000, 0x0000, 0x0000, 0x0000, 0x0000, 0x0000, 0x0000, 0x0000, 0x0000, 0x0000, 0x0000,
    0x0000, 0x0000, 0x0000, 0x0000, 0x0000, 0x0000, 0x0000, 0x0000, 0x0000, 0x0000, 0x0000, 0x0000,
    0x0000, 0x0000, 0x0000, 0x0000, 0x0000, 0x0000, 0x0000, 0x0000, 0x0000, 0x0000, 0x0000, 0x0000,
    0x0000, 0x0000, 0x3943, 0x0820, 0x1020, 0xCC27, 0xC3E7, 0xCBE7, 0xC3E7, 0xC3E7, 0xC3E7, 0xC3E7,
    0xC3E7, 0xC3E7, 0xC3E7, 0xD427, 0xED29, 0x9AE4, 0xA325, 0x9AC4, 0xA305, 0x9B04, 0x9AE4, 0x9B04,
    0x9B04, 0x9B04, 0x9AE4, 0x92A4, 0x8A63, 0x8A84, 0x7A03, 0x0820, 0x4BE2, 0x7D45, 0x5442, 0x85C4,
    0x8DC4, 0x71E3, 0x1860, 0x7D83, 0x7D84, 0x5C62, 0x7D43, 0x7D0E, 0x7D0F, 0x7D30, 0x6C6E, 0x95D1,
    0x9E12, 0x9E13, 0xA613, 0xA613, 0xA613, 0xA613, 0x7530, 0x95D2, 0x95D2, 0x95D2, 0x95D2, 0x95D2,
    0x95D2, 0x95D2, 0x95D2, 0xA633, 0xA613, 0xA633, 0xA613, 0xA633, 0xA633, 0xA613, 0xA613, 0xB695,
    0xA613, 0xA613, 0xA613, 0xA633, 0xA633, 0xA633, 0xA633, 0xA633, 0x8571, 0xA612, 0xA613, 0xA613,
    0xA613, 0xA613, 0x9DF2, 0xA613, 0xA613, 0x8DB1, 0x95D2, 0x8D91, 0x534A, 0xAB45, 0xA325, 0xA325,
    0xAB45, 0x9AC4, 0xAB25, 0x9AC4, 0x9AA4, 0x31C5, 0x8D91, 0x9DF2, 0x9DF2, 0x9E13, 0xA613, 0xA613,
    0x9DF2, 0xA613, 0x95D2, 0x95D2, 0x95D2, 0x95F2, 0x95D2, 0x95D2, 0x95D2, 0x8571, 0x9E12, 0x9E13,
    0x9E13, 0xA613, 0x9E13, 0x9E13, 0x9E13, 0x8DB1, 0x9DF2, 0x9DD2, 0x748E, 0x30C0, 0xE509, 0xCC68,
    0xAB65, 0xBBA6, 0xB386, 0xAB86, 0xAB25, 0xF56B, 0xD468, 0xA2E4, 0x92A4, 0x8A84, 0x8A84, 0x2922,
    0x74CF, 0x7CF0, 0x6C4D, 0x748E, 0x0881, 0x4962, 0x8243, 0x9B25, 0xA325, 0xA304, 0x9AC4, 0xA305,
    0xA305, 0xA305, 0x9283, 0xA304, 0xA304, 0x9B04, 0xA304, 0x9AE4, 0x9AE4, 0x8263, 0xA345, 0x9AC4,
    0x8A83, 0xA304, 0xAB45, 0xB386, 0xED4A, 0xC3E6, 0xCC07, 0xCBE7, 0xC3C6, 0xC407, 0xC3E7, 0xC407,
    0xCBE7, 0xCBE6, 0xCBE7, 0x1040, 0x0020, 0x3922, 0x0000, 0x0000, 0x0000, 0x0000, 0x0000, 0x0000,
    0x0000, 0x0000, 0x0000, 0x0000, 0x0000, 0x0000, 0x0000, 0x0000, 0x0000, 0x0000, 0x0000, 0x0000,
    0x0000, 0x0000, 0x0000, 0x0000, 0x0000, 0x0000, 0x0000, 0x0000, 0x0000, 0x0000, 0x0000, 0x0000,
    0x0000, 0x0000, 0x0000, 0x0000, 0x0000, 0x0000, 0x0000, 0x0000, 0x0000, 0x0000, 0x0000, 0x0000,
    0x0000, 0x0000, 0x0000, 0x0000, 0x0000, 0x0861, 0x0000, 0x0020, 0x0000, 0x0000, 0x0000, 0x0840,
    0x0000, 0xAB46, 0xCC07, 0xC3E7, 0xCBE7, 0xCC07, 0xC3E7, 0xC407, 0xC3E7, 0xC3E7, 0xC3E7, 0xC3C6,
    0xF549, 0xBB86, 0x9AE4, 0xA304, 0xA325, 0xA304, 0xA324, 0xA324, 0xA305, 0xA325, 0xA325, 0xA325,
    0x9B04, 0x8A84, 0x8243, 0x8223, 0x8A23, 0x9264, 0x8A84, 0x79C2, 0x43C2, 0x7D84, 0x7D84, 0x4BC2,
    0x4C01, 0x0020, 0x64A3, 0x7D44, 0x7503, 0xA6A8, 0x9627, 0x74CE, 0x95D2, 0x9DF3, 0x8571, 0x9E12,
    0x9E12, 0x9E13, 0x9E13, 0xA613, 0xA613, 0xA613, 0x7D10, 0x95D1, 0x95D2, 0x95D2, 0x95D2, 0x95D2,
    0x95D2, 0x95D2, 0x95D2, 0xA633, 0xA613, 0xA613, 0xA633, 0xA613, 0xA633, 0xA613, 0xA633, 0xA654,
    0xA633, 0xA633, 0xA613, 0xA613, 0xA633, 0xA633, 0xA633, 0xA633, 0x8591, 0x9E13, 0xA613, 0xA613,
    0xA613, 0xA613, 0x9DF2, 0xA613, 0xA613, 0x95B1, 0x95D2, 0x8D91, 0x532A, 0xA345, 0xA325, 0xAB45,
    0xB365, 0x9284, 0xA305, 0x9AC4, 0x9AC4, 0x2984, 0x8D91, 0x9DF2, 0x9DF2, 0x9E12, 0x9E13, 0x9E13,
    0x9E13, 0xA613, 0x95D2, 0x95D2, 0x95D2, 0x95D2, 0x95D2, 0x95D2, 0x95D2, 0x8571, 0x9E12, 0xA613,
    0x9E13, 0x9E12, 0x9E13, 0x9E13, 0x9E13, 0x8D91, 0x4AA8, 0xBBC7, 0xB386, 0xC3E7, 0xC3E7, 0xC3E6,
    0xBBC7, 0xBBC6, 0xBBA6, 0xBBC6, 0xD448, 0xBBE6, 0xB3A6, 0xAB45, 0xBBC7, 0xF56A, 0xA305, 0x9B05,
    0x92C4, 0x3103, 0x74AE, 0x8530, 0x8530, 0x74CE, 0x6C6D, 0x748E, 0x1102, 0x5121, 0x8223, 0x9AE5,
    0xA305, 0xA305, 0xA305, 0xA305, 0x92A4, 0x92A4, 0x9AC4, 0x92C4, 0xA2E4, 0xA325, 0x92A3, 0x92A3,
    0xA304, 0xA304, 0xA325, 0x8A83, 0x9B05, 0x9AE5, 0xBBE7, 0xED08, 0xD427, 0xCC07, 0xC3E7, 0xC3E7,
    0xCC07, 0xCC07, 0xC3C6, 0xCC07, 0xCBE7, 0xCBE7, 0xECC9, 0x0000, 0x0861, 0x1081, 0x0000, 0x0000,
    0x0000, 0x0000, 0x0000, 0x0000, 0x0000, 0x0000, 0x0000, 0x0000, 0x0000, 0x0000, 0x0000, 0x0000,
    0x0000, 0x0000, 0x0000, 0x0000, 0x0000, 0x0000, 0x0000, 0x0000, 0x0000, 0x0000, 0x0000, 0x0000,
    0x0000, 0x0000, 0x0000, 0x0000, 0x0000, 0x0000, 0x0000, 0x0000, 0x0000, 0x0000, 0x0000, 0x0000,
    0x0000, 0x0000, 0x28E2, 0x0820, 0x0000, 0xC407, 0xC3E6, 0xC3E7, 0xC3C6, 0xABC7, 0x0000, 0xCBC6,
    0xCC07, 0xCC07, 0xC3E7, 0xC3E7, 0xCC07, 0xCC07, 0xCC07, 0xCC07, 0xCC07, 0xF56A, 0xB3A6, 0xA2E4,
    0xA305, 0x9B04, 0x9AE4, 0xA325, 0xA324, 0xA324, 0xA325, 0xA325, 0xA324, 0xA325, 0x9B04, 0x8A63,
    0x92C4, 0xA325, 0x8223, 0x0840, 0x4BC2, 0x7D84, 0x7D44, 0x1921, 0x2141, 0x5C63, 0x5442, 0x5422,
    0x5462, 0x0880, 0x64A4, 0x5C42, 0x7DC4, 0x7DC4, 0x4B83, 0x95D2, 0x95D2, 0x95D2, 0x8550, 0x9E12,
    0x9E12, 0xA613, 0xA613, 0x9E13, 0xA613, 0xA613, 0x7D10, 0x95D2, 0x95D2, 0x95D2, 0x95D2, 0x95D2,
    0x95D2, 0x95D2, 0x95D2, 0xB695, 0xA613, 0xA613, 0xA613, 0xA613, 0xA613, 0xA633, 0xA633, 0x9DF3,
    0xA613, 0xA613, 0xA613, 0xA613, 0xA613, 0xA633, 0xA613, 0xA633, 0x7D30, 0xA613, 0xA613, 0xA613,
    0xA613, 0xA613, 0xA613, 0xA613, 0xA633, 0x8DB1, 0x95D2, 0x8DB1, 0x534A, 0xA345, 0xA325, 0xAB45,
    0xAB65, 0x92A4, 0x9AC4, 0x9AC4, 0x9AA4, 0x2984, 0x8D91, 0x9DF2, 0x9E13, 0x9DF3, 0x9E13, 0x9E13,
    0xA613, 0xA633, 0x95F2, 0x95D2, 0x95D2, 0x95D2, 0x95D2, 0x95F2, 0x95D2, 0x8D71, 0xA633, 0x9E13,
    0xA633, 0x9E12, 0x9E12, 0x9E13, 0x9E13, 0x20C1, 0xB386, 0xC3E7, 0xB386, 0xC3E7, 0xC3E7, 0xCC47,
    0xBBC7, 0xBBC7, 0xBBC6, 0xC3E7, 0xD468, 0xC3E7, 0xBBC7, 0xB3A6, 0xC3E7, 0xBBE6, 0xB366, 0xE509,
    0xA304, 0x92E4, 0x92E4, 0xB614, 0x8D91, 0x8550, 0x8550, 0x7CCE, 0x74CE, 0x6C8D, 0x6C6D, 0x3A67,
    0x20A1, 0x69A1, 0x92A4, 0x9AE4, 0x9AE4, 0x9AE4, 0x9AE4, 0x92A4, 0x8243, 0xA304, 0xAB45, 0xAB24,
    0x9AE4, 0x9AC4, 0x92A4, 0x92C4, 0x9B04, 0x9B04, 0x9AE4, 0x9AE4, 0x9B05, 0xAB45, 0xED09, 0xDC87,
    0xCC07, 0xC407, 0xCC07, 0xCC07, 0xC3E7, 0xC3E7, 0xC3E7, 0xC3E7, 0xD427, 0x82A4, 0x0000, 0x2943,
    0x1061, 0x0000, 0x0000, 0x0000, 0x0000, 0x0820, 0x0840, 0x0000, 0x0000, 0x0000, 0x0000, 0x0000,
    0x0000, 0x0000, 0x0000, 0x0000, 0x0000, 0x0000, 0x0000, 0x0000, 0x0000, 0x0000, 0x0000, 0x0000,
    0x0000, 0x0000, 0x0000, 0x0000, 0x0000, 0x0000, 0x0000, 0x0000, 0x0000, 0x0000, 0x0000, 0x0000,
    0x0000, 0x2123, 0x8243, 0xF509, 0xCC07, 0xC3E7, 0xC3E7, 0xC3C6, 0xBBA6, 0xC3E7, 0xC407, 0xCC07,
    0x7A63, 0xAB65, 0xC3E7, 0xCC07, 0xCC07, 0xCC27, 0xF56A, 0xAB25, 0xA325, 0xA325, 0x92A4, 0xA304,
    0xA325, 0x9AE4, 0xA325, 0xA325, 0xA324, 0xA325, 0xA325, 0xA325, 0x92C4, 0xA325, 0xA325, 0xA345,
    0x8A63, 0x7A64, 0x64C3, 0x64E3, 0x5461, 0x5C42, 0x8585, 0x4362, 0x4322, 0x3AC3, 0x8DE6, 0x64C2,
    0x4382, 0x2A61, 0x3B42, 0x74E4, 0x5442, 0x5401, 0x08A0, 0xAF08, 0xAEC7, 0x2A02, 0x2143, 0xA633,
    0xA613, 0xA613, 0xA613, 0xA613, 0xA633, 0xA633, 0x750F, 0x95D1, 0x95D1, 0x95D2, 0x95D2, 0x95F2,
    0x95D2, 0x95D2, 0x95D2, 0xAE74, 0xA613, 0xA633, 0xA613, 0xA633, 0xA613, 0xA613, 0xA633, 0xA653,
    0xA633, 0xA613, 0xA613, 0xA613, 0xA613, 0xA633, 0xA633, 0xA633, 0x7D50, 0xA613, 0xA613, 0xA613,
    0xA613, 0xA613, 0xA613, 0xA613, 0xA633, 0x8DB1, 0x95D2, 0x95D1, 0x534A, 0xAB45, 0xA325, 0xA305,
    0xB365, 0x92A4, 0x9AA4, 0x9AC4, 0x9AC4, 0x2944, 0x8D91, 0x9E12, 0xA613, 0x9DF2, 0x9E12, 0x9E12,
    0x9E12, 0xA633, 0x95F2, 0x95D2, 0x95D2, 0x95D2, 0x95D2, 0x95D2, 0x95D2, 0x8D71, 0xA633, 0x9E13,
    0x9E13, 0x9E12, 0x9E13, 0xAE53, 0xB428, 0xBBA6, 0xBBC7, 0xBBE7, 0xBBC6, 0xBBC7, 0xBBC7, 0xBBE7,
    0xC427, 0xD489, 0xC427, 0xBBC6, 0xC3E7, 0xBBC7, 0xBBE7, 0xC3E7, 0xBBC7, 0xBBE7, 0xBBE7, 0xBBE7,
    0xB386, 0xC3E6, 0x9AE4, 0x92E4, 0x742C, 0xA613, 0x9E13, 0x9E13, 0x8D71, 0x7D0F, 0x7D2F, 0x7CEF,
    0x74AE, 0x748D, 0x6BCB, 0x0020, 0x5982, 0x8A83, 0xA305, 0xA305, 0x9AE4, 0x9AE4, 0xA304, 0x7A02,
    0x8263, 0x9AE4, 0x9AE4, 0x9B04, 0xA325, 0x9B04, 0x8A83, 0x9B04, 0xA304, 0x9AC4, 0x92C4, 0x9B04,
    0xA305, 0xAB45, 0xED09, 0xCC07, 0xC3E7, 0xC3E7, 0xC407, 0xC407, 0xC3E7, 0xBBC6, 0xBBA6, 0xCC06,
    0xE488, 0x0800, 0x0020, 0x3164, 0x0000, 0xED09, 0xECC9, 0x0000, 0x0000, 0x20A1, 0x0000, 0x0000,
    0x0000, 0x0000, 0x0000, 0x0000, 0x0000, 0x0000, 0x0000, 0x0000, 0x0000, 0x0000, 0x0000, 0x0000,
    0x0000, 0x0000, 0x0000, 0x0000, 0x0000, 0x0000, 0x0000, 0x0000, 0x0000, 0x0000, 0x0020, 0x20E2,
    0x0000, 0x7A64, 0x48E1, 0x8223, 0x8202, 0xF529, 0xCC07, 0xC3E7, 0xC3E6, 0xC3E6, 0xC3E7, 0xBBA6,
    0xE50B, 0x7A64, 0xFDEC, 0xBBE6, 0x9AE5, 0xA304, 0x9AE4, 0x9B04, 0xA304, 0x92C4, 0x9B04, 0xA325,
    0xA325, 0xA325, 0xA325, 0xA325, 0xA325, 0x92A4, 0xA305, 0xA305, 0xA325, 0xA325, 0x92E4, 0x71E2,
    0x69E3, 0x1940, 0x4C23, 0x5C83, 0x6CE3, 0x6D04, 0x6CE3, 0x7584, 0x5403, 0x3B22, 0x4342, 0x43A2,
    0x4383, 0x2201, 0x4362, 0x43A1, 0x2AA0, 0x7563, 0x7DA4, 0x7D64, 0x7D24, 0x7D64, 0x7DA4, 0x6C26,
    0x9DF3, 0xA613, 0xA633, 0xA633, 0xA613, 0xA613, 0x750F, 0x95D2, 0x95D1, 0x95D2, 0x95D2, 0x95D2,
    0x10E2, 0x0000, 0xAE33, 0xAE74, 0xA613, 0xA613, 0xA613, 0xA633, 0xA633, 0xA633, 0xA633, 0xA654,
    0xA633, 0xA633, 0xA613, 0xA613, 0xA633, 0xA633, 0xA633, 0xA633, 0x7D50, 0xA613, 0xA613, 0xA633,
    0xA613, 0xA633, 0xA613, 0xA633, 0xA633, 0x9DF2, 0x9DD2, 0x95D2, 0x534A, 0xA325, 0xA325, 0xA305,
    0xB385, 0x92A4, 0x92A4, 0x9AA4, 0x92A4, 0x2984, 0x8530, 0x9DF2, 0x9E12, 0x9E13, 0x9E12, 0x9E13,
    0x9E12, 0xA633, 0x95D2, 0x95D2, 0x95D2, 0x95D2, 0x95D2, 0x95D2, 0x95D2, 0x8D71, 0xA613, 0x9E13,
    0x9E13, 0x9E13, 0xB694, 0xCC89, 0xBBA6, 0xBBA6, 0xBBC6, 0xBBE7, 0xB3A6, 0xB3A6, 0x38C1, 0x7A03,
    0x8264, 0x8A63, 0x8263, 0x40C0, 0x2860, 0x30A1, 0x2060, 0x9AE5, 0xBBC6, 0xBBC6, 0xBBC6, 0xC3E7,
    0xC407, 0xBBC6, 0xF5CB, 0xA304, 0x9AE4, 0x28C2, 0x9E13, 0x9E12, 0x9E12, 0x9E13, 0x9E13, 0x9DF2,
    0x8550, 0x852F, 0x7D0F, 0x7D0F, 0x74CE, 0x6C6D, 0x1963, 0x1040, 0x71E2, 0x8AA4, 0x7A02, 0x9AE4,
    0x9AE5, 0xA2E4, 0xA304, 0x9AC4, 0x92C4, 0xA325, 0xA305, 0xA305, 0x9B05, 0x9B04, 0x9283, 0x9AE4,
    0xA325, 0x9B04, 0xA304, 0x9AE4, 0xAB65, 0xF56A, 0xDCA8, 0xBBA6, 0xBBC6, 0xC3E7, 0xC407, 0xCC27,
    0xCC07, 0xC3E7, 0x2860, 0xC3A7, 0xBBA6, 0xC3C7, 0xCC07, 0xCC08, 0xCC07, 0xCC07, 0xAB45, 0x1081,
    0x0000, 0x0000, 0x0000, 0x0000, 0x0000, 0x0000, 0x0000, 0x0000, 0x0000, 0x0000, 0x0000, 0x0000,
    0x0000, 0x0000, 0x0000, 0x0000, 0x0000, 0x0000, 0x0000, 0x0820, 0x0020, 0x51C3, 0xCC48, 0xC3E7,
    0xCC07, 0xC407, 0xBBC6, 0x9AE4, 0x38A0, 0x8222, 0x8A43, 0xD488, 0xDCC8, 0xF5AA, 0x92A3, 0x92A4,
    0x9B05, 0x6A03, 0x92C4, 0xA304, 0x9B05, 0x8A63, 0x8223, 0xA325, 0xA325, 0xA325, 0xA325, 0xA325,
    0xA325, 0x92C4, 0xA305, 0xA325, 0xA325, 0xA325, 0xA345, 0x8A83, 0x79E2, 0x1860, 0x3226, 0x6C6E,
    0x6C4D, 0x644C, 0x7D4F, 0x1101, 0x43C1, 0x64C3, 0x5C82, 0x43C2, 0x19A2, 0x6463, 0x5C63, 0x2240,
    0x3B22, 0x2AA1, 0x3B22, 0x4BE3, 0x5422, 0x5C43, 0x3B41, 0x43C2, 0x8D85, 0x6CA4, 0x5401, 0x6CC3,
    0x7DA5, 0x9551, 0xA633, 0xA633, 0xA613, 0xA613, 0x750F, 0x95D1, 0x95D1, 0x95D2, 0x74CF, 0x850F,
    0xD484, 0xFEAA, 0xF6CF, 0xA5F4, 0xA633, 0xA613, 0xA613, 0xA633, 0xA633, 0xA613, 0xA633, 0xA654,
    0xA613, 0xA613, 0xA633, 0xA633, 0xA633, 0xA633, 0xA633, 0xA633, 0x8551, 0xA633, 0xA613, 0xA613,
    0xA613, 0xA613, 0xA633, 0xA613, 0xA613, 0x9DF2, 0x9DF2, 0x95D2, 0x5309, 0xA345, 0xAB25, 0x9AE4,
    0xB385, 0x92A4, 0x92A4, 0x92A4, 0x9AC4, 0x31C5, 0x95B1, 0x9DF2, 0x9DF2, 0x9E13, 0x9E13, 0x9E13,
    0x9E12, 0xA653, 0x95D2, 0x95D2, 0x95D2, 0x95D2, 0x95F2, 0x95D2, 0x95D2, 0x8550, 0xA633, 0xA633,
    0x9E13, 0x9DF2, 0xB3E8, 0xBBE7, 0xC3E7, 0xBBC6, 0xBBE7, 0x5962, 0x8A63, 0x92C4, 0x92C4, 0x8263,
    0x30A1, 0xDF9E, 0xDFBE, 0xDFBE, 0xDFBE, 0xDFBE, 0x8A44, 0x8A84, 0x8222, 0x1000, 0xBBA6, 0xBBC6,
    0xC3E7, 0xC3E7, 0xC407, 0xB365, 0xAB25, 0x9B05, 0x6A04, 0x9E13, 0x9E13, 0xA633, 0xA633, 0xA613,
    0xA613, 0x9E13, 0x9DF2, 0x8550, 0x74EE, 0x74EF, 0x74CE, 0x6CAE, 0x642D, 0x748E, 0x29C5, 0x30E1,
    0x7A43, 0x9AE4, 0xA304, 0xA305, 0xA305, 0xA305, 0xA325, 0x9AE4, 0xA325, 0xA325, 0xA325, 0xA325,
    0xA305, 0x8A84, 0x92A4, 0xA304, 0x9B04, 0x9B04, 0xA305, 0xA304, 0xCC67, 0xED08, 0xCC47, 0xCC47,
    0x69C3, 0xCC47, 0xCC07, 0xCC07, 0xC407, 0xC3E7, 0xCC07, 0xC407, 0xC3E7, 0xBBA6, 0x8243, 0x30E1,
    0x0000, 0x0000, 0x0000, 0x0000, 0x0000, 0x0000, 0x0000, 0x0000, 0x0000, 0x0000, 0x0000, 0x0000,
    0x0000, 0x0000, 0x0000, 0x0000, 0x0840, 0x0000, 0x0000, 0xDC67, 0xC3C6, 0xCC07, 0xCC07, 0xCC07,
    0xC3E7, 0xC3E7, 0xC407, 0xC3E7, 0xBBC6, 0x92A4, 0x5162, 0x8A63, 0xB365, 0xA325, 0xA345, 0x9AE4,
    0x9B05, 0x6A24, 0x7A22, 0x7A22, 0x92A3, 0xAB65, 0xA305, 0x9B04, 0xA325, 0x92C4, 0x9AE4, 0xA325,
    0xA325, 0xA325, 0xA325, 0x9B04, 0x8243, 0x69C2, 0x1820, 0x3A67, 0x642C, 0x74AE, 0x850F, 0x644D,
    0x6C4D, 0x0000, 0x4B82, 0x4BE2, 0x4BC3, 0x19A1, 0x1140, 0x19E1, 0xAF07, 0x5422, 0x32A1, 0x6D43,
    0x7563, 0x53E3, 0x2A82, 0x32E1, 0x5403, 0x5423, 0x64A3, 0x7D83, 0xA6A7, 0x8DC4, 0x8584, 0x4BA1,
    0x21C0, 0x7C8E, 0xA613, 0xA613, 0x9E13, 0xA613, 0x7510, 0x95D2, 0x95D2, 0x95D2, 0x74CE, 0xAB84,
    0xF608, 0xF668, 0xFE88, 0x8366, 0xA612, 0xA613, 0xA613, 0xA613, 0xA613, 0xA633, 0xA633, 0xA654,
    0xA613, 0xA613, 0xA613, 0xA633, 0xA613, 0xA613, 0xA633, 0xA613, 0x8551, 0xA633, 0xA613, 0xA633,
    0xA633, 0xA633, 0xA613, 0xA613, 0x9DD2, 0x95D2, 0x9DF2, 0x95D2, 0x4B09, 0xA325, 0xA325, 0x9AE5,
    0xB385, 0xA305, 0x8A84, 0x9AC4, 0x9AC4, 0x31A5, 0x8D90, 0x9DF2, 0x9DF2, 0x9E13, 0x9E13, 0x9E12,
    0xA613, 0xA633, 0x95F2, 0x95D2, 0x95D2, 0x95D2, 0x95D2, 0x95D2, 0x95D2, 0x8D91, 0xA633, 0xA613,
    0x9E12, 0x5A23, 0xBBE7, 0xC3E7, 0xC3E7, 0xBBC7, 0x48E1, 0x92A4, 0x9AE4, 0x9B05, 0x8A83, 0xE7BD,
    0xDFBE, 0xDF9E, 0xDF9E, 0xDFBE, 0xDFBE, 0xDFBE, 0x8A64, 0x9AE4, 0x8AA4, 0x2060, 0xBE18, 0x8AA5,
    0xC407, 0xC407, 0xCC27, 0xC407, 0xC407, 0xAB25, 0x9B04, 0x3165, 0xA633, 0xA633, 0xA633, 0xA612,
    0xA613, 0x9DF2, 0x9E13, 0x95D2, 0x95D2, 0x95D2, 0x95B2, 0x74AE, 0x646D, 0x7CEF, 0x6C8E, 0x642C,
    0x7CEF, 0x1923, 0x28A1, 0x71C2, 0xA345, 0xA304, 0xA305, 0x9B05, 0x9B05, 0x9AE4, 0x92C4, 0xA325,
    0xA325, 0xA325, 0xA305, 0xA325, 0x8A63, 0x9AE4, 0xA305, 0xA325, 0x92A3, 0x9B05, 0x92C4, 0xB385,
    0xBBE5, 0xAB44, 0xFD8B, 0xDCA8, 0xCC07, 0xCC07, 0xCBE7, 0xBB86, 0x8243, 0x7A02, 0x69E2, 0x8A43,
    0xCC07, 0x0000, 0x0000, 0x3184, 0x0000, 0x0000, 0x0000, 0x0000, 0x0000, 0x0000, 0x0000, 0x0000,
    0x0000, 0x0000, 0x0000, 0x1061, 0x69E3, 0xCC28, 0xD448, 0xC3E6, 0xC3E7, 0xCC27, 0xC3C6, 0xBB85,
    0xC407, 0xC407, 0xC407, 0xC3E7, 0xED2A, 0xE529, 0x8243, 0x5141, 0xA324, 0xA325, 0xA345, 0xA345,
    0xAB45, 0x82A4, 0xB385, 0x9AE4, 0x9AE4, 0x9AE4, 0x92A4, 0xA325, 0xA305, 0xA305, 0xA305, 0xA305,
    0xA325, 0x8263, 0x5142, 0x0041, 0x5C2C, 0x646D, 0x7CEF, 0x7D30, 0x750F, 0x7D0F, 0x8D91, 0x8530,
    0x08E1, 0x4C42, 0x5443, 0x3B42, 0x53E2, 0x5423, 0x4342, 0x8603, 0x8E25, 0x7523, 0x64A3, 0x8E26,
    0x5442, 0x21C1, 0x3B02, 0x4BA3, 0x3301, 0x5403, 0x5403, 0x5C63, 0x64A3, 0x4BA2, 0x11C0, 0x7525,
    0xA611, 0x9E12, 0x9E12, 0x9E12, 0x9E13, 0xA613, 0x7510, 0x95D2, 0x95D2, 0x95D2, 0x850F, 0xC403,
    0xF689, 0xF668, 0xF668, 0xFE89, 0x9571, 0xA633, 0xA613, 0xA633, 0xA613, 0xA633, 0xA633, 0x8D71,
    0xA613, 0xA613, 0xA613, 0xA613, 0xA633, 0xA613, 0xA613, 0xA633, 0x8551, 0xA633, 0xA613, 0xA613,
    0xA613, 0xA613, 0xA613, 0xA633, 0x9DD2, 0x95D2, 0x9DF2, 0x95D2, 0x4B2A, 0xAB45, 0xA325, 0xA325,
    0xAB65, 0x92A4, 0x8A83, 0x9AE4, 0x9AC4, 0x31C5, 0x8D91, 0x95F2, 0x9DF2, 0x9E12, 0x9E13, 0x9DF2,
    0x9DF2, 0xA613, 0x95D2, 0x95D2, 0x95D2, 0x95D2, 0x95D2, 0x95F2, 0x95D2, 0x8D91, 0x9E13, 0xA633,
    0x63CB, 0xB3C6, 0xB3A6, 0xBBC6, 0xC407, 0x69C1, 0x92C4, 0x9AE4, 0x7A43, 0x92E4, 0xE77D, 0xDF9E,
    0xDFBE, 0xDFBE, 0xDFBE, 0xDFBE, 0xDFBE, 0xDFBE, 0x8A64, 0xAB46, 0xAB67, 0x2840, 0xDFBE, 0xDFBE,
    0x634C, 0xC428, 0xC407, 0xC407, 0xC407, 0xCC27, 0xAB45, 0xA325, 0x5309, 0xA633, 0xA633, 0x9E12,
    0xA613, 0x9E13, 0x9E13, 0x95D2, 0x95D2, 0x95D2, 0x95D2, 0x95D2, 0x7D0F, 0x95F2, 0x95D2, 0x7CEF,
    0x7D0F, 0x7D0F, 0x6C8D, 0x5C0C, 0x5B8B, 0x0000, 0x69C2, 0x92C4, 0x9B05, 0xA325, 0xA325, 0xA325,
    0xA325, 0x9283, 0xA304, 0xA324, 0xA325, 0xA304, 0x92C4, 0x92A4, 0x8A83, 0x9AE4, 0x9AE4, 0x8AA4,
    0xB365, 0xAB45, 0xA345, 0x9AE4, 0x9B04, 0xE52A, 0x7A23, 0x7A23, 0x5101, 0xAB65, 0xCC07, 0xCBE7,
    0xC407, 0xC3E7, 0xC3E7, 0xCC07, 0x38E1, 0x0000, 0x18C1, 0x1060, 0x0000, 0x0000, 0x0000, 0x0000,
    0x0000, 0x0000, 0x0860, 0x9AC5, 0x9284, 0xB366, 0xDC87, 0x5121, 0xE4A7, 0xCC27, 0xC3C6, 0xB385,
    0xB366, 0xC407, 0xF58A, 0xA324, 0xAB45, 0xAB24, 0x92C4, 0x40E1, 0xA304, 0xA325, 0xA325, 0xA345,
    0xAB45, 0x7A84, 0x92A4, 0x7A23, 0x8A84, 0xA305, 0x92C4, 0x92A4, 0xA305, 0x9B04, 0x6181, 0x38E1,
    0x3A67, 0x74CE, 0x6C8E, 0x7CEF, 0x7CEF, 0x7CEF, 0x8D91, 0xBEB6, 0x9DF2, 0x95D2, 0x8510, 0x5BCB,
    0x4BC2, 0x3B61, 0x5C42, 0x5C83, 0x4BE2, 0x3B42, 0x0900, 0x85C4, 0x7D44, 0x7524, 0x6CE4, 0x64C3,
    0x4342, 0x7565, 0x3302, 0x5CA3, 0x7563, 0x2201, 0x32E1, 0x3B22, 0x2A21, 0x5CA3, 0x8E05, 0xA648,
    0x85A3, 0x852D, 0xA633, 0x9E13, 0x9E13, 0x9E13, 0x74EF, 0x95D2, 0xA673, 0x0020, 0x1820, 0xD463,
    0xF668, 0xF668, 0xF667, 0xF668, 0xE566, 0xF5C5, 0xF583, 0xE4C5, 0x5BAC, 0xA613, 0xA633, 0xAE54,
    0xA633, 0xA613, 0xA613, 0xA613, 0xA613, 0xA613, 0xA633, 0xA633, 0x8571, 0xA613, 0xA613, 0xA613,
    0xA613, 0xA613, 0xA633, 0xA633, 0x9E12, 0x95D2, 0x95F2, 0x95D2, 0x4B29, 0xA345, 0xA304, 0xA325,
    0xB385, 0x9AE4, 0x9284, 0x9AE4, 0x9AC4, 0x31A4, 0x95B1, 0x9DF2, 0x9DF2, 0x9E12, 0x9DF2, 0x9DF2,
    0x9E12, 0x9E12, 0x95D2, 0x95D2, 0x95D2, 0x95D2, 0x95F2, 0x95F2, 0x95D2, 0x8DB1, 0xA633, 0xA654,
    0xB3A7, 0xBBE7, 0xBBE7, 0xB386, 0x8A84, 0x9B05, 0xA325, 0x8263, 0xA325, 0xFFDF, 0xF7DE, 0xEFDE,
    0xDFBE, 0xDFBE, 0xDFBE, 0xDFBE, 0xDFBE, 0xDFBE, 0x9284, 0xAB45, 0xC448, 0x3880, 0xDF9E, 0xDFBE,
    0xD7BE, 0xDFBE, 0xCC48, 0xC427, 0xC3E7, 0xC407, 0xCC47, 0xAB45, 0x9B25, 0x9590, 0xA613, 0xA613,
    0xA613, 0x9E13, 0x9E13, 0x95F2, 0x95D2, 0x95F2, 0x95D2, 0x95D2, 0x7D10, 0x95D2, 0x95D2, 0x95D2,
    0x95D2, 0x95D2, 0x7CEF, 0x7CEF, 0x74CE, 0x6C6D, 0x6C6D, 0x7CAE, 0x0000, 0x61C2, 0x8A84, 0xA305,
    0x9AE5, 0xA325, 0xA325, 0xA325, 0x9AE4, 0x9AE4, 0x9B04, 0xA325, 0x9B04, 0xA325, 0x8243, 0x8243,
    0xCC06, 0xA345, 0xA345, 0x9B04, 0xA325, 0xCC47, 0x4901, 0xD468, 0xCC27, 0xC3E7, 0xCC07, 0xC407,
    0xC3E7, 0xC3E7, 0xC407, 0xCC07, 0xC3E7, 0xC3E7, 0xBB85, 0x9A84, 0x1040, 0x0000, 0x4A46, 0x0000,
    0x0000, 0x0000, 0x0820, 0xA2E4, 0x8A64, 0x9284, 0x92A4, 0x8A22, 0xED0A, 0xAB04, 0xA2E4, 0xFE4C,
    0xB345, 0xAB45, 0xAB45, 0xA325, 0xA304, 0x9AE4, 0x8A83, 0x4922, 0xA345, 0xA325, 0xA345, 0xA325,
    0xAB45, 0x7A84, 0x9AE4, 0xA305, 0xA305, 0xA305, 0x9AE4, 0x69A2, 0x1840, 0x3226, 0x53CB, 0x6C8E,
    0x8530, 0x7D0F, 0x7D0F, 0x8D71, 0x9E13, 0xA613, 0xA613, 0xB695, 0xAE74, 0x7D0F, 0x74CE, 0x4BA4,
    0x5C43, 0x5C43, 0x4BC2, 0x43A2, 0x4362, 0x00A0, 0x5C23, 0x6CE3, 0x5C62, 0x7DA4, 0x64C3, 0x21C1,
    0x5442, 0x8E04, 0x5C82, 0x64C3, 0x7D84, 0xB6A7, 0x08A0, 0x1960, 0x32A1, 0x5443, 0x6CE4, 0x7524,
    0x7523, 0x8D85, 0xA653, 0x9E13, 0x9E13, 0x9DF3, 0x84CE, 0xED25, 0xDCA3, 0xDD04, 0xFE89, 0xFE89,
    0xFE88, 0xFE88, 0xFE68, 0xFE88, 0xF668, 0xF668, 0xFE68, 0xFE68, 0x6AA5, 0xA654, 0xA633, 0xA654,
    0xA633, 0xA613, 0xA633, 0xA613, 0xA613, 0xA633, 0xA633, 0xA633, 0x8551, 0xA613, 0xA613, 0xA613,
    0xA613, 0xA613, 0xA613, 0xA633, 0xA613, 0x95F2, 0x9DF2, 0x95F2, 0x5329, 0xA345, 0x9AE4, 0xA325,
    0xB365, 0x9AC4, 0x9AC4, 0x9AE4, 0x92A4, 0x31A4, 0x8D91, 0x9DF2, 0x9DF2, 0x9E12, 0x9E12, 0x9DF2,
    0x9DF2, 0xA633, 0x95F2, 0x95D2, 0x95D2, 0x95D2, 0x95D2, 0x95F2, 0x95D2, 0x8D91, 0xA633, 0x1881,
    0xB366, 0xC3E7, 0xBBE7, 0x9AC3, 0x9B05, 0xAB46, 0xAB46, 0xA305, 0xEF5C, 0xF7DE, 0xF7DE, 0xF7DE,
    0xF7DE, 0xDFBE, 0xDFBE, 0xDFBE, 0xDFBE, 0xDFBE, 0x92A4, 0xBBC7, 0xCCA9, 0x40A0, 0xDF9E, 0xDF9E,
    0xDF9E, 0xDFBE, 0xDF9E, 0xD4C9, 0xCC48, 0xCC48, 0xC427, 0xED4A, 0xAB45, 0xA345, 0x9571, 0x9DF2,
    0xA613, 0x9DF3, 0x9E13, 0x95D2, 0x95D2, 0x95F2, 0x95F2, 0x95F2, 0x7D10, 0x95D2, 0x95F2, 0x95D2,
    0x95D2, 0x95F2, 0x95D2, 0x95D2, 0x95B2, 0x7CEF, 0x8530, 0x8530, 0x7D0F, 0x748E, 0x63EC, 0x1943,
    0x5162, 0x7A02, 0xA305, 0xA305, 0xA324, 0xA325, 0xA325, 0x9AE4, 0x8243, 0x92C4, 0x9B04, 0xA324,
    0xD447, 0xAB45, 0xAB45, 0xA325, 0xA325, 0xBBC6, 0x40C1, 0xAB45, 0xAB45, 0xDCA8, 0xED09, 0xC3E6,
    0xC3E7, 0xC3E7, 0xCC07, 0xC3E7, 0xD468, 0x9AE4, 0x6161, 0xCC27, 0x7A02, 0x9AA3, 0xD427, 0x0000,
    0x0000, 0x0000, 0x0020, 0xA2E4, 0x9AA4, 0x9AA4, 0x9AA4, 0x8A63, 0x9284, 0x8A63, 0xA325, 0xAB45,
    0xA325, 0x8242, 0xAB45, 0xA345, 0xA325, 0xA325, 0xAB86, 0x5142, 0xAB65, 0xA325, 0xA345, 0xA325,
    0x8A83, 0x7264, 0xA2E4, 0x9AC4, 0x71C2, 0x0840, 0x640B, 0x5BCB, 0x74CF, 0x7CEF, 0x5C2C, 0x7D0F,
    0xA613, 0x9E13, 0x9E13, 0xA613, 0xA613, 0xA613, 0xA613, 0xB695, 0xB674, 0x7CEF, 0x8530, 0x3B22,
    0x4362, 0x1981, 0x29C5, 0x4382, 0x4382, 0x3B42, 0x5C42, 0x6483, 0x5403, 0x4BC3, 0x08E0, 0x08A0,
    0x64C3, 0x8DE5, 0x6D23, 0x6D03, 0xA688, 0x9DE6, 0x32A2, 0x4362, 0x3B41, 0x32A2, 0x08C0, 0x53E3,
    0x53E3, 0x7503, 0x1963, 0xA633, 0x9E13, 0x8D71, 0x0840, 0xED45, 0xFE68, 0xFE68, 0xF648, 0xF667,
    0xA405, 0xFE88, 0xFE88, 0xFF2A, 0xE629, 0xF647, 0xFE68, 0xFEC9, 0x62A7, 0xA633, 0xA633, 0xA633,
    0xA633, 0xA613, 0xA613, 0xA613, 0xA613, 0xA633, 0xA613, 0xA633, 0x8550, 0xA613, 0xA613, 0xA633,
    0xA613, 0xA633, 0xA613, 0xA633, 0xA633, 0x8D91, 0x95D2, 0x95D2, 0x5B8A, 0xA325, 0x9AE4, 0xA304,
    0xA324, 0x9AC4, 0x9AC4, 0x9AE4, 0x9284, 0x31A4, 0x8D91, 0x9DF2, 0x9DF2, 0x9DF2, 0x9DF2, 0x9E12,
    0x9DF2, 0xA633, 0x95F2, 0x95D2, 0x95D2, 0x95F2, 0x95F2, 0x95D2, 0x95D2, 0x8D91, 0xAE54, 0xC408,
    0xBBC7, 0xBBE7, 0xCC48, 0x9B05, 0xA345, 0xAB45, 0x8243, 0x6A03, 0xF7DE, 0xF7DE, 0xF7DE, 0xF7DE,
    0xF7DE, 0xF7DE, 0xDFBE, 0xDFBE, 0xDFBE, 0xDFBE, 0x8A84, 0xBBC7, 0xF691, 0x38A0, 0xDF9E, 0xDFBE,
    0xDF9E, 0xDFBE, 0xDFBE, 0xD77D, 0xE52A, 0xCC27, 0xCC27, 0xC407, 0xBBC6, 0xAB45, 0x7AA5, 0x9DF2,
    0x9E13, 0x9E13, 0x9E13, 0x95D2, 0x95D2, 0x95F2, 0x95D2, 0x95F2, 0x74EF, 0x95D2, 0x95D2, 0x95D2,
    0x95D2, 0x95F2, 0x95D2, 0x95D2, 0x95D2, 0x95D2, 0xA633, 0xA613, 0xA633, 0x850F, 0x8530, 0x850F,
    0x74AE, 0x640C, 0x4AE8, 0x30E1, 0x79E2, 0xA325, 0xA325, 0xA305, 0x92C4, 0x92A4, 0x8A83, 0x8A63,
    0xDC47, 0xA325, 0xA325, 0xA325, 0xAB45, 0xB386, 0x38A0, 0xAB45, 0xAB45, 0xA325, 0xA325, 0xA305,
    0xF569, 0xF5AA, 0x9263, 0xDC67, 0xD469, 0xB386, 0x5921, 0x8222, 0xC427, 0x9284, 0x92A4, 0x4101,
    0x0000, 0x0000, 0x0020, 0xAB05, 0x9AA4, 0x9AA4, 0x9284, 0x9284, 0x9284, 0x92A4, 0xAB45, 0xAB45,
    0xA345, 0x71C2, 0x92C4, 0xA304, 0x9AE4, 0xA325, 0x9AE4, 0x5141, 0xAB45, 0xA325, 0xA345, 0xA325,
    0x7A23, 0x4101, 0x4921, 0x3205, 0x6C6D, 0x6CAE, 0x74AE, 0x7CEF, 0x7D0F, 0x95B1, 0x7D10, 0xA633,
    0x9E13, 0xA613, 0x9E13, 0xA613, 0xA613, 0xA613, 0xA613, 0xAE74, 0xA5F3, 0x7CEF, 0x7CEF, 0x1102,
    0x7CAE, 0x850F, 0x4BC3, 0x4BE2, 0x3B02, 0x3B42, 0x3AE2, 0x4C02, 0x2A61, 0x3B62, 0x32E1, 0x2A42,
    0x64C3, 0x85A4, 0x85C4, 0x5401, 0x7524, 0x7D85, 0x2221, 0x3B81, 0x43A2, 0x3B82, 0x5402, 0xA550,
    0x4343, 0x4BE1, 0x0881, 0x9E13, 0x8D71, 0x8530, 0x8D10, 0xD485, 0xF586, 0xFE68, 0xF668, 0xF647,
    0x0000, 0xFEA8, 0xFE68, 0xFF2A, 0xDD47, 0xFE68, 0xF668, 0xED46, 0xA633, 0xA613, 0xA633, 0xA653,
    0xA633, 0xA613, 0xA633, 0xA613, 0xA633, 0xA613, 0xA633, 0xA633, 0x7D50, 0xA633, 0xA613, 0xA633,
    0xA613, 0xA613, 0xA633, 0xA633, 0xA633, 0x8D91, 0x95D2, 0x95B1, 0x536A, 0xA325, 0x9AE4, 0xA325,
    0xA325, 0x9AC4, 0x9AE4, 0x9AE4, 0x8A64, 0x31A4, 0x8D91, 0x9E12, 0x9DF2, 0x9DF2, 0x9DF2, 0x9E12,
    0x9E13, 0xA613, 0x95D2, 0x95D2, 0x95D2, 0x95D2, 0x95D2, 0x95D2, 0x95D2, 0x8D91, 0x638A, 0xB3A6,
    0xBBE7, 0xBBC7, 0xB3C6, 0xA325, 0xAB65, 0xA346, 0xA2E5, 0xF7BE, 0xF7DE, 0xF7DE, 0xF7DE, 0xF7DE,
    0xF7DE, 0xF7DE, 0xDFBE, 0xDFBE, 0xDFBE, 0xE7DE, 0x9284, 0xBBA6, 0xF670, 0x40C0, 0xDF9E, 0xDFBE,
    0xDFBE, 0xDFBE, 0xDFBE, 0xD79E, 0x94B0, 0xCC47, 0xC407, 0xC447, 0xC427, 0xB366, 0xAB46, 0x848D,
    0xA613, 0x9DF2, 0xA613, 0x95D2, 0x95D2, 0x95F2, 0x95F2, 0x95D2, 0x7D0F, 0x95D2, 0x95F2, 0x95D2,
    0x95D2, 0x95D2, 0x95F2, 0x95D2, 0x95D2, 0x95B1, 0xA613, 0xA633, 0xA613, 0xA613, 0xA613, 0x9591,
    0x8530, 0x7D0F, 0x644D, 0x6C6D, 0x746E, 0x08C2, 0x6162, 0x8243, 0xA325, 0xA325, 0xA305, 0x8A83,
    0xCC06, 0xA345, 0xA325, 0xA325, 0xB386, 0xDC88, 0x30A0, 0xAB45, 0xAB45, 0xA325, 0xA325, 0x92A4,
    0xA325, 0xAB45, 0xC407, 0xED08, 0x79E2, 0xDC88, 0x9AC4, 0x9AA4, 0x9AA4, 0x9AA4, 0x92A4, 0x40E1,
    0x0000, 0x0000, 0x0840, 0x9AC5, 0x92A4, 0x92A4, 0x9264, 0x92A4, 0x92A4, 0x9AA4, 0xAB45, 0xA304,
    0x9B25, 0x4901, 0xA325, 0xAB25, 0xA325, 0xA325, 0x8243, 0x40E1, 0xA324, 0xA305, 0x9283, 0x2860,
    0xA366, 0x2060, 0x6CAE, 0x7D0F, 0x8530, 0x852F, 0x95D2, 0xA613, 0xA613, 0xA633, 0x7D30, 0xA633,
    0xA613, 0xA613, 0xA613, 0xA613, 0xA633, 0xA633, 0xA633, 0xAE74, 0x7CEF, 0x7CEF, 0x7CEF, 0x7CEF,
    0x7CEF, 0x3AE3, 0x5483, 0x43C2, 0x5423, 0x4BA2, 0x2A21, 0x3B42, 0x4C03, 0x4C03, 0x4BE2, 0x32E1,
    0x3B21, 0x6463, 0x7D43, 0x4BC1, 0x6CE3, 0x7D44, 0x1981, 0x64C4, 0x64E3, 0x5C64, 0x6D44, 0x1121,
    0xB674, 0x0000, 0xA653, 0x9DF2, 0x8550, 0x8551, 0x644D, 0x52E8, 0xB382, 0xDCC4, 0xEDA6, 0xFE88,
    0xFEC9, 0xF668, 0xED25, 0xFE68, 0xFE67, 0xFE48, 0xB3C3, 0x6A03, 0x8327, 0x52A8, 0x9E13, 0xA633,
    0xA633, 0xA633, 0xA633, 0xA613, 0xA633, 0xA613, 0xA613, 0xA633, 0x7D30, 0xA613, 0xA613, 0xA613,
    0xA613, 0xA633, 0xA613, 0xA633, 0xA633, 0x8570, 0x95D2, 0x95D1, 0x536A, 0xAB46, 0x9AE4, 0xA325,
    0xA325, 0x9AC4, 0x9AC4, 0x9AE4, 0x92A4, 0x31C5, 0x8530, 0x9E12, 0x9E12, 0x9E12, 0x9DF2, 0x9E12,
    0x9E13, 0xA613, 0x95D2, 0x95D2, 0x95D2, 0x95D2, 0x95D2, 0x95D2, 0x95D2, 0x8DB1, 0x6A25, 0xB386,
    0xBBE7, 0xBBC7, 0xAB45, 0xB386, 0xB386, 0x8A84, 0xB3E8, 0xCF35, 0xC754, 0xCF36, 0xF7DE, 0xF7DE,
    0xF7DE, 0xFFDE, 0xDFDF, 0xE7BE, 0xE7BE, 0xE7DE, 0x9284, 0xB365, 0xFEB0, 0x40C0, 0xDFBE, 0xE7BE,
    0xDFBE, 0xDFBE, 0xDFBE, 0xFFDB, 0xEFB9, 0x7325, 0xCC67, 0xC407, 0xC407, 0xC407, 0xAB25, 0x8AE5,
    0x9DF2, 0xA613, 0x9E13, 0x95D2, 0x95F2, 0x95D2, 0x95F2, 0x95F2, 0x7D2F, 0x95D2, 0x95D2, 0x95D2,
    0x95D2, 0x95F2, 0x95D2, 0x95D2, 0x95D2, 0x8D91, 0xA613, 0xA613, 0xA613, 0xA613, 0xA613, 0xA613,
    0xA613, 0xA633, 0x646D, 0x8530, 0x8550, 0x74CF, 0x6C6D, 0x7CCF, 0x10E2, 0x4161, 0x8202, 0x8A83,
    0xA304, 0x92C4, 0x92C4, 0xAB45, 0xAB45, 0xD448, 0x3080, 0x8A83, 0xAB45, 0xAB45, 0x9AE4, 0xAB25,
    0xA325, 0xAB45, 0xAB45, 0xA325, 0xED4A, 0x9284, 0x9AA4, 0x9AA4, 0x9AA4, 0x9AC4, 0x9AC4, 0x5142,
    0x0000, 0x0000, 0x0840, 0xA2C5, 0x9AA4, 0x9AA4, 0x9AA4, 0x9AA4, 0x92A4, 0xA2E5, 0xC428, 0xA345,
    0x9AE5, 0x8263, 0x9AC4, 0xAB45, 0xAB45, 0xA325, 0x8284, 0x1020, 0x0800, 0xA345, 0xA345, 0x9B04,
    0xAB66, 0x28A1, 0x8571, 0x9DF2, 0x9E13, 0x9E12, 0x9E13, 0xA613, 0xA613, 0xA633, 0x7D30, 0xA633,
    0x9E13, 0xA613, 0xA613, 0xA613, 0xA633, 0xA633, 0xA633, 0xAE54, 0x7D0F, 0x7CEF, 0x7CEF, 0x7D0F,
    0x7D0F, 0x5422, 0x2AA1, 0x5403, 0x53E3, 0x32E1, 0x0000, 0x5422, 0x4BE2, 0x3B42, 0x4C02, 0x4362,
    0x0020, 0x4BC3, 0x5423, 0x7D64, 0x6D24, 0x7544, 0x19C1, 0x4BE2, 0x5CA3, 0x7D65, 0x7503, 0x6483,
    0x95F2, 0x9DF2, 0x9DF3, 0xA634, 0x8D51, 0x8550, 0x5C0C, 0x642D, 0x4247, 0x9B03, 0xBB83, 0xFE89,
    0xFE89, 0xFE68, 0xFE88, 0xFE88, 0xFE88, 0xFE89, 0xFFD7, 0xB3A6, 0xC3E6, 0xAB45, 0xAB65, 0x3921,
    0xAE33, 0xA633, 0xA633, 0xA633, 0xA613, 0xA613, 0xA613, 0xA633, 0x8571, 0xA613, 0xA613, 0xA613,
    0xA613, 0xA633, 0xA633, 0xA613, 0x9E13, 0x8D71, 0x95D2, 0x95D1, 0x532A, 0xAB45, 0xA325, 0xAB25,
    0xAB25, 0x9AC4, 0x9AC4, 0x9AE4, 0x8A64, 0x31C5, 0x8D91, 0x9E12, 0x9E13, 0x9E13, 0x9E12, 0x9DF2,
    0x9E13, 0xA613, 0x95F2, 0x95D2, 0x95D2, 0x95D2, 0x95D2, 0x95D2, 0x95F2, 0x8571, 0xCC28, 0xBBC7,
    0xBBE7, 0xE4E9, 0xA325, 0xAB86, 0xAB65, 0xAB46, 0x41E4, 0xC734, 0xD756, 0xC755, 0xBF15, 0xF7DE,
    0xFFDE, 0xF7DE, 0xEFDE, 0xF7DE, 0xE7BE, 0xE7BE, 0x9264, 0xB385, 0xF690, 0x40C1, 0xE7BE, 0xDFBE,
    0xDFBE, 0xDF9E, 0xE777, 0xF7DB, 0xE778, 0xD735, 0xD54B, 0xC427, 0xDCA9, 0xBBC6, 0xAB45, 0xA345,
    0x636A, 0x9DF2, 0x9DF2, 0x95D2, 0x95D2, 0x95D2, 0x95F2, 0x95D2, 0x7D30, 0x95D2, 0x95D2, 0x95D2,
    0x95D2, 0x95D2, 0x95D2, 0x95D2, 0x95D2, 0x95B2, 0xA633, 0xA633, 0xA613, 0xA613, 0xA633, 0xA613,
    0xA633, 0xA633, 0x7D30, 0xA633, 0xA633, 0xA633, 0x8510, 0x7D0F, 0x7D0F, 0x644D, 0x642C, 0x3A46,
    0x2080, 0xB3A5, 0xAB45, 0xA325, 0x9B04, 0xBBA6, 0x3080, 0x8A63, 0xA305, 0xAB65, 0xAB25, 0xAB45,
    0x61E2, 0xA345, 0xB365, 0xAB45, 0xF58A, 0x9AC4, 0x9AC4, 0x9AC4, 0x9AA4, 0x9AC5, 0x9AA4, 0x4921,
    0x0000, 0x0000, 0x0020, 0x0000, 0x9AC4, 0x9AA4, 0x9AA4, 0x92A4, 0x9284, 0x8244, 0xAB45, 0xAB45,
    0xA325, 0xAB25, 0xA305, 0x9AC4, 0x69A2, 0x0000, 0x7202, 0x69C2, 0xB365, 0xAB25, 0xA325, 0x9B25,
    0x92A5, 0x5B4A, 0xA634, 0x9E12, 0xA613, 0x9E13, 0xA613, 0xA633, 0xA633, 0xA613, 0x7D30, 0xA613,
    0x9E13, 0xA613, 0xA613, 0xA633, 0xA633, 0xA633, 0xA633, 0x8D91, 0x7D0F, 0x8D71, 0x95B2, 0x7CEF,
    0x32A7, 0x4BE2, 0x53E3, 0x4BC3, 0x3281, 0x2061, 0x0020, 0x6CE3, 0x64A3, 0x6CC4, 0x4C22, 0x3301,
    0x5B81, 0x3B41, 0x5442, 0x6D23, 0x5CA3, 0x43E1, 0x5102, 0x3222, 0x4361, 0x4C02, 0x3B82, 0x5443,
    0x3226, 0x95F2, 0x9DF2, 0xA614, 0x3A67, 0x1020, 0x9B04, 0x92C4, 0x92C4, 0xDC83, 0xE545, 0xFE88,
    0xFE89, 0xFE89, 0xFE88, 0xFE89, 0xFE88, 0xFE69, 0xF668, 0x9304, 0x92E4, 0xD468, 0xB3A6, 0x8AA4,
    0xE4C9, 0x92C4, 0x1902, 0xB674, 0xA613, 0x9E13, 0xA613, 0xA633, 0x8571, 0x9E13, 0xA613, 0xA613,
    0xA613, 0xA613, 0xA613, 0xA633, 0x9E13, 0x8D91, 0x95D2, 0x95D1, 0x534A, 0xAB45, 0xA325, 0xA325,
    0xAB45, 0x9AC4, 0x9AC4, 0xA304, 0x8A63, 0x3A05, 0x95B1, 0x9E13, 0x9E13, 0x9E13, 0xA613, 0x9E12,
    0x9E12, 0xA633, 0x95F2, 0x95D2, 0x95D2, 0x95D2, 0x95D2, 0x95D2, 0x95D2, 0x6C4C, 0xC448, 0xBBE7,
    0xBBE7, 0xCC48, 0xAB66, 0xBBC7, 0xABA6, 0xDCCB, 0xC735, 0xCF56, 0xBF34, 0xC735, 0xC755, 0xD758,
    0xFFFE, 0xFFDE, 0xE7BE, 0xE7BE, 0xE7BE, 0xE7BE, 0x9284, 0xBBC7, 0xFED2, 0x48E0, 0xE7BE, 0xDFBE,
    0xD79C, 0xDF7A, 0xE798, 0xEFB9, 0xEFBB, 0xE777, 0xE7D7, 0xC448, 0xC427, 0xCC48, 0xCC48, 0xA325,
    0x92C4, 0x95D2, 0x9DF2, 0x95D2, 0x95D2, 0x95D2, 0x95D2, 0x95F2, 0x7D30, 0x95D2, 0x95D2, 0x95D2,
    0x95D2, 0x95F2, 0x95F2, 0x95D2, 0x95D2, 0x95D2, 0xA633, 0xA633, 0xA633, 0xA613, 0xA633, 0xA633,
    0xA633, 0xA633, 0x7D50, 0xA633, 0xA633, 0xA633, 0x9E13, 0x9E13, 0xA613, 0x7CEF, 0x7D0F, 0x7CEF,
    0xD427, 0xA304, 0x92C4, 0x1840, 0x7A03, 0xAB65, 0x40C1, 0xAB45, 0xAB25, 0xA325, 0xA325, 0xA305,
    0xAB65, 0xA325, 0x9B25, 0x9AE4, 0xE4E8, 0x9AC4, 0x9AA4, 0x9AA4, 0x9AA4, 0x9AC4, 0x9AC4, 0x4921,
    0x0000, 0x0000, 0x0000, 0x20C2, 0x18A1, 0x5982, 0x9284, 0x9284, 0x92A4, 0x8224, 0xAB65, 0xAB65,
    0xAB65, 0xA345, 0x5961, 0x1020, 0x8263, 0x63EC, 0x8A84, 0x7203, 0xBB85, 0xAB65, 0x92C3, 0x1000,
    0x748D, 0x7D2F, 0xA633, 0x9E13, 0xA633, 0xA613, 0xA613, 0xA613, 0xA613, 0xA633, 0x8550, 0xA633,
    0xA613, 0xA613, 0xA633, 0xA613, 0xA633, 0xA633, 0xA633, 0x9DF2, 0xA633, 0x8D91, 0x74CE, 0x74CF,
    0x3A87, 0x4BC2, 0x4BC2, 0x1162, 0x28E2, 0x89A3, 0x0800, 0x5C43, 0x64C3, 0x6D24, 0x3B21, 0x6922,
    0x28A0, 0x1100, 0x4BA2, 0x5422, 0x5422, 0x1121, 0x1020, 0x91C3, 0x9204, 0x3B81, 0x5443, 0x5483,
    0x31E5, 0x42A6, 0x38E1, 0x9AE5, 0x9B05, 0xA325, 0xA325, 0x92C4, 0x4901, 0xD484, 0xFE47, 0xFE69,
    0xFE89, 0xF5E7, 0xB302, 0xED85, 0xEDC6, 0xFE89, 0xF668, 0x0000, 0x7203, 0xD4A9, 0xC407, 0xC3E6,
    0x9B04, 0xE509, 0xC3E7, 0x7A44, 0x29A5, 0xA633, 0x9E33, 0xA633, 0x8591, 0xA613, 0xA613, 0xA613,
    0xA613, 0xA633, 0xA633, 0xA633, 0xAE53, 0x8D91, 0x8DB1, 0x8DB1, 0x536A, 0xAB66, 0xAB25, 0xAB25,
    0xAB45, 0x92A4, 0x9AC4, 0xA305, 0x8A83, 0x3A05, 0x95B1, 0x9E13, 0x9E13, 0x9E13, 0x9E12, 0x9E12,
    0x9E12, 0xA633, 0x95F2, 0x95D2, 0x95D2, 0x95D2, 0x95D2, 0x95D2, 0x95F2, 0x4B69, 0xBBE7, 0xBBE7,
    0xBBE7, 0xB387, 0xBBC7, 0xCC48, 0xA366, 0xDD0B, 0xC755, 0xC755, 0xBF34, 0xC735, 0xC735, 0xC735,
    0xFFDE, 0xE7BE, 0xE7BE, 0xF7DE, 0xFFDE, 0xF7DE, 0x92A4, 0xBBC7, 0xF6D2, 0x40A0, 0xE7BE, 0xDFBE,
    0xD756, 0xE798, 0xE779, 0xE797, 0xE798, 0xE796, 0xCF54, 0x49E3, 0xCC48, 0xCC27, 0xC427, 0xAB45,
    0xA345, 0x8D2F, 0x95D2, 0x95D2, 0x95D2, 0x95D2, 0x95F2, 0x95F2, 0x7D30, 0x95D2, 0x95F2, 0x95D2,
    0x95F2, 0x95F2, 0x95F2, 0x95F2, 0x95D2, 0x95D2, 0xA633, 0xA633, 0xA633, 0xA633, 0xA633, 0xA633,
    0xA633, 0xA633, 0x7D50, 0xA633, 0xA633, 0xA633, 0x9E13, 0x9E33, 0x9E13, 0xA613, 0xA633, 0x7D30,
    0xD447, 0x9AE4, 0x92C4, 0x9AE4, 0xA345, 0x9B45, 0x5962, 0x7A03, 0xA325, 0xA305, 0x9B04, 0xA305,
    0xAB45, 0x92A4, 0xA325, 0xA325, 0xFDAA, 0x9AA4, 0x9AC4, 0xA2E4, 0x9AC4, 0x9AC4, 0xA2E5, 0x4921,
    0x0000, 0x0000, 0x0000, 0x0000, 0x0000, 0x1040, 0x8223, 0x1880, 0x79E2, 0x7A23, 0x92C5, 0x7A43,
    0x0800, 0x7A23, 0x8243, 0x7A23, 0x8A63, 0x640B, 0x8A63, 0x69E3, 0x1020, 0x9B45, 0x74CE, 0x74EF,
    0x95B2, 0x7D30, 0xA633, 0x9E13, 0xA633, 0xA613, 0xA613, 0xA613, 0xA613, 0x9E13, 0x7D30, 0xA613,
    0xA613, 0xA613, 0xA613, 0xA613, 0xA613, 0xA633, 0xA633, 0x95B1, 0xA612, 0x8D91, 0x7CEF, 0x7CEF,
    0x7CCE, 0x4323, 0x642D, 0x74CE, 0x0040, 0x9A04, 0x89E3, 0x5C83, 0x64C3, 0x5462, 0x6963, 0x8183,
    0xB285, 0xAA44, 0x1840, 0x53E2, 0x5403, 0x7983, 0xBA85, 0xCB07, 0xBAC6, 0x59E3, 0x2961, 0x4401,
    0x59A3, 0xAB45, 0xA305, 0xA305, 0x8A63, 0x92C4, 0x9AE5, 0x92C4, 0x0000, 0xDCA4, 0xFE28, 0xFE68,
    0xE524, 0x9AE3, 0x6A23, 0xB3C4, 0xD464, 0xED44, 0xF628, 0x1040, 0xBBE7, 0xCC48, 0xC408, 0xAB45,
    0xBBC7, 0xB386, 0xCC27, 0xBBA6, 0xB3A6, 0xD488, 0x9B47, 0xA653, 0x7D30, 0xA613, 0xA613, 0xA613,
    0xA613, 0xA613, 0xA633, 0xA613, 0x9DF2, 0x8D91, 0x95D2, 0x8DB1, 0x532A, 0xB366, 0x9AE4, 0xA325,
    0xAB45, 0x92A4, 0x9AE4, 0xA2E4, 0x9AC4, 0x2963, 0x7D0F, 0x9E12, 0x9E13, 0x9E12, 0x9E13, 0x9E13,
    0x9E12, 0xAE33, 0x9DF2, 0x95D2, 0x95D2, 0x95D2, 0x95D2, 0x95F2, 0x95F2, 0x42E8, 0xBBE7, 0xBBE7,
    0xBBC7, 0xB3A7, 0xC407, 0xC408, 0x8AA5, 0xED8C, 0xC755, 0xBF35, 0xBF35, 0xC755, 0xE7B8, 0xC735,
    0xFFFE, 0xFFFE, 0xF7DE, 0xF7DE, 0xF7DE, 0xFFDE, 0x9284, 0xBBE7, 0xF6B1, 0x48C0, 0xE7BE, 0xE7BE,
    0xC737, 0xDF77, 0xCF56, 0xD776, 0xE796, 0xDF76, 0xC713, 0xCF53, 0xCC27, 0xCC48, 0xC407, 0xE50A,
    0x9AE4, 0x30E2, 0x95F2, 0x95D2, 0x95D2, 0x95D2, 0x95D2, 0x95D2, 0x7D30, 0x95D2, 0x95D2, 0x95F2,
    0x95F2, 0x95F2, 0x95D2, 0x95D2, 0x95D2, 0x95B2, 0xA633, 0xA633, 0xA633, 0xA633, 0xA633, 0xA633,
    0xA633, 0xA633, 0x750F, 0xA633, 0xA633, 0xA633, 0xA633, 0xA633, 0xA633, 0x9E13, 0x9E13, 0x7D30,
    0x8510, 0x30C1, 0xB366, 0xAB45, 0xAB45, 0xE4E9, 0x69A2, 0x8243, 0x31E6, 0x0800, 0xB3A6, 0xAB45,
    0xAB45, 0xAB45, 0xA305, 0xA305, 0xF58A, 0x9AA4, 0x9AA4, 0xA2E5, 0x9AC4, 0x9AC4, 0x92A4, 0x18E2,
    0x0000, 0x0000, 0x0000, 0x0000, 0x0000, 0x1040, 0x8223, 0x8243, 0x6182, 0x69A2, 0x69C2, 0x92A4,
    0x7A03, 0xA345, 0x92A4, 0x61C2, 0x2040, 0x6182, 0xC407, 0xA325, 0xA325, 0x5B07, 0x74AE, 0x95F2,
    0x95D2, 0x7D30, 0xA613, 0xA633, 0xA633, 0xA613, 0x9E13, 0xA613, 0xA613, 0xA613, 0x7D30, 0xA633,
    0xA612, 0xA613, 0xA613, 0xA613, 0xA613, 0xA613, 0xA613, 0xAE54, 0x8D91, 0x8D91, 0x8DB1, 0x7CCF,
    0x7CEF, 0x7CCF, 0x6C6D, 0x6C8E, 0x63CC, 0x9AC6, 0x6922, 0x2182, 0x6CA4, 0x81E4, 0x91C3, 0x99E3,
    0x99C4, 0x99C3, 0x89A3, 0x2181, 0x29A0, 0xC2C6, 0xCAE6, 0x68C1, 0xD345, 0x7A44, 0x92E4, 0xA325,
    0x9B05, 0xA325, 0xB386, 0xA304, 0x9B04, 0x9B05, 0x8AA4, 0x7A23, 0x61C2, 0xCC44, 0xFE27, 0xC3C2,
    0x2040, 0x7A23, 0x7A23, 0x71E2, 0x8242, 0x0000, 0x0800, 0xA325, 0xAB65, 0xBBE7, 0xCC07, 0xD447,
    0xBBC6, 0xC407, 0xDCA8, 0xED8C, 0xB385, 0xA325, 0xF54A, 0x9E12, 0x7D30, 0xA613, 0xA613, 0xA633,
    0xA633, 0xA613, 0xA633, 0xA633, 0xA633, 0x95F2, 0x95D2, 0x95D1, 0x5329, 0xAB65, 0xA304, 0xA325,
    0xA324, 0x92A4, 0x9AE4, 0xA304, 0x9AC4, 0x2963, 0x8D91, 0x9E12, 0x9E13, 0x9E13, 0x9E13, 0x9E13,
    0x9E13, 0xA633, 0x95F2, 0x95D2, 0x95D2, 0x95D2, 0x95D2, 0x95F2, 0x95F2, 0x3246, 0xBBE7, 0xBBE7,
    0xBBC7, 0xBBC7, 0xC407, 0xC407, 0x6A03, 0x9B26, 0x8223, 0x6AC6, 0xCF97, 0xC756, 0xDF96, 0xC734,
    0xFFDE, 0xFFDE, 0xFFDE, 0xFFDE, 0xF7DE, 0xF7DE, 0x92A4, 0xBBC6, 0xF6D2, 0x4901, 0xF7BE, 0xFFDE,
    0xF7DD, 0xC735, 0xCF35, 0xCF55, 0xCF55, 0xC713, 0xDF74, 0xD774, 0x7243, 0xCC27, 0xCC27, 0xCC47,
    0xA324, 0xA345, 0x7CEF, 0x95D2, 0x95D2, 0x95D2, 0x95D2, 0x95D2, 0x7D30, 0x95D2, 0x95D2, 0x95D2,
    0x95F2, 0x95F2, 0x95F2, 0x95F2, 0x95D2, 0x9DF2, 0xA633, 0xA633, 0xA633, 0xA633, 0xA633, 0xA633,
    0xA633, 0xA633, 0x750F, 0xA633, 0xA633, 0xA633, 0xA633, 0xA613, 0xA633, 0xA613, 0x9E13, 0x7D30,
    0x8D91, 0x7D30, 0x8551, 0x3225, 0x40E0, 0x8243, 0x8264, 0x8A84, 0x39E4, 0x6B49, 0x71E2, 0x5121,
    0x59A3, 0xA325, 0xA325, 0x9AE4, 0xFDAA, 0x8A43, 0x9283, 0x9A84, 0x0000, 0x0000, 0x0000, 0x0000,
    0x0000, 0x0000, 0x0000, 0x0000, 0x0000, 0x1860, 0x8A43, 0x92A4, 0x8223, 0x7A23, 0x8223, 0xB366,
    0x8243, 0xAB45, 0x92C4, 0x5962, 0x6181, 0x9B25, 0xA345, 0xA325, 0xB3A6, 0x6CCE, 0x8D91, 0x95D2,
    0x95D2, 0x7D30, 0xA613, 0xA633, 0xA613, 0x9E13, 0xA613, 0xA613, 0xA613, 0xA613, 0x7D2F, 0xA633,
    0xA613, 0xA613, 0xA613, 0xA613, 0xA613, 0xA613, 0xA613, 0xAE53, 0x9DF2, 0x95D2, 0x8D91, 0x7CEF,
    0x7CEF, 0x7CEF, 0x7D0F, 0x74AF, 0x642D, 0xD571, 0xA328, 0x99E4, 0x79C4, 0x9204, 0x6142, 0x6122,
    0x6142, 0x6942, 0x6942, 0x58E1, 0x81E3, 0xDBC8, 0xCB46, 0xFEB4, 0xF77C, 0x92E5, 0xB386, 0xA325,
    0x9B05, 0xAB65, 0xAB45, 0xAB45, 0xAB45, 0xAB45, 0xB386, 0x7A43, 0x5141, 0x7A22, 0x8243, 0x8A63,
    0x8AA4, 0x9B04, 0xA325, 0xB3A6, 0xBBC6, 0xB386, 0xCC07, 0xCC28, 0xCC28, 0xC427, 0xDC89, 0xFE0D,
    0xA345, 0x9AE4, 0xA325, 0xA304, 0x8A84, 0x9AE4, 0xF549, 0xA633, 0x7D30, 0xA613, 0xA613, 0xA613,
    0xA633, 0xA613, 0xA633, 0xA633, 0xA633, 0x9E12, 0x95F2, 0x95B1, 0x5309, 0xAB65, 0x9B05, 0xA325,
    0xAB24, 0x9284, 0x9AC4, 0x9AC4, 0x9AC4, 0x2963, 0x8D91, 0x9E12, 0x9E13, 0x9E12, 0x9E13, 0x9E13,
    0x9E12, 0xA633, 0x95F2, 0x95D2, 0x95D2, 0x95D2, 0x95D2, 0x95F2, 0x95F2, 0x3246, 0xB3A6, 0xB3C7,
    0xB3A6, 0xBC07, 0xC428, 0xA305, 0x9AE5, 0xAB66, 0xBBE7, 0xE56B, 0xF6B1, 0xF66F, 0x4960, 0x8CEC,
    0xCF57, 0xFFFE, 0xE7BD, 0xF7DE, 0xF7DE, 0xFFDE, 0x9AC5, 0xBBC6, 0xFF13, 0x48E1, 0xEF7C, 0xF7DE,
    0xF7DE, 0xF7DD, 0xEFBC, 0xF7DE, 0xF7FD, 0xDF74, 0xD774, 0xA691, 0xCF92, 0xBBE6, 0xCC27, 0xC427,
    0xA324, 0xA325, 0x2964, 0x95D2, 0x95D2, 0x95F2, 0x95D2, 0x95F2, 0x7D10, 0x95D2, 0x95D2, 0x95D2,
    0x95F2, 0x95F2, 0x95D2, 0x95D2, 0x95F2, 0x9DD2, 0xA633, 0xA613, 0xA633, 0xA633, 0xA633, 0xA633,
    0xA613, 0xA633, 0x750F, 0xA633, 0xA633, 0xA633, 0xA613, 0xA613, 0xA613, 0xA633, 0xA613, 0x7D30,
    0x9DF3, 0x8530, 0x7D0F, 0x7CEF, 0x6223, 0x92E5, 0xAB45, 0xBBE6, 0xA344, 0xCC68, 0x4101, 0x92C4,
    0x71C2, 0x61A2, 0x30E1, 0x30C1, 0x9AC3, 0x0820, 0x5982, 0x7A03, 0x7A02, 0x0000, 0x0000, 0x0000,
    0x0000, 0x0000, 0x0000, 0x0000, 0x0000, 0x1040, 0x92A4, 0x9284, 0x8243, 0x8243, 0x8244, 0xAB66,
    0x7A22, 0xAB45, 0x9AE4, 0x6182, 0x7A02, 0xAB45, 0xA345, 0xA325, 0x0000, 0x8DD2, 0x95D2, 0x95D2,
    0x95D2, 0x7D30, 0xA633, 0xA633, 0xA633, 0xA613, 0xA613, 0xA613, 0xA613, 0xA613, 0x7D30, 0xA613,
    0xA613, 0xA613, 0xA613, 0xA613, 0xA613, 0xA613, 0xA613, 0xA633, 0xA612, 0x95D2, 0x8D91, 0x7CEF,
    0x7CEF, 0x7CEF, 0x7CEF, 0x646D, 0x53AB, 0xD591, 0xA307, 0xC510, 0xB3AA, 0xD5B2, 0xB285, 0xD367,
    0xC306, 0xC327, 0xC2C5, 0xD42A, 0xFF9B, 0xF77B, 0xDCEB, 0xE48B, 0xED8F, 0xA345, 0xAB65, 0xAB65,
    0xAB45, 0xA345, 0xBBA6, 0xA345, 0x5141, 0xAB86, 0xB386, 0x92C4, 0x8A83, 0xAB25, 0xBBC6, 0x9AC4,
    0xC407, 0xC3E7, 0xC407, 0xC407, 0xBBC6, 0xB3A6, 0xCC47, 0xE52A, 0xA325, 0xA304, 0xA325, 0xAB65,
    0x8A63, 0x8263, 0xA304, 0xA304, 0x92C4, 0x7A43, 0x7A23, 0xA633, 0x8571, 0xA613, 0xA613, 0xA613,
    0xA613, 0xA613, 0xA613, 0xA633, 0xA633, 0x9DF2, 0x95F2, 0x95D1, 0x4B09, 0x9AE4, 0x9AE4, 0xAB25,
    0xAB44, 0x9284, 0x9AC4, 0x9284, 0x9AC4, 0x2984, 0x8550, 0x9E12, 0x9E13, 0x9E13, 0x9E13, 0x9DF2,
    0x9DF3, 0xA653, 0x95F2, 0x95F2, 0x95D2, 0x95D2, 0x95F2, 0x95F2, 0x95F2, 0x3246, 0xB3A7, 0xBBC7,
    0xB3A7, 0xBBE7, 0xC407, 0x9AE5, 0x8284, 0xA305, 0xAB86, 0xA325, 0xB386, 0xC3E7, 0xB386, 0xEDAE,
    0xF60F, 0xB408, 0xAD32, 0xF7DE, 0xF7BE, 0xFFFF, 0x9AE5, 0xC3E7, 0xFEF2, 0x48E0, 0xF7BE, 0xFFDE,
    0xFFFF, 0xF7DD, 0xF7FD, 0xBF12, 0xDF93, 0xCF33, 0xBEF1, 0xA690, 0xA670, 0xFE0E, 0xCC48, 0xCC48,
    0xDCE9, 0xAB45, 0x7A43, 0x95F2, 0x95F2, 0x95F2, 0x95D2, 0x95F2, 0x7D30, 0x95D2, 0x95D2, 0x95F2,
    0x95F2, 0x95F2, 0x95F2, 0x95D2, 0x95F2, 0x95B1, 0xA613, 0xA613, 0xA613, 0xA633, 0xA613, 0xA633,
    0xA633, 0xA633, 0x74EF, 0xA633, 0xA633, 0xA613, 0xA613, 0xA613, 0xA613, 0xA613, 0xA613, 0x7D30,
    0x9DF2, 0x9DF2, 0x8550, 0x8D71, 0x7C8E, 0xAB45, 0xAB45, 0xA345, 0xA345, 0x7A23, 0x2880, 0x92A4,
    0x92A4, 0x7A23, 0x9AC4, 0x8263, 0x7A03, 0x7A23, 0x7A23, 0x9284, 0x8A63, 0x0000, 0x0000, 0x0000,
    0x0000, 0x0000, 0x0000, 0x0000, 0x0000, 0x1840, 0x92A4, 0x9284, 0x8A63, 0x8A64, 0x9284, 0xAB66,
    0x7A23, 0xAB66, 0x9B04, 0x69A2, 0x79E2, 0xAB25, 0xA324, 0xAB45, 0x8D90, 0x95D2, 0x95F2, 0x95D2,
    0x95D2, 0x7D10, 0xA613, 0xA633, 0xA613, 0xA613, 0xA613, 0xA613, 0xA613, 0xA633, 0x7D30, 0x9E12,
    0xA613, 0xA613, 0xA613, 0xA613, 0xA613, 0xA613, 0xA613, 0xAE54, 0xA633, 0x95D2, 0x8D91, 0x74CF,
    0x7CEF, 0x7CEF, 0x84EF, 0x1122, 0x3901, 0x3080, 0xA285, 0xA285, 0xBC0C, 0xCDB3, 0xBBA9, 0xEE76,
    0xE676, 0xD46C, 0xDC6A, 0xF717, 0xE590, 0xE612, 0xFFDC, 0xFF38, 0xDB87, 0xA325, 0xA345, 0xBBC7,
    0x8243, 0x8A63, 0x9AE4, 0xC3E6, 0xA325, 0xAB66, 0xC3E7, 0xBBC6, 0xDCC9, 0xCC27, 0xBBC7, 0xC3E7,
    0xCC07, 0xCC27, 0xCC27, 0xD489, 0xFE2C, 0xA304, 0xAB66, 0xA304, 0x9AC4, 0x9AE4, 0x9B04, 0xAB65,
    0xB386, 0xA325, 0xA304, 0x92A3, 0xAB45, 0xA304, 0xDCA7, 0x9E12, 0x7D50, 0xA613, 0xA613, 0xA613,
    0xA613, 0xA613, 0xA633, 0xA633, 0xA633, 0x9DF2, 0x95D2, 0x95D2, 0x534A, 0xA325, 0x9AE4, 0xA2E4,
    0xAB45, 0x92A4, 0x9AC4, 0x92A4, 0x9AC4, 0x2164, 0x8550, 0x9E12, 0x9E13, 0x9E13, 0x9E13, 0x9E13,
    0x9E12, 0xA633, 0x95F2, 0x95D2, 0x95D2, 0x95F2, 0x95F2, 0x95F2, 0x9DF2, 0x3247, 0xB3C7, 0xB3C7,
    0xB3A7, 0xBBE7, 0xBBE7, 0x9B06, 0x8264, 0x2040, 0xA325, 0xA325, 0xA305, 0xAB25, 0xAB66, 0xB3A7,
    0xBBE7, 0xCC68, 0xFED2, 0xFE70, 0xE54C, 0x5A67, 0x9B05, 0xAB86, 0xF6B1, 0x5121, 0xFFBE, 0xDF78,
    0xD775, 0xD775, 0xCF54, 0xCF54, 0xCF53, 0xCF33, 0xA690, 0xA690, 0x9E90, 0x20A1, 0xC447, 0xCC68,
    0xD488, 0x92A4, 0x92E5, 0x852F, 0x95D2, 0x95F2, 0x95D2, 0x95F2, 0x7D30, 0x95D2, 0x95D2, 0x95D2,
    0x95F2, 0x95F2, 0x95F2, 0x95F2, 0x95F2, 0x95D2, 0xA613, 0xA613, 0xA613, 0xA613, 0xA633, 0xA633,
    0xA633, 0xA633, 0x74EF, 0xA633, 0xA613, 0xA633, 0xA633, 0xA613, 0xA633, 0x9E13, 0x9E13, 0x74EF,
    0x95D2, 0x95F2, 0x95F2, 0x95F2, 0x74CF, 0xA304, 0xAB65, 0xAB66, 0xA325, 0x7A23, 0x30A0, 0x9AE4,
    0xAB66, 0x8A64, 0xB385, 0x9283, 0x7A23, 0x8A64, 0x8A64, 0x8A64, 0x9283, 0x0000, 0x0000, 0x0000,
    0x0000, 0x0000, 0x0000, 0x0000, 0x0000, 0x1860, 0x9284, 0x92A4, 0x9284, 0x92A4, 0x9284, 0xB386,
    0x9284, 0xBBA6, 0xAB25, 0x7223, 0x71E1, 0xB365, 0x1000, 0x74CE, 0x95F2, 0x95D2, 0x95D2, 0x95D2,
    0x95D2, 0x7D30, 0xA633, 0xA613, 0xA613, 0xA613, 0xA613, 0xA613, 0xA613, 0xA633, 0x7D30, 0xA613,
    0xA613, 0xA613, 0xA613, 0xA613, 0xA613, 0xA613, 0xA613, 0xAE74, 0xA613, 0x95D2, 0x8D71, 0x3AA8,
    0x0000, 0x8AA5, 0x8AA4, 0x8A84, 0x8243, 0x4102, 0xA265, 0xAA65, 0xC48D, 0xCD51, 0xAB68, 0xC3C9,
    0xE696, 0xE58F, 0xD48B, 0xD4EC, 0xEEF7, 0xE56F, 0xD3E9, 0xE409, 0xF4E9, 0x6181, 0xB3A6, 0xC3E7,
    0xB366, 0xAB66, 0xC3E7, 0xC407, 0xDC88, 0xCC27, 0xCC07, 0xD448, 0xE4E9, 0xDCC9, 0xBBA6, 0xCC27,
    0xFDEB, 0xB386, 0xA305, 0xAB65, 0x8263, 0x9AE4, 0x92C4, 0x9AE4, 0xA325, 0x9B05, 0xA325, 0x7A43,
    0x92E4, 0x9B04, 0xA325, 0xA345, 0x69A2, 0x0000, 0xA634, 0xA633, 0x8571, 0xA613, 0xA613, 0xA613,
    0xA613, 0xA613, 0xA613, 0xA613, 0xA633, 0x9DF2, 0x95D2, 0x8D91, 0x5B6A, 0xA325, 0xA325, 0x9AE4,
    0xAB44, 0x9AA4, 0x9AC4, 0x9284, 0x9AC4, 0x2943, 0x9591, 0x9E13, 0x9E13, 0x9E13, 0x9E13, 0x9DF2,
    0x9E12, 0xA633, 0x95F2, 0x95D2, 0x95F2, 0x95D2, 0x95F2, 0x9DF2, 0x9DF2, 0x3AA7, 0xBBC7, 0xB386,
    0xB386, 0xB3A6, 0xAB66, 0xB3A7, 0x9B25, 0xDCEB, 0xAEB2, 0xAED1, 0x5367, 0x4121, 0xB3A6, 0xB366,
    0xBBA6, 0xAB45, 0xAB65, 0xBBC6, 0xC407, 0xB365, 0x8AC4, 0xB3A6, 0xF691, 0x5121, 0xFFFF, 0xD775,
    0xD753, 0xAED2, 0xAED2, 0xB6F2, 0xA6B1, 0xBEF2, 0xA690, 0x962F, 0x962F, 0x8D6D, 0xC407, 0xCC68,
    0xCC47, 0xA325, 0xA325, 0x8550, 0x95D2, 0x95D2, 0x95D2, 0x95F2, 0x7D30, 0x95D2, 0x95D2, 0x95D2,
    0x95F2, 0x95D2, 0x95D2, 0x95F2, 0x95F2, 0x95D2, 0xA613, 0xA613, 0xA613, 0xA633, 0xA613, 0xA613,
    0xA633, 0xA613, 0x750F, 0xA633, 0xA633, 0xA633, 0xA613, 0xA633, 0xA613, 0xA613, 0xA633, 0x74CF,
    0x95F2, 0x95F2, 0x9E12, 0x95F3, 0x8550, 0x29A5, 0xAB45, 0xAB65, 0xA325, 0x7A23, 0x38C1, 0xAB45,
    0xB386, 0x92C4, 0xB365, 0xB345, 0x9284, 0x9284, 0x8A64, 0x92A4, 0x92A4, 0x0000, 0x0000, 0x0000,
    0x0000, 0x0000, 0x0000, 0x0000, 0x0000, 0x1860, 0x9283, 0x9284, 0x92A4, 0x92A4, 0x9284, 0xB386,
    0x92A4, 0xB386, 0xA2E4, 0x8AA4, 0x7A23, 0x2A05, 0x74CE, 0x74CF, 0x95F2, 0x95D2, 0x95D2, 0x95D2,
    0x95D2, 0x7510, 0xA613, 0xA613, 0xA613, 0xA613, 0xA613, 0xA613, 0xA613, 0xA633, 0x7D30, 0xA613,
    0xA613, 0xA613, 0xA613, 0xA613, 0xA633, 0xA613, 0xAE54, 0x95D2, 0x1924, 0x69E3, 0xA325, 0xAB45,
    0x9B05, 0x92A4, 0x8A84, 0x8284, 0x7A23, 0x28E1, 0x9A03, 0x91C3, 0x89C3, 0xB2A5, 0xBAA5, 0xBAE6,
    0xCB27, 0xCAE6, 0xC306, 0xD387, 0xDBA7, 0xAAC6, 0xE3E9, 0xDBA8, 0x0000, 0xAB45, 0xAB66, 0xD468,
    0xD448, 0xBBC6, 0xBBC6, 0xC407, 0xCC07, 0xC3E7, 0xC407, 0xC407, 0xFDEC, 0xD4A9, 0x9AE4, 0xA325,
    0xA325, 0x92C4, 0x92A3, 0xA305, 0xA345, 0xAB45, 0xA345, 0x9AE4, 0xA325, 0xAB45, 0xAB65, 0xAB65,
    0x8243, 0x4921, 0x0000, 0x9DD2, 0x9E12, 0xA612, 0xA613, 0xA613, 0x8571, 0xA613, 0xA613, 0xA613,
    0xA613, 0xA613, 0x9E13, 0xA613, 0xA633, 0x95D2, 0x95D2, 0x95B1, 0x534A, 0xA325, 0xA325, 0x9AE5,
    0xAB44, 0x92A4, 0x9AC4, 0x9AC4, 0x9AC4, 0x2984, 0x8D91, 0x9E12, 0x9E13, 0x9E13, 0x9E13, 0x9DF2,
    0x9E12, 0xA633, 0x95F2, 0x95D2, 0x95D2, 0x95D2, 0x9DF2, 0x9DF2, 0x9DF2, 0x42A8, 0xB3C7, 0xB3A6,
    0xB3A6, 0xB3A6, 0xAB66, 0xB3A6, 0xAB66, 0xCC48, 0x52C5, 0xAED1, 0xB6F2, 0xB6F2, 0xBEF1, 0xAE4F,
    0x1840, 0x38A1, 0xA325, 0xB386, 0xB386, 0xAB66, 0xAB86, 0xB3A6, 0xBBC7, 0xF5CE, 0xFEF4, 0xCCAA,
    0x6A23, 0xC734, 0xAEB2, 0xA6B1, 0xA691, 0xA691, 0x962F, 0x962F, 0x962F, 0xA6F2, 0xE50A, 0xCC48,
    0xCC27, 0x9AE4, 0xA325, 0x850F, 0x95F2, 0x95F2, 0x95F2, 0x95F2, 0x8550, 0x95D2, 0x95D2, 0x95F2,
    0x95D2, 0x95D2, 0x95F2, 0x95F2, 0x95D2, 0x95B2, 0xA613, 0xA613, 0xA633, 0xA633, 0xA613, 0xA633,
    0xA633, 0xA613, 0x7D10, 0xA633, 0xA633, 0xA613, 0xA633, 0xA633, 0xA613, 0xA633, 0xA633, 0x7D50,
    0x95D2, 0x9DF2, 0x9DF2, 0x95F2, 0x95F2, 0x74EF, 0x42C8, 0x9B25, 0xB3A6, 0x7A02, 0x8263, 0xAB25,
    0xB386, 0x8A83, 0xAB65, 0x9AC4, 0x92A4, 0x8A64, 0x8A43, 0x9AA4, 0x9AA4, 0x0000, 0x0000, 0x0000,
    0x0000, 0x0000, 0x0000, 0x0000, 0x0020, 0x1860, 0x9AC4, 0x9284, 0x92A4, 0x92A4, 0x8A64, 0xB3A6,
    0x92A4, 0xB386, 0xA304, 0xAB66, 0x8A83, 0x29C5, 0x95D1, 0x95D2, 0x95D2, 0x95D2, 0x95D2, 0x95D2,
    0x95D2, 0x7D10, 0xA613, 0xA613, 0x9E13, 0x9E13, 0xA613, 0xA613, 0xA613, 0xA613, 0x7D30, 0xA613,
    0xA613, 0xA613, 0xA613, 0xA613, 0x850F, 0x28C1, 0xB3A7, 0xAB65, 0xBBA6, 0xAB45, 0xAB45, 0xAB45,
    0xA345, 0x9AE4, 0x8A84, 0x8263, 0x8243, 0x7A03, 0x99A2, 0xAA65, 0xAA85, 0xAA86, 0xAA65, 0xC2E6,
    0xCB26, 0xCB46, 0xCB67, 0xCB46, 0xD387, 0xDBA8, 0xDB87, 0x40A1, 0xAB45, 0x8284, 0xBBC7, 0xC407,
    0xD468, 0xD488, 0xC428, 0xC407, 0xDC88, 0xFE0C, 0xB3C6, 0xA325, 0x9B25, 0x9B25, 0x8AA4, 0xA325,
    0xA325, 0xA345, 0x92C4, 0xA325, 0xA345, 0xAB45, 0xA345, 0x9B05, 0x7A02, 0x69C2, 0x1020, 0x8243,
    0x92A3, 0x7CEF, 0xA613, 0xA633, 0xA613, 0xA613, 0xA613, 0xA613, 0x7D51, 0x9E12, 0xA612, 0xA613,
    0xA613, 0x9E13, 0x9E12, 0xA613, 0xA633, 0x95D2, 0x95D2, 0x95D2, 0x534A, 0xA345, 0xA325, 0x92C4,
    0xAB44, 0x9AA4, 0x9AC4, 0x9AE4, 0x9AA4, 0x2944, 0x8D91, 0x9E12, 0x9E12, 0x9DF2, 0x9E13, 0x9E12,
    0x9DF2, 0xA633, 0x95F2, 0x95D2, 0x95D2, 0x95D2, 0x9DF2, 0x9DF2, 0x9DF2, 0x74F0, 0xBBE7, 0xB386,
    0xB3A6, 0xB3A6, 0xBBE7, 0xBBE7, 0xDCE9, 0xB365, 0x9366, 0xAEF1, 0xB6F2, 0xB6F2, 0xBF12, 0xC732,
    0xBF31, 0xC753, 0xFFFF, 0x736C, 0x2060, 0xB3A6, 0xB3C7, 0xBBC7, 0xB3A6, 0xA305, 0xB3C7, 0xBBE7,
    0xE529, 0xFF74, 0xFF93, 0x8283, 0x59E2, 0xAEB1, 0x962F, 0x8E0F, 0x960F, 0x9E91, 0xED6A, 0xCC48,
    0xC428, 0xAB66, 0xA325, 0x2080, 0x95F2, 0x95F2, 0x95F2, 0x95F2, 0x8550, 0x95D2, 0x95D2, 0x95F2,
    0x95D2, 0x95D2, 0x95D2, 0x95D2, 0x95D2, 0x9DF3, 0xA613, 0xA633, 0xA613, 0xA613, 0xA633, 0xA633,
    0xA633, 0xA633, 0x750F, 0xA633, 0xA613, 0xA613, 0xA613, 0xA633, 0xA613, 0xA613, 0xA613, 0x7D30,
    0x95F2, 0x95F2, 0x95F2, 0x9DF2, 0x95F2, 0x7D0F, 0x7CEF, 0x6C6E, 0x2A05, 0x7A22, 0x92A4, 0xAB45,
    0xAB65, 0xB386, 0xB386, 0xBB85, 0x9284, 0x8A63, 0x92A4, 0x9AC4, 0x9AA4, 0x0000, 0x0000, 0x0000,
    0x0000, 0x0000, 0x0000, 0x0000, 0x0020, 0x1860, 0x9AC4, 0x92A4, 0x92A4, 0x92A4, 0x8A63, 0xAB66,
    0x92A4, 0xAB65, 0xAB45, 0xAB66, 0x9B04, 0x21A4, 0x95D2, 0x95D2, 0x95D2, 0x95D2, 0x95D2, 0x95D2,
    0x95D2, 0x7D30, 0xA613, 0xA613, 0xA613, 0x9E13, 0x9E13, 0xA613, 0xA613, 0xA613, 0x7D30, 0xA613,
    0xA613, 0xA613, 0xA613, 0x9E13, 0x0840, 0x9284, 0xC3C6, 0xB385, 0xB365, 0xB386, 0xC407, 0x9AE4,
    0xAB45, 0xA345, 0x9AE5, 0x92A4, 0x92C4, 0x8A84, 0x61C2, 0x71A2, 0x91E3, 0xB285, 0xAA85, 0xBAE6,
    0xC306, 0xC306, 0xCB47, 0xD346, 0xD346, 0xC2C5, 0x5142, 0x92A4, 0xAB65, 0xC3E7, 0xC3E7, 0xBBA6,
    0xBBE7, 0xCC27, 0xFDCC, 0x9B05, 0xA345, 0xA325, 0x92E4, 0x9AE4, 0xA345, 0xA325, 0x9B04, 0x92A3,
    0xA345, 0xA345, 0xA325, 0xA345, 0xA345, 0x8222, 0x6A03, 0x0000, 0x5141, 0x69C2, 0x71E2, 0xAB25,
    0xBBA7, 0x7D0F, 0xA633, 0xA613, 0xA613, 0xA613, 0xA613, 0xA613, 0x8550, 0x9E13, 0xA613, 0xA613,
    0xA613, 0xA613, 0xA613, 0xA613, 0xA613, 0x95D2, 0x95D2, 0x95D2, 0x534A, 0xAB45, 0xAB25, 0x92A4,
    0xAB45, 0x9284, 0x9AE4, 0x9AC4, 0x9AC4, 0x2984, 0x8D50, 0x9DF2, 0x9DF2, 0x9E13, 0x9DF2, 0x9DF2,
    0x9DF2, 0xA633, 0x95F2, 0x95D2, 0x95F2, 0x95F2, 0x9DF2, 0x9DF2, 0x9DF2, 0x7D10, 0xBBE6, 0xB3A6,
    0xB3A7, 0xED4B, 0xBBE7, 0xE52B, 0xD4CA, 0xAB86, 0xCCEA, 0xAEF2, 0xB6F2, 0xB712, 0xB6F2, 0xBF33,
    0xBF32, 0xBF32, 0xA691, 0xEFBD, 0xEFBD, 0xDF9C, 0xA346, 0xA325, 0x82A4, 0xB386, 0xB3A6, 0xB3A6,
    0xB386, 0xBBC6, 0xC427, 0xCC27, 0xFFB7, 0xEE0E, 0x9B46, 0x3961, 0x9E91, 0x95EF, 0x6A24, 0xC427,
    0xC427, 0xBBC6, 0xA305, 0x2060, 0x95F2, 0x9DF2, 0x95F2, 0x95F2, 0x7D30, 0x95D2, 0x95F2, 0x95F2,
    0x95D2, 0x95F2, 0x95D2, 0x95D2, 0x95D2, 0x95D2, 0xA613, 0xA613, 0xA613, 0xA633, 0xA613, 0xA613,
    0xA633, 0xA613, 0x7D10, 0xA633, 0xA613, 0xA633, 0xA633, 0xA633, 0xA613, 0xA613, 0xA613, 0x7D10,
    0x95F2, 0x95F2, 0x95F2, 0x95F2, 0x95D2, 0x95F2, 0x7D0F, 0x7CEF, 0x29E5, 0xA305, 0xA305, 0xAB65,
    0xAB66, 0xAB65, 0xB386, 0xBB85, 0x9284, 0x9263, 0x9AC4, 0x9AA4, 0x9AC4, 0x0000, 0x0000, 0x0000,
    0x0000, 0x0000, 0x0000, 0x0000, 0x0000, 0x1860, 0x9AC4, 0x92A4, 0x92A4, 0x92A4, 0x8A63, 0xB366,
    0x92A4, 0xAB65, 0xAB45, 0xAB66, 0xA325, 0x21A4, 0x95D2, 0x95F2, 0x8DB2, 0x95D2, 0x95D2, 0x95D2,
    0x95D2, 0x7D30, 0xA613, 0xA613, 0xA613, 0x9E13, 0xA613, 0xA613, 0xA613, 0xA613, 0x7D30, 0x9E13,
    0xA613, 0xA613, 0x9E13, 0x8530, 0x0820, 0x8223, 0x7A03, 0x69A3, 0xD467, 0xA324, 0x9AE4, 0xA325,
    0xAB65, 0xC3E6, 0x7A64, 0x69E2, 0x9AE4, 0x9B05, 0x8A84, 0x7203, 0x8243, 0x0000, 0x1040, 0x6962,
    0x6962, 0x7182, 0x6142, 0x0000, 0x61C3, 0x8AA4, 0x92A4, 0xCC07, 0xCC07, 0xCC27, 0xED6B, 0xED8C,
    0xA325, 0xA345, 0xA325, 0x9B04, 0x9AE4, 0xA325, 0xA345, 0xA345, 0xA325, 0xA345, 0xA345, 0xA325,
    0xA345, 0x92E4, 0x69C3, 0x0820, 0x5BCC, 0x0861, 0x6982, 0x6982, 0x5141, 0x92A4, 0x9AE4, 0x82A4,
    0x5B8A, 0x7D0F, 0xA633, 0xA613, 0xA633, 0xA613, 0xA613, 0xA613, 0x8550, 0xA613, 0x9E12, 0x9E13,
    0xA613, 0xA613, 0xA613, 0xA613, 0xA633, 0x95D2, 0x95D2, 0x95B1, 0x532A, 0xAB25, 0xA325, 0x9AC4,
    0xAB45, 0x9264, 0x9AE5, 0x92A4, 0x9AC4, 0x2984, 0x8550, 0x9DF2, 0x9DF2, 0x9E12, 0x9DF2, 0x9DF2,
    0x9DF2, 0xA613, 0x95F2, 0x95D2, 0x95F2, 0x95F2, 0x95F2, 0x9DF2, 0x9DF2, 0x8D91, 0x6A04, 0xB3A6,
    0xAB65, 0xC407, 0xBC07, 0xE54B, 0xE54B, 0x7A23, 0xED8D, 0x6C4A, 0x9E71, 0xAED2, 0x9671, 0x9671,
    0x9671, 0x9E70, 0xF7DC, 0xF7DE, 0xCF7B, 0xCF7B, 0x9B06, 0xAB66, 0x9AE4, 0x4901, 0x1000, 0xB386,
    0xBBC6, 0xBBC6, 0xB3A6, 0xBBA6, 0xBBE7, 0xBBC7, 0xC407, 0xDD0B, 0xFE4E, 0xED4B, 0x7264, 0xCC48,
    0xC427, 0xBBC6, 0x9AE4, 0x1860, 0x95F2, 0x95F2, 0x9DF2, 0x95F2, 0x8550, 0x95D2, 0x95F2, 0x95D2,
    0x95F2, 0x95D2, 0x95D2, 0x95D2, 0x95D2, 0x95D2, 0xA613, 0xA613, 0xA613, 0xA613, 0xA613, 0xA633,
    0xA613, 0xA613, 0x750F, 0xA633, 0xA633, 0xA633, 0xA633, 0xA633, 0xA613, 0xA613, 0xA633, 0x7D10,
    0x95F2, 0x95F2, 0x95F2, 0x95F2, 0x95D2, 0x95F2, 0x95F2, 0x74EF, 0x21C5, 0xAB45, 0xA305, 0xAB66,
    0xAB66, 0xAB65, 0xAB66, 0xBB85, 0x9AA4, 0x92A4, 0x9AC4, 0x9AA4, 0x92A4, 0x0000, 0x0000, 0x0000,
    0x0000, 0x0000, 0x0000, 0x0000, 0x0000, 0x1860, 0x9AC4, 0x92A4, 0x92A4, 0x92A4, 0x8A64, 0xB386,
    0xA305, 0xAB66, 0xB365, 0xAB45, 0xA345, 0x21A4, 0x95D2, 0x95F2, 0x95D2, 0x95D2, 0x95D2, 0x95D2,
    0x95D2, 0x7D30, 0xA613, 0xA613, 0xA613, 0x9E13, 0xA613, 0xA613, 0xA633, 0xA633, 0x8550, 0xA613,
    0xA613, 0xA613, 0x9DF2, 0x8530, 0x0800, 0x7A03, 0x8223, 0x8223, 0x7A03, 0x71E3, 0x5141, 0x38A0,
    0xC426, 0xC407, 0xB3A6, 0xA345, 0xB3A6, 0xAB65, 0x92C4, 0x9AE5, 0x9AE4, 0xBBA6, 0x7A23, 0x8243,
    0x92A4, 0x92E5, 0x8284, 0xBBC7, 0xCC48, 0xB3C6, 0xDCC8, 0xFE0B, 0xAB44, 0xAB24, 0xA325, 0x9AE4,
    0xA345, 0xA325, 0xA325, 0x9AE4, 0xB385, 0xB3A6, 0xA345, 0xA325, 0xA345, 0xA325, 0x92A4, 0x71E2,
    0x0000, 0x7CEF, 0x6C8E, 0x644D, 0x74AE, 0x74AE, 0x748E, 0x5349, 0x30E1, 0x638A, 0x8D70, 0x8550,
    0x8530, 0x850F, 0xA613, 0xA613, 0xA613, 0xA613, 0xA613, 0xA613, 0x8571, 0xA613, 0xA613, 0xA613,
    0xA613, 0xA613, 0xA613, 0xA613, 0xA613, 0x95B1, 0x95D2, 0x95B2, 0x42E9, 0xAB25, 0xA325, 0xA325,
    0xAB65, 0x9284, 0x9AE4, 0x92A4, 0x9AC5, 0x31A4, 0x8D50, 0x9DF2, 0x9DF2, 0x9E12, 0x9DF2, 0x9DF2,
    0x9DF2, 0xA613, 0x95F2, 0x95F2, 0x95F2, 0x95F2, 0x95F2, 0x9DF2, 0x95F2, 0x8DB2, 0x3A47, 0xB3A6,
    0xB386, 0xB386, 0xDD2A, 0xE56B, 0xE56B, 0xE56B, 0xC448, 0x9BC7, 0xA691, 0xCF33, 0xD773, 0x9671,
    0xCF72, 0xCF52, 0xF7FC, 0xCFBA, 0xC75A, 0xBF59, 0x92C5, 0xB3A6, 0xBC07, 0x5161, 0xFFDF, 0xB713,
    0xA6B2, 0x8D8E, 0x5162, 0x9B05, 0xB3A6, 0xB386, 0xBBC7, 0xC3E7, 0xC407, 0xBBE7, 0x7A84, 0xCC48,
    0xCC48, 0xBBC6, 0x9AE4, 0x1840, 0x9DF2, 0x9DF2, 0x9DF2, 0x95F2, 0x7D50, 0x95D2, 0x95F2, 0x95D2,
    0x95F2, 0x95F2, 0x95D2, 0x95D2, 0x95D2, 0x9DF2, 0xA613, 0xA613, 0xA613, 0xA613, 0xA633, 0xA613,
    0xA613, 0xA613, 0x750F, 0xA633, 0xA633, 0xA633, 0xA633, 0xA613, 0xA633, 0xA613, 0xA633, 0x7D10,
    0x95D2, 0x95F2, 0x95F2, 0x95F2, 0x95D2, 0x95F2, 0x95D2, 0x95D2, 0x21A4, 0xAB45, 0xA305, 0xAB65,
    0xAB65, 0xAB45, 0xAB66, 0xBB86, 0x9AA4, 0x92A4, 0x92A4, 0x9AA4, 0x92A4, 0x0000, 0x0000, 0x0000,
    0x0000, 0x0000, 0x0000, 0x0000, 0x0000, 0x1860, 0x9AC4, 0x92A4, 0x92A4, 0x92A4, 0x8A64, 0xB386,
    0xA305, 0xAB66, 0xB385, 0xAB45, 0xAB45, 0x21A4, 0x95D2, 0x95D2, 0x95F2, 0x95D2, 0x95D2, 0x95D2,
    0x95D2, 0x750F, 0xA613, 0xA613, 0xA613, 0xA633, 0xA613, 0xA633, 0xA613, 0xA633, 0x7D50, 0x9E13,
    0x9E13, 0x9E12, 0x95D2, 0x8530, 0x0820, 0x8223, 0x7A23, 0x79E3, 0x71E2, 0x71E3, 0x30A0, 0x8243,
    0x8A62, 0xF58B, 0x8244, 0xAB65, 0xA325, 0xB3A6, 0xDCA8, 0x71E2, 0xC407, 0xBBA6, 0xB385, 0xBBC6,
    0xC3E6, 0xCC27, 0xD448, 0xFE2D, 0xB3A6, 0xA325, 0x9B05, 0x9B04, 0x8A83, 0xA325, 0xA325, 0xA325,
    0x9B04, 0xA345, 0xA345, 0xA345, 0xA345, 0xA325, 0xAB66, 0x8A84, 0x0000, 0x4B2A, 0x7CEE, 0x74AE,
    0x74AE, 0x74AE, 0x6C6D, 0x642D, 0x74AE, 0x74AE, 0x74AE, 0x74CE, 0x74CF, 0x7CEE, 0x8550, 0x8550,
    0x8530, 0x8D50, 0xA633, 0xA613, 0xA613, 0xA613, 0xA613, 0xA613, 0x7D30, 0xA613, 0x9E13, 0xA613,
    0xA613, 0xA613, 0xA613, 0xA613, 0x9DF3, 0x8D71, 0x95D2, 0x8D91, 0x42E9, 0xAB25, 0xA325, 0xA325,
    0xAB45, 0x9264, 0x9AE4, 0x92A4, 0x9AC5, 0x31A4, 0x8D70, 0x9DF2, 0x9DF2, 0x9DF2, 0x9DF2, 0x9DF2,
    0x9DF2, 0xA613, 0x9DF2, 0x95F2, 0x95F2, 0x95F2, 0x95F2, 0x95F2, 0x9DF2, 0x8571, 0x95D2, 0xAB86,
    0xB386, 0xB386, 0xEDCE, 0xE58C, 0xE5AC, 0xE56C, 0x9284, 0xF62E, 0xB6B1, 0xB6F1, 0xCF32, 0xA691,
    0xB712, 0xC732, 0x9EB1, 0xA6B1, 0xB716, 0x9ED3, 0x9B05, 0xB3A6, 0xE52B, 0x5141, 0xEFBC, 0xB6F2,
    0x9E71, 0xA6B1, 0xB6D2, 0xA6B2, 0x9E91, 0x0000, 0x69C2, 0xD489, 0xB386, 0x9AE5, 0x6A24, 0xCC27,
    0xCC48, 0xC3E6, 0xA325, 0x1020, 0x9DF2, 0x9DF2, 0x9DF2, 0x9DF2, 0x8550, 0x95D2, 0x95D2, 0x95D2,
    0x95F2, 0x95D2, 0x95F2, 0x95D2, 0x95D2, 0x95D1, 0xA633, 0xA613, 0xA613, 0xA633, 0xA613, 0xA633,
    0xA633, 0xA633, 0x750F, 0xA633, 0xA633, 0xA613, 0xA613, 0xA613, 0xA613, 0xA613, 0xA633, 0x7D30,
    0x95F2, 0x9DF2, 0x9DF2, 0x95F2, 0x95D2, 0x95D2, 0x95D2, 0x95D2, 0x2184, 0xAB45, 0xA305, 0xAB45,
    0xAB45, 0xAB45, 0xAB66, 0xBB86, 0x9AA4, 0x9284, 0x9AC4, 0x9AA4, 0x92A4, 0x0000, 0x0000, 0x0000,
    0x0000, 0x0000, 0x0000, 0x0000, 0x0000, 0x1860, 0x9AA4, 0x9284, 0x92A4, 0x9284, 0x8A63, 0xB386,
    0xA325, 0xAB66, 0xBBA6, 0xAB25, 0xAB45, 0x21C4, 0x95D2, 0x95D2, 0x95D2, 0x95D2, 0x95D2, 0x95D2,
    0x95D2, 0x750F, 0xA613, 0xA613, 0xA613, 0xA613, 0xA613, 0xA613, 0xA633, 0xA633, 0x7D50, 0xA613,
    0xA613, 0x95F2, 0x95F2, 0x8530, 0x1040, 0x7A03, 0x61A2, 0x5961, 0x7A03, 0x7A23, 0x3080, 0x8A43,
    0x7A23, 0x7A23, 0x79E3, 0x4101, 0xAB04, 0xCC06, 0xBBA6, 0xBB86, 0xBBA6, 0xBBC6, 0xBBE7, 0xED4A,
    0xC427, 0x9AE4, 0xA325, 0xA325, 0x9B04, 0x9B04, 0xA325, 0xA304, 0xA304, 0x9AE4, 0xA345, 0xA325,
    0xA345, 0xAB45, 0xAB65, 0x69C2, 0x38A0, 0x0000, 0x74CE, 0x748D, 0x74AE, 0x748E, 0x748E, 0x748E,
    0x74AE, 0x74AE, 0x74AE, 0x6C6D, 0x74AE, 0x74AE, 0x7CCE, 0x74AE, 0x7CAE, 0x7CEF, 0x852F, 0x8D91,
    0xA633, 0xA633, 0xA613, 0xA613, 0xA613, 0xA613, 0xA613, 0xA613, 0x7D50, 0x9E13, 0x9DF2, 0xA613,
    0xA613, 0x9E12, 0xA613, 0x9DF2, 0xA613, 0x8D91, 0x95B1, 0x8D91, 0x5349, 0xA325, 0xA305, 0xA305,
    0xA304, 0x8A64, 0xA2E4, 0x92A3, 0x9AC4, 0x31A4, 0x8550, 0x9DF2, 0x9DF2, 0x9DF2, 0x9DF2, 0x9DF2,
    0x9E12, 0xAE53, 0x95F2, 0x95D2, 0x95F2, 0x95F2, 0x95F2, 0x95F2, 0x95F2, 0x8DB2, 0x9E13, 0x5982,
    0xBBA6, 0xB3A6, 0xB386, 0xE58C, 0xE5AC, 0xE58C, 0xDD2B, 0xD4CA, 0x8387, 0x9E71, 0xAED1, 0x9EB1,
    0x9E91, 0xC733, 0xC732, 0xA6B0, 0xA691, 0x9E91, 0x9B05, 0xC3E7, 0xF630, 0x4100, 0xAEF2, 0xB6F2,
    0x9E92, 0xA6B2, 0xBEF2, 0xA6B2, 0x9631, 0x9610, 0x9630, 0x8DEF, 0xA690, 0x2901, 0x6A44, 0xCC48,
    0xC407, 0xBBE6, 0xA325, 0x1020, 0x9DF2, 0x9DF2, 0x9DF2, 0x9DF2, 0x8550, 0x95D2, 0x95D2, 0x95F2,
    0x95F2, 0x95F2, 0x95D2, 0x95F2, 0x95D2, 0x95D2, 0xA613, 0xA613, 0xA613, 0xA613, 0xA633, 0xA633,
    0xA633, 0xA613, 0x7510, 0xA613, 0xA613, 0xA613, 0xA613, 0xA613, 0xA613, 0xA613, 0xA633, 0x7D30,
    0x9DF2, 0x9DF2, 0x9DF2, 0x95D2, 0x95D2, 0x95F2, 0x95D2, 0x95F2, 0x21A4, 0xAB45, 0x9AE4, 0xAB45,
    0xAB46, 0xA325, 0xAB66, 0xBB86, 0x92A4, 0x9AA4, 0x9AC4, 0x9AC4, 0x92A4, 0x0000, 0x0000, 0x0000,
    0x0000, 0x0000, 0x0000, 0x0000, 0x0000, 0x1860, 0x9AA4, 0x9284, 0x9284, 0x92A4, 0x8A63, 0xB386,
    0xA325, 0xAB66, 0xBBC6, 0xAB25, 0xAB65, 0x29E5, 0x95D2, 0x95D2, 0x95D2, 0x95D2, 0x95D2, 0x95D2,
    0x95D2, 0x7510, 0xA613, 0xA633, 0xA613, 0xA613, 0xA633, 0xA613, 0xA633, 0xA633, 0x7D50, 0xA613,
    0xA613, 0x95F2, 0x95D2, 0x7D30, 0x7CCF, 0x29A4, 0x8202, 0x79E2, 0x8243, 0x8223, 0x2880, 0x7A23,
    0x7A03, 0x7A03, 0x8223, 0x4921, 0x71C3, 0xC468, 0xCC07, 0xC407, 0xE4E8, 0xDCE9, 0xAB25, 0xAB25,
    0xA325, 0x8A63, 0x9B05, 0xA325, 0xA325, 0xA325, 0x92C4, 0xA345, 0xA325, 0xA345, 0xA325, 0xA345,
    0x8A63, 0x5942, 0x1924, 0x7CCF, 0x74AE, 0x6C6E, 0x6C8D, 0x748D, 0x748E, 0x748E, 0x74AE, 0x748E,
    0x74AE, 0x74AE, 0x74AE, 0x74AE, 0x74AE, 0x7CAE, 0x7CCF, 0x74AE, 0x95D2, 0x95F2, 0x95F2, 0x8D91,
    0xA633, 0xA613, 0xA613, 0xA613, 0xA613, 0xA613, 0xA613, 0xA633, 0x8550, 0x9E13, 0xA613, 0xA613,
    0x9E12, 0xA613, 0xA613, 0xA613, 0xA633, 0x8D91, 0x95B1, 0x95B1, 0x534A, 0xA325, 0xA305, 0xA305,
    0xA304, 0x8A64, 0xA305, 0x9AC4, 0x92A4, 0x31A4, 0x8550, 0x9DF2, 0x9E12, 0x9E13, 0x9E12, 0x9E13,
    0x9E13, 0xAE54, 0x95F2, 0x95D2, 0x95F2, 0x95D2, 0x95F2, 0x95F2, 0x95F2, 0x95B2, 0xA613, 0x2963,
    0xB386, 0xAB45, 0xAB45, 0xE56C, 0xEDCD, 0xE5AD, 0xE5AD, 0x8A63, 0xFF11, 0xAE72, 0x9E71, 0x9E71,
    0x9671, 0xCF32, 0xAED2, 0xA6B1, 0x9E70, 0xAE90, 0x9B05, 0xBBE7, 0xF64F, 0x4901, 0xBEF1, 0x9E91,
    0x9EB2, 0xA6B2, 0xA6B2, 0xA6B2, 0xA692, 0x9651, 0xAE92, 0xD774, 0x9E50, 0x9E50, 0xD4CA, 0xC407,
    0xC427, 0xC407, 0xA345, 0x1020, 0x9DF2, 0x9DF2, 0x9DF2, 0x9DF2, 0x8550, 0x95D2, 0x95F2, 0x95D2,
    0x95F2, 0x95F2, 0x95F2, 0x95F2, 0x95D2, 0x95D2, 0xA613, 0xA613, 0xA613, 0xA613, 0xA633, 0xA633,
    0xA633, 0xA633, 0x7D10, 0xA633, 0xA613, 0xA633, 0xA633, 0xA613, 0xA633, 0xA633, 0xA633, 0x7510,
    0x9DF2, 0x9DF2, 0x95F2, 0x95D2, 0x95D2, 0x95D2, 0x95F2, 0x95F2, 0x21A4, 0xAB45, 0xA2E4, 0xAB45,
    0xAB45, 0xA325, 0xAB66, 0xBBA6, 0x9AA4, 0x9AA4, 0x9AC4, 0x9AC4, 0x9AA4, 0x0000, 0x0000, 0x0000,
    0x0000, 0x0000, 0x0000, 0x0000, 0x0020, 0x1860, 0x9284, 0x9A84, 0x92A4, 0x92A4, 0x8A64, 0xB386,
    0xAB66, 0xAB66, 0xB365, 0xA304, 0xAB65, 0x29E5, 0x95D2, 0x95D2, 0x95D2, 0x95D2, 0x95D2, 0x95D2,
    0x95D2, 0x7510, 0xA613, 0xA633, 0xA613, 0xA613, 0xA613, 0xA613, 0xA613, 0xA633, 0x7D50, 0xA613,
    0x9DF2, 0x9DF2, 0x95D2, 0x8530, 0x8530, 0x6C8E, 0x644D, 0x63AB, 0x1040, 0x9283, 0x48E0, 0x8A64,
    0x7A23, 0x71E3, 0x7A03, 0x8243, 0x7A03, 0x79E3, 0x8223, 0xA325, 0xAB45, 0x92A4, 0x8243, 0xAB65,
    0xA304, 0xA325, 0x9B05, 0xA325, 0x9B04, 0xA325, 0xA325, 0xAB45, 0x92A4, 0x69C2, 0x0861, 0x4B4A,
    0x7CEE, 0x6C8D, 0x6C8D, 0x748D, 0x74AE, 0x748E, 0x74AE, 0x748E, 0x748E, 0x748E, 0x74AE, 0x748E,
    0x74AE, 0x748E, 0x748E, 0x7CEF, 0x8530, 0x95F2, 0x95D2, 0x95D2, 0x95D2, 0x95F2, 0x95F2, 0x95F2,
    0xA613, 0xA613, 0xA613, 0xA613, 0xA613, 0xA613, 0xA633, 0xA633, 0x8550, 0x9E13, 0xA613, 0xA613,
    0xA613, 0xA613, 0xA613, 0x9DF2, 0xA613, 0x8D91, 0x95B1, 0x8DB1, 0x5349, 0xA305, 0xA304, 0xA305,
    0xAB45, 0x9AA4, 0xA305, 0x92C4, 0x8A84, 0x39C5, 0x8D91, 0x9DF2, 0x9DF3, 0x9DF2, 0x9E13, 0x9DF2,
    0x9DF2, 0xA633, 0x95F2, 0x95D2, 0x95F2, 0x95F2, 0x95F2, 0x95F2, 0x95F2, 0x8D91, 0x9E13, 0x8530,
    0xAB46, 0xB386, 0xAB66, 0xB3C6, 0xEE0E, 0xF62E, 0xE5CD, 0xF60D, 0xAB24, 0xF712, 0x9692, 0x9E72,
    0x9E91, 0xA690, 0xB6F0, 0xC731, 0xCF52, 0xCF52, 0x9AC4, 0xB3A6, 0xF64F, 0x5121, 0xB6F2, 0xB712,
    0x9EB2, 0x9E92, 0x9E92, 0xA6B2, 0xEFDB, 0xDF94, 0xDF74, 0xDF73, 0xD773, 0x9DEE, 0xC448, 0xCC68,
    0xD468, 0xC406, 0x92C4, 0x63EB, 0x9DF2, 0x9DF2, 0x9DF2, 0x9DF2, 0x7D30, 0x95D2, 0x95D2, 0x95F2,
    0x95D2, 0x95D2, 0x95F2, 0x95F2, 0x95D2, 0x95D2, 0x9E13, 0xA613, 0xA613, 0xA613, 0xA633, 0xA633,
    0xA633, 0xA613, 0x74F0, 0xA613, 0xA633, 0xA613, 0xA633, 0xA633, 0xA633, 0xA613, 0xA633, 0x7510,
    0x9DF2, 0x9DF2, 0x9DF2, 0x95D2, 0x95D2, 0x95D2, 0x95D2, 0x95D2, 0x29C4, 0xAB44, 0xA305, 0xAB45,
    0xAB25, 0xB386, 0xB366, 0xC3E6, 0x9AA4, 0x9AA4, 0x9AA4, 0x9AC4, 0x9AA4, 0x0000, 0x0000, 0x0000,
    0x0000, 0x0000, 0x0000, 0x0000, 0x0000, 0x1860, 0x9284, 0x92A4, 0x92A4, 0x92A4, 0x8A63, 0xB386,
    0xB386, 0xAB66, 0xB386, 0xA2E4, 0xAB45, 0x2A05, 0x95D2, 0x95D2, 0x95D2, 0x95D2, 0x95D2, 0x95D2,
    0x95D2, 0x74EF, 0xA613, 0xA613, 0xA633, 0xA613, 0xA613, 0xA613, 0xA633, 0xA613, 0x7D30, 0x9DF2,
    0x95D2, 0x95D2, 0x95B2, 0x8530, 0x8530, 0x850F, 0x6C4D, 0x6C4D, 0x7A23, 0x7A03, 0x4101, 0x1020,
    0x69C2, 0x8223, 0x7A03, 0x8A43, 0x8243, 0x79E2, 0x8223, 0x8A83, 0x92C4, 0x92C3, 0xAB65, 0xA305,
    0x8A83, 0x8243, 0xA325, 0xA325, 0x9B04, 0x9284, 0x1020, 0x3226, 0x640C, 0x6C8D, 0x74AE, 0x642C,
    0x748E, 0x748E, 0x748E, 0x748E, 0x748E, 0x7CEF, 0x74AE, 0x6C8D, 0x748E, 0x74AE, 0x74AE, 0x74AE,
    0x748E, 0x8DB1, 0x8D91, 0xAE54, 0x95D2, 0x95D2, 0x95D2, 0x95D2, 0x95D2, 0x95D2, 0x95F2, 0x95F2,
    0xA613, 0xA613, 0xA613, 0xA613, 0xA613, 0xA633, 0xA633, 0xA633, 0x8550, 0x9E13, 0xA612, 0xA613,
    0xA613, 0x9E12, 0xA613, 0x9DF2, 0xA613, 0x95B1, 0x95D2, 0x8D91, 0x5329, 0xA305, 0xA305, 0xA2E4,
    0xA324, 0x9AA4, 0x9AA4, 0x9AC4, 0x9AC4, 0x2984, 0x8D91, 0x9E13, 0x9DF3, 0x9DF3, 0x9E13, 0x9DF2,
    0x9E12, 0xA653, 0x95F2, 0x95D2, 0x95F2, 0x95D2, 0x95F2, 0x95F2, 0x95F2, 0x8DB1, 0x9E12, 0x9E13,
    0x1903, 0xB386, 0xB386, 0xAB66, 0xEDCE, 0xE5AC, 0xE5AD, 0xE5AD, 0x92A4, 0xCC88, 0xAC4A, 0x9672,
    0x9672, 0x9651, 0xA6B1, 0xC751, 0xBF32, 0x9E92, 0x9AE5, 0xBBC6, 0xF690, 0x4900, 0xAED1, 0xAED1,
    0xB6D1, 0x9E91, 0xC734, 0xBEF2, 0xDF73, 0xBEF2, 0xBF12, 0xC712, 0xC732, 0x1880, 0xC428, 0xC427,
    0xCC48, 0x9B05, 0x92E5, 0x7CCE, 0x9DF2, 0x9DF2, 0x9DF2, 0x95F2, 0x8550, 0x95D2, 0x95F2, 0x95F2,
    0x95D2, 0x95D2, 0x95F2, 0x95F2, 0x95D2, 0x95D2, 0x9E13, 0xA613, 0x9E13, 0xA613, 0xA613, 0xA613,
    0xA613, 0xA613, 0x7510, 0xA613, 0xA613, 0xA633, 0xA633, 0xA633, 0xA633, 0xA633, 0xA633, 0x7D30,
    0x95F2, 0x9DF2, 0x9DF2, 0x95D2, 0x95D2, 0x95D2, 0x95D2, 0x95D2, 0x29C4, 0xB344, 0xA305, 0xAB65,
    0xAB25, 0xAB66, 0xAB66, 0xC3E6, 0x9AA4, 0x9AC4, 0x9AA4, 0x9AA4, 0x92A4, 0x0000, 0x0000, 0x0000,
    0x0000, 0x0000, 0x0000, 0x0000, 0x0020, 0x2080, 0x92A4, 0x92A4, 0x92A4, 0x92A4, 0x8A84, 0xB386,
    0xB386, 0xB366, 0xB366, 0xAB25, 0xA345, 0x2A05, 0x95D2, 0x95D2, 0x95D2, 0x95D2, 0x95D2, 0x95D2,
    0x95D2, 0x74EF, 0xA613, 0x9E13, 0xA633, 0xA613, 0xA613, 0xA613, 0xA613, 0xA633, 0x7D0F, 0x95D2,
    0x95F2, 0x95D2, 0x95D2, 0x8530, 0x8530, 0x8530, 0x8D50, 0x74AE, 0x7203, 0x71E3, 0x7203, 0x69A2,
    0x71C2, 0x38E1, 0x79E3, 0x8A83, 0x8223, 0x7A03, 0x8243, 0x9B04, 0x8A63, 0xA325, 0xA325, 0xAB45,
    0xB3C6, 0x9283, 0x7223, 0x0000, 0x7CCF, 0x74AE, 0x74CE, 0x74AE, 0x74AE, 0x74AE, 0x74AE, 0x644D,
    0x748E, 0x74AE, 0x7CEF, 0x7CEF, 0x7CEF, 0x7CEF, 0x74AE, 0x748E, 0x748E, 0x7CCE, 0x95B1, 0x8DB1,
    0x8DB1, 0x8DB1, 0x8DB1, 0x95D2, 0x95D2, 0x95D2, 0x95D2, 0x95D2, 0x95D2, 0x95D2, 0x95D2, 0x95F2,
    0xA633, 0xA613, 0xA613, 0xA613, 0xA633, 0xA613, 0xA633, 0xA613, 0x8550, 0x9E13, 0x9E12, 0x9E13,
    0xA612, 0xA613, 0x9E13, 0x9E13, 0x9DF2, 0x8DB1, 0x8D91, 0x8D91, 0x5349, 0xA305, 0xA304, 0x9AE4,
    0xA304, 0x9AC4, 0x92A4, 0x9AE4, 0x9AC4, 0x2964, 0x8550, 0x95D2, 0x9DF2, 0x95F2, 0x9E12, 0x9DF2,
    0x9DF2, 0xA612, 0x95D2, 0x95D2, 0x95D2, 0x95D2, 0x95D2, 0x95F2, 0x95F2, 0x8DB2, 0x9E13, 0x9E13,
    0x7D0F, 0xAB66, 0xAB45, 0xA304, 0xB386, 0xEDCD, 0xF64E, 0xEDED, 0xEDCD, 0x92A4, 0xDD2A, 0x7B06,
    0x9E93, 0x9E92, 0x9E91, 0xAEB0, 0x9670, 0x9671, 0x9AE5, 0xBBC6, 0xFED1, 0x48E0, 0x9671, 0x9671,
    0x9E92, 0xDF93, 0xDF73, 0xC732, 0xAED2, 0xC712, 0xAED2, 0xCF53, 0x9E71, 0xFEB0, 0xCC48, 0xCC48,
    0xCC27, 0x92E4, 0x92C4, 0x7CEE, 0x9DF2, 0x9DF2, 0x9DF2, 0x95F2, 0x8550, 0x95D2, 0x95F2, 0x95D2,
    0x95F2, 0x95F2, 0x95F2, 0x95F2, 0x95D2, 0x95B1, 0x9E13, 0x9E13, 0xA613, 0xA613, 0xA613, 0xA613,
    0xA633, 0x9E13, 0x7510, 0xA633, 0xA613, 0xA633, 0xA633, 0xA613, 0xA613, 0xA633, 0xA633, 0x7D30,
    0x9DF2, 0x9DF2, 0x9DF2, 0x95D2, 0x95D2, 0x95D2, 0x95D2, 0x95D2, 0x29C4, 0xB345, 0xB366, 0xAB65,
    0xB366, 0xAB66, 0xAB66, 0xC3E6, 0x9AC4, 0x9AC4, 0x9AC4, 0x9AA4, 0x92A4, 0x0000, 0x0000, 0x0000,
    0x0000, 0x0000, 0x0000, 0x0000, 0x0000, 0x2080, 0x92A4, 0x9284, 0x92A4, 0x92C4, 0x8A84, 0xB3A6,
    0xAB45, 0xAB65, 0xAB65, 0xAB25, 0xA365, 0x29E5, 0x95D2, 0x95D2, 0x95D2, 0x95D2, 0x95D2, 0x95D2,
    0x95D2, 0x74EF, 0xA613, 0xA613, 0xA613, 0xA613, 0xA613, 0xA613, 0xA633, 0xA633, 0x750F, 0x95D2,
    0x95F2, 0x95F2, 0x95B1, 0x8530, 0x8530, 0x8530, 0x8530, 0x74CE, 0x6C6E, 0x1020, 0x9AC4, 0x2080,
    0x3AA6, 0x7CCE, 0x7CEE, 0x0020, 0x5122, 0x69E3, 0x8223, 0xA304, 0xAB45, 0xA325, 0x7A23, 0x38E1,
    0x1840, 0x8263, 0x7A22, 0x3A67, 0x74AE, 0x74AE, 0x74AE, 0x74AE, 0x748E, 0x74AE, 0x74AE, 0x644D,
    0x7CEF, 0x7CEF, 0x84EF, 0x7CEF, 0x7CEF, 0x74CE, 0x7D0F, 0x95D1, 0x8D91, 0x8DB1, 0x8DB1, 0x8DB1,
    0x8DB1, 0x8DB1, 0x8DB1, 0x95D2, 0x95D2, 0x95D2, 0x95D2, 0x95D2, 0x95D2, 0x95D2, 0x95D2, 0x95F2,
    0xA633, 0xA613, 0xA613, 0xA613, 0xA613, 0xA613, 0xA613, 0xA613, 0x8550, 0xA613, 0x9DF2, 0xA613,
    0x9E12, 0xA613, 0x9E13, 0xA613, 0x9DF2, 0x95D2, 0x95B1, 0x8D91, 0x5329, 0x9B04, 0xA304, 0x9AE4,
    0xA324, 0x9AC4, 0x92A4, 0x9AC4, 0x9AC4, 0x2964, 0x7D30, 0x95F2, 0x95D2, 0x9DF2, 0x9E12, 0x9DF2,
    0x9DF2, 0xA633, 0x95F2, 0x95D2, 0x95D2, 0x95F2, 0x95F2, 0x95F2, 0x95F2, 0x8DB2, 0xA613, 0x9E13,
    0x9E13, 0x3A26, 0xAB66, 0xAB66, 0xB386, 0xBBC6, 0xEDEE, 0xEDED, 0xEDCD, 0xEDCD, 0xAB46, 0xF66E,
    0x5A25, 0x9672, 0x9671, 0x9E91, 0x9671, 0x8E30, 0x92C5, 0xBBC7, 0xF6D1, 0x5121, 0xA6B2, 0x9EB2,
    0x9E92, 0xDF72, 0xD753, 0xAED2, 0xA6B2, 0xDF73, 0xAEF2, 0xA691, 0x9670, 0xD488, 0xCC68, 0xCC68,
    0xD488, 0x92E5, 0x4942, 0x852F, 0x9DF2, 0x95F2, 0x9DF2, 0x95F2, 0x7D30, 0x95D2, 0x95F2, 0x95D2,
    0x95D2, 0x95F2, 0x95F2, 0x95D2, 0x95D2, 0x95B1, 0x9E12, 0x9E13, 0xA613, 0x9E13, 0xA613, 0xA613,
    0xA613, 0xA613, 0x7D30, 0xA613, 0xA613, 0xA613, 0xA613, 0xA613, 0xA633, 0xA633, 0xA633, 0x7D30,
    0x95F2, 0x95D2, 0x9DF2, 0x95D2, 0x95F2, 0x95F2, 0x95D2, 0x95D2, 0x21A4, 0xAB44, 0xAB65, 0xAB65,
    0xAB66, 0xAB86, 0xAB66, 0xC3E6, 0x9AC4, 0x9AA4, 0x9AC4, 0x9AC4, 0x92A4, 0x0000, 0x0000, 0x0000,
    0x0000, 0x0000, 0x0000, 0x0000, 0x0000, 0x1860, 0x92A4, 0x92A4, 0x92A4, 0x92C4, 0x8A64, 0xB386,
    0xAB45, 0xAB65, 0xAB66, 0xA325, 0xA366, 0x3205, 0x95D2, 0x95D2, 0x95D2, 0x95D2, 0x95D2, 0x95D2,
    0x95D2, 0x74EF, 0x9E13, 0xA613, 0xA613, 0xA613, 0xA633, 0xA633, 0xA633, 0xA633, 0x95D2, 0x95D2,
    0x95F2, 0x95D2, 0x8530, 0x8530, 0x8530, 0x8530, 0x8530, 0x74AE, 0x6C6D, 0x6C6D, 0x6C6D, 0x6C8D,
    0x6C6D, 0x6C6D, 0x6C6D, 0x5BEB, 0x5BCB, 0x2A06, 0x0800, 0x5961, 0x1020, 0x69A2, 0x69A2, 0x7A02,
    0x9AC4, 0xA325, 0xA325, 0x7D0F, 0x74AE, 0x74AE, 0x74AE, 0x74AE, 0x74AE, 0x74AE, 0x74AE, 0x646E,
    0x7CEF, 0x7CEE, 0x7CEF, 0x9DF3, 0x95D2, 0x8D91, 0x8D90, 0x8DB1, 0x8DB1, 0x8DB1, 0x8DB1, 0x8DB1,
    0x8DB1, 0x8DB1, 0x8DB1, 0x9DF2, 0x95D2, 0x95D2, 0x95D2, 0x95D2, 0x95D2, 0x95D2, 0x95D2, 0x95D2,
    0xA633, 0xA613, 0xA613, 0xA613, 0xA613, 0xA613, 0xA633, 0xA613, 0x8550, 0xA613, 0x95D2, 0xA613,
    0xA613, 0xA613, 0x9E12, 0x95F2, 0x9E13, 0x95B2, 0x95B1, 0x8D91, 0x4AE9, 0xA325, 0xA304, 0x9AE4,
    0xA324, 0x9AA4, 0x9AC4, 0x9AC4, 0x9AC4, 0x2964, 0x7D30, 0x9DF2, 0x95F2, 0x95F2, 0x9DF2, 0x9E12,
    0x9DF2, 0xA612, 0x95D2, 0x95D2, 0x95D2, 0x95D2, 0x95D2, 0x95D2, 0x95F2, 0x8DB2, 0x9E13, 0x9E13,
    0xA613, 0x8D70, 0xAB66, 0xAB66, 0xA345, 0xAB66, 0xDD2D, 0xEDED, 0xEE0E, 0xEE2E, 0xF60F, 0x8A43,
    0xEDEC, 0xDDCD, 0x8E52, 0x8E30, 0x9651, 0x9651, 0x9AE4, 0xBBC7, 0xF6B1, 0x4920, 0xA6B3, 0xA6B3,
    0xDF71, 0xBED2, 0xCF32, 0xAED2, 0x8632, 0xCF32, 0xD773, 0x9651, 0x1860, 0xC448, 0xC447, 0xCC47,
    0xAB65, 0x92E5, 0x5227, 0x95B1, 0x95F2, 0x9DF2, 0x95F2, 0x95F2, 0x8550, 0x95D2, 0x95D2, 0x95D2,
    0x95D2, 0x95D2, 0x95D2, 0x95D2, 0x95D2, 0x95B2, 0xA613, 0x9E13, 0xA613, 0x9E13, 0xA613, 0x9E13,
    0xA613, 0xA613, 0x7D30, 0xA633, 0xA633, 0xA633, 0xA633, 0xA613, 0xA613, 0xA633, 0xA633, 0x750F,
    0x9DF2, 0x9DF2, 0x95F2, 0x95D2, 0x9DF2, 0x95F2, 0x95D2, 0x95F2, 0x29C4, 0xAB44, 0xB386, 0xB366,
    0xAB86, 0xAB86, 0xB366, 0xB386, 0x9AC4, 0x9AA4, 0x9AA4, 0x9AA4, 0x92A4, 0x0000, 0x0000, 0x0000,
    0x0000, 0x0000, 0x0000, 0x0000, 0x0000, 0x1860, 0x92A4, 0x92A4, 0x9284, 0x92A4, 0x8A64, 0xB386,
    0xAB45, 0xAB66, 0xAB66, 0x9B04, 0xAB65, 0x3205, 0x95D2, 0x95D2, 0x95F2, 0x95D2, 0x95D2, 0x95D2,
    0x95D2, 0x74EF, 0xA613, 0xA633, 0xA613, 0xA613, 0xA613, 0xA613, 0xA613, 0xA633, 0x750F, 0x9DF2,
    0x9DF2, 0x95F2, 0x8530, 0x8530, 0x8530, 0x8530, 0x8530, 0x74CF, 0x6C6D, 0x6C6D, 0x6C6D, 0x6C6D,
    0x6C4D, 0x6C4D, 0x6C6D, 0x640C, 0x5BEB, 0x74CE, 0x74CF, 0x74AE, 0x3A87, 0x3901, 0x8223, 0xB365,
    0x61A2, 0x3A66, 0x6C6D, 0x6C8E, 0x748E, 0x74AE, 0x74AE, 0x74AE, 0x74AE, 0x74AE, 0x74CE, 0x8510,
    0x9DF3, 0x95D2, 0x95D2, 0x95F2, 0x9E13, 0x63EC, 0x646D, 0x6C6D, 0x95D2, 0x95D2, 0x95B2, 0x8DB1,
    0x8DB1, 0x8DB1, 0x95B1, 0xA633, 0x9E13, 0xA612, 0x95D2, 0x95D2, 0x95D2, 0x95D2, 0x95D2, 0x95D2,
    0xA633, 0xA612, 0x9E13, 0xA613, 0xA613, 0xA613, 0xA613, 0xA633, 0x8550, 0x9E12, 0x9DF2, 0x9E13,
    0xA613, 0xA633, 0x9DF2, 0x9E13, 0x9DF2, 0x8DB1, 0x95B1, 0x8D91, 0x5329, 0xA325, 0xA305, 0xA304,
    0xA324, 0x9AA4, 0x9AC4, 0x9AC4, 0x9AC4, 0x29A4, 0x8530, 0x9DF2, 0x9DF2, 0x9DF2, 0x95D2, 0x9DF2,
    0x9DF2, 0x9E12, 0x95F2, 0x95D2, 0x95D2, 0x95D2, 0x95D2, 0x95D2, 0x95D2, 0x8571, 0xA633, 0xA633,
    0xA633, 0xA633, 0x8D50, 0xABA6, 0xAB66, 0xAB46, 0xAB66, 0xA344, 0xF68F, 0xEE0E, 0xEE0E, 0xEDED,
    0x8AC4, 0xA325, 0xFF73, 0x84EE, 0x8610, 0x9EB2, 0x92C4, 0xC407, 0xF6B1, 0x5141, 0x9673, 0xA6B3,
    0x9673, 0x8E53, 0xA6B2, 0xAEF3, 0x8E32, 0x8631, 0x9E71, 0x9E71, 0xCCA8, 0xCC68, 0xDCEA, 0xCC47,
    0x9B05, 0x8284, 0x850F, 0x9DF2, 0x95F2, 0x95F2, 0x95D2, 0x95D2, 0x8550, 0x95D2, 0x95D2, 0x95D2,
    0x95D2, 0x95D2, 0x95D2, 0x95D2, 0x95D2, 0x95B1, 0xA613, 0xA613, 0xA613, 0xA613, 0xA613, 0xA613,
    0xA613, 0xA613, 0x7510, 0xA633, 0xA633, 0xA633, 0xA613, 0xA613, 0xA613, 0xA613, 0xA613, 0x750F,
    0x9DF2, 0x9DF2, 0x9DF2, 0x95D2, 0x9DF2, 0x95F2, 0x95D2, 0x9DF2, 0x29E4, 0xAB45, 0xB386, 0xB366,
    0xAB66, 0xAB66, 0xAB65, 0xC3E7, 0x9AC4, 0x9AA4, 0x9AA4, 0x9AA4, 0x92A4, 0x0000, 0x0000, 0x0000,
    0x0000, 0x0000, 0x0000, 0x0000, 0x0000, 0x1860, 0x92A4, 0x92A4, 0x92A4, 0x92A4, 0x8A43, 0xAB66,
    0xAB45, 0xAB66, 0xB386, 0xA325, 0xAB65, 0x3226, 0x95D2, 0x95D2, 0x95F2, 0x95D2, 0x95D2, 0x95D2,
    0x95D2, 0x750F, 0xA613, 0xA613, 0xA633, 0xA613, 0xA613, 0xA613, 0xA613, 0xA613, 0x7D0F, 0x9DF2,
    0x9DF2, 0x8DB1, 0x8530, 0x8530, 0x8530, 0x8530, 0x8550, 0x74CE, 0x6C6D, 0x6C6D, 0x6C6D, 0x6C6D,
    0x6C4D, 0x850F, 0x8550, 0x8D71, 0x6C8E, 0x74CE, 0x74CE, 0x74CE, 0x74CE, 0x74CF, 0x7CEF, 0x7CCE,
    0x74AE, 0x748E, 0x748E, 0x6C8D, 0x6C6D, 0x748D, 0x74AE, 0x850F, 0x8D91, 0x8551, 0x8D71, 0x6CEE,
    0x85B1, 0x8D71, 0x0041, 0x8550, 0x93EC, 0xDE12, 0xFF39, 0xFF39, 0xE612, 0x2144, 0x9DF3, 0x95D2,
    0x8DB1, 0x8D91, 0x8DB1, 0xA633, 0x9E13, 0x9E13, 0x95D2, 0x95D2, 0x95D2, 0x95D2, 0x95D1, 0x95D2,
    0xA612, 0x9E12, 0xA613, 0x9E13, 0xA613, 0xA633, 0xA613, 0x9E13, 0x8550, 0x9E13, 0xA633, 0xA613,
    0xA613, 0xA633, 0x9E13, 0x9DF2, 0x9DF2, 0x7D50, 0x95B1, 0x8DB1, 0x5329, 0xA325, 0xA305, 0xA305,
    0xA324, 0x9AA4, 0x9AC4, 0x9AC4, 0x9AC4, 0x31E5, 0x8530, 0x9DF2, 0x9DF2, 0x9DF3, 0x9DF3, 0x9DF2,
    0x9DF2, 0xA613, 0x95F2, 0x95D2, 0x95D2, 0x95F2, 0x95D2, 0x95D2, 0x95D2, 0x8571, 0xA633, 0xA633,
    0x9E13, 0x9E13, 0x8550, 0x63ED, 0xAB86, 0xAB66, 0xAB46, 0xAB46, 0xFEB1, 0xEE0E, 0xEDEE, 0xEE2E,
    0xBC48, 0xD50B, 0xAB65, 0xFF31, 0xDD4F, 0x42E7, 0x9AE5, 0xC407, 0xF6D3, 0x4900, 0x9632, 0xC6B0,
    0x9633, 0x8E53, 0xA6B2, 0x8E52, 0xAEB3, 0x8631, 0x8E51, 0x48E2, 0xCC48, 0xCC48, 0xCC48, 0xD489,
    0x92A4, 0x638B, 0x8550, 0x9DF2, 0x95F2, 0x95F2, 0x95D2, 0x95D2, 0x7D50, 0x95D2, 0x95D2, 0x95D2,
    0x95D2, 0x95D2, 0x95D2, 0x95D2, 0x95D2, 0x95B2, 0xA613, 0x9DF2, 0xA613, 0xA613, 0xA613, 0xA613,
    0xA613, 0xA613, 0x74EF, 0xA613, 0xA633, 0xA633, 0xA633, 0xA613, 0xA613, 0xA613, 0xA613, 0x750F,
    0x9DF2, 0x9DF2, 0x9DF2, 0x95D2, 0x9DF2, 0x9DF2, 0x9DF2, 0x95F2, 0x29C4, 0xAB45, 0xB386, 0xAB65,
    0xAB66, 0xAB86, 0xAB46, 0xC3C6, 0x9AA4, 0x9AA4, 0x92A4, 0x9AA4, 0x9284, 0x0000, 0x0000, 0x0000,
    0x0000, 0x0000, 0x0000, 0x0000, 0x0000, 0x1840, 0x92A4, 0x92A4, 0x9284, 0x92A4, 0x8A43, 0xAB66,
    0xA325, 0xAB65, 0xAB85, 0xAB65, 0xAB85, 0x3226, 0x95D2, 0x95D2, 0x95F2, 0x95D2, 0x95D2, 0x95D2,
    0x95D2, 0x7510, 0xA613, 0xA633, 0xA613, 0xA613, 0xA613, 0xA613, 0xA613, 0x9E13, 0x750F, 0x9DF2,
    0x9DF2, 0x8D91, 0x8530, 0x852F, 0x8530, 0x8530, 0x8530, 0x8D50, 0x6C6D, 0x8550, 0x8550, 0x8550,
    0x8550, 0x8550, 0x8D70, 0x8D71, 0x74AE, 0x7D0F, 0x74CE, 0x74AE, 0x74AE, 0x6C8E, 0x6C6D, 0x6C2C,
    0x746D, 0x7CAE, 0x0020, 0x0000, 0x69E3, 0x8244, 0x7223, 0x69A2, 0x69C2, 0x69C2, 0x69C2, 0x71E2,
    0x3901, 0xDDD2, 0xF6F7, 0xB46D, 0xD5B1, 0xCD91, 0xFF59, 0xFF7A, 0xDDF2, 0xDE13, 0xFF78, 0x2080,
    0xFFDE, 0x1020, 0x61C2, 0x0000, 0x0020, 0x0020, 0xA5F2, 0x95D1, 0x8D91, 0x8DB2, 0x95B2, 0x95D2,
    0xA633, 0xA613, 0xA633, 0xA613, 0xA633, 0xA633, 0xA633, 0x9DF2, 0x8550, 0xA633, 0x9E13, 0x9E13,
    0x9E13, 0xA633, 0x9E12, 0x9DF2, 0x9DF2, 0x8550, 0x95B1, 0x8571, 0x4B09, 0xA305, 0xA305, 0x9AC4,
    0xAB25, 0x92A4, 0x9AC4, 0x9AC4, 0x9AC4, 0x39E5, 0x8550, 0x9DF2, 0x9DF2, 0x9DF2, 0x9DF2, 0x95D2,
    0x9DF2, 0xA613, 0x95F2, 0x95D2, 0x95F2, 0x95D2, 0x95D2, 0x95D2, 0x95D2, 0x8571, 0x9E12, 0xA613,
    0x9E13, 0xA613, 0x9E13, 0x7D0F, 0x532A, 0xAB65, 0x92C3, 0xAB66, 0xAB66, 0xAB45, 0xCCA9, 0xF64F,
    0xF64F, 0xF66F, 0xEDCD, 0xC4AA, 0xB3C6, 0xDCEB, 0x9B05, 0xB3A6, 0xF6D3, 0x5141, 0x9E53, 0x8E32,
    0x8E32, 0x8E32, 0x8E32, 0x8611, 0x8E32, 0x9E11, 0x49A2, 0xCC48, 0xCC48, 0xBBE6, 0xC427, 0x92C4,
    0x6203, 0x7D0F, 0x9E13, 0x9DF2, 0x9DF2, 0x95F2, 0x95D2, 0x95D2, 0x7D30, 0x95D2, 0x95D2, 0x95F2,
    0x95D2, 0x95D2, 0x95D2, 0x95D2, 0x95D2, 0x95B2, 0x9E13, 0x9E12, 0xA613, 0xA613, 0x9E13, 0xA613,
    0xA613, 0x9E13, 0x74EF, 0xA613, 0xA633, 0xA633, 0xA613, 0xA613, 0xA633, 0xA613, 0xA613, 0x7510,
    0x95F2, 0x9DF2, 0x95F2, 0x95F2, 0x9DF2, 0x9DF2, 0x9DF2, 0x95D1, 0x29E5, 0xAB44, 0xB386, 0xB386,
    0xA346, 0xB365, 0xAB65, 0xC3C6, 0x92A4, 0x92A4, 0x9AA4, 0x9AA4, 0x9284, 0x0000, 0x0000, 0x0000,
    0x0000, 0x0000, 0x0000, 0x0000, 0x0000, 0x1860, 0x92A4, 0x92A4, 0x8A64, 0x9AA4, 0x8243, 0xAB66,
    0xAB66, 0xAB65, 0xAB65, 0xAB85, 0xAB65, 0x3226, 0x95D2, 0x95D2, 0x95D2, 0x95D2, 0x95D2, 0x95D2,
    0x95D2, 0x750F, 0x9E13, 0x9E13, 0xA613, 0x9E13, 0xA613, 0xA613, 0xA613, 0xA613, 0x750F, 0x9DF2,
    0x9DF2, 0x95D2, 0x852F, 0x8530, 0x8530, 0x850F, 0x9DF2, 0xA613, 0x8D91, 0x8570, 0x8550, 0x8550,
    0x8570, 0x8550, 0x8D50, 0x8550, 0x642C, 0x7D10, 0x7CCF, 0x7CAE, 0x5BAB, 0x20C2, 0xAC2C, 0xAC4D,
    0xAC6D, 0xB4AE, 0x59E5, 0x7203, 0x7A43, 0x7A03, 0x69C3, 0x69E3, 0x71E2, 0x8A64, 0x69C3, 0x8349,
    0xD5D1, 0xDE13, 0xF718, 0xC5F4, 0xA5B3, 0x5C4E, 0x5C8E, 0x440D, 0xAE34, 0xFFFD, 0xF6F8, 0xDE13,
    0xFFBB, 0xE655, 0x7222, 0xAB64, 0xA304, 0x9B04, 0x9AE4, 0x92A4, 0x20A0, 0x2944, 0x29C4, 0x9DD2,
    0xA633, 0xA613, 0xA613, 0xA613, 0x9DD2, 0xA633, 0x9E33, 0xA633, 0x7D50, 0x9E12, 0x9E13, 0xA633,
    0x9DF2, 0xA633, 0x9DF2, 0x9DF2, 0x9DF2, 0x8570, 0x8DB1, 0x8D91, 0x4B2A, 0xA325, 0xA325, 0x92A4,
    0xA324, 0x92A4, 0x92A4, 0x9AC4, 0x9AC4, 0x3A05, 0x7D30, 0x95D2, 0x95D2, 0x95D2, 0x95B2, 0x95D2,
    0x9DF2, 0xA613, 0x95F2, 0x95D2, 0x95D2, 0x95D2, 0x95D2, 0x95D2, 0x95D2, 0x8550, 0x9E13, 0x9E13,
    0x9E13, 0x9E13, 0x9E13, 0x9E13, 0x74CE, 0x3122, 0xAB66, 0xAB66, 0xAB65, 0xAB66, 0xBBE7, 0xEE0F,
    0xEDEE, 0xEDEE, 0xEDEE, 0xEDED, 0xF60F, 0xBC29, 0x7203, 0x9AE4, 0xC428, 0x6141, 0xFED2, 0x8AA4,
    0x748C, 0x6C8D, 0x6C6C, 0x5AC6, 0x5100, 0x6142, 0xC427, 0xC428, 0xCC69, 0xBBE7, 0xD4CA, 0x92A4,
    0x748E, 0x7D10, 0x9DF2, 0x95F2, 0x95D2, 0x95F2, 0x95D2, 0x95D2, 0x8550, 0x95D2, 0x95D2, 0x95D2,
    0x95D2, 0x95F2, 0x95D2, 0x95D2, 0x8D91, 0x8DB1, 0xA613, 0xA613, 0x9E13, 0xA613, 0xA613, 0xA613,
    0x9E13, 0x9E13, 0x74EF, 0xA613, 0xA613, 0xA613, 0xA633, 0xA613, 0xA613, 0xA613, 0xA613, 0x7D10,
    0x95F2, 0x95F2, 0x9DF2, 0x9DF2, 0x9DF2, 0x9DF2, 0x9DF2, 0x95D2, 0x29E4, 0xB385, 0xB386, 0xB386,
    0xA325, 0xAB86, 0xAB66, 0xC3E6, 0x8A43, 0x92A4, 0x92A4, 0x9AA4, 0x92A4, 0x0000, 0x0000, 0x0000,
    0x0000, 0x0000, 0x0000, 0x0000, 0x0000, 0x1860, 0x92A4, 0x92A4, 0x9264, 0x92A4, 0x8A64, 0xB386,
    0xAB65, 0xAB65, 0xAB65, 0xAB65, 0xAB65, 0x3246, 0x95D2, 0x95D2, 0x95D2, 0x95D2, 0x95D2, 0x95D2,
    0x95D2, 0x750F, 0x9E13, 0x9E12, 0x9E13, 0x9E13, 0xA613, 0xA613, 0xA613, 0x9E13, 0x750F, 0x95F2,
    0x9DF2, 0x9DF2, 0x95F2, 0x9DF2, 0x95F2, 0x95F2, 0x9DF2, 0xA653, 0x8DB2, 0x8550, 0x8550, 0x8550,
    0x8D71, 0x7D0F, 0x8510, 0x5B6A, 0x0020, 0x0840, 0xBC8E, 0x4122, 0xB46C, 0xBCAE, 0xC52F, 0xCD71,
    0xCDB2, 0xEEB6, 0xE675, 0xEEB6, 0xEED7, 0xF6F7, 0xF6F6, 0x1820, 0xF694, 0xF6F7, 0x8329, 0xA530,
    0x646E, 0x6D10, 0x95F2, 0x9E33, 0x9633, 0x9613, 0x9633, 0xB6B4, 0x9613, 0xA673, 0xB6B4, 0x8571,
    0xD695, 0xD5F4, 0xFF78, 0xFFDE, 0x1081, 0x92E4, 0x92E4, 0xA345, 0xAB66, 0xB3A6, 0x9AE4, 0xA325,
    0x59C2, 0x1060, 0x9570, 0x9DF2, 0x9DF3, 0xA633, 0xA633, 0xA633, 0x8550, 0x9DF2, 0x9DF2, 0xA633,
    0x9DF2, 0x9DF2, 0x9DF2, 0x95F2, 0x9DF2, 0x8571, 0x8DB1, 0x8DB1, 0x42E9, 0xA305, 0xA305, 0x92A4,
    0xA304, 0x9284, 0x9AA4, 0x9AE4, 0x9AC4, 0x31C5, 0x8530, 0x95D2, 0x95D2, 0x95D2, 0x95D2, 0x95D2,
    0x95D2, 0x9DF2, 0x95B1, 0x95B1, 0x95D2, 0x95D2, 0x95F2, 0x95D2, 0x95D2, 0x7D50, 0x9E13, 0x9E13,
    0x9E13, 0x9E13, 0x9E13, 0x9E13, 0x9E13, 0x6C6D, 0x0020, 0xAB65, 0x8A62, 0xA325, 0xB386, 0xB386,
    0xD52C, 0xE5CE, 0xEDEE, 0xFEAF, 0xB3A6, 0xBBE7, 0xBBE7, 0xB386, 0xB408, 0x48C0, 0xAB86, 0xC427,
    0xD50A, 0xCC88, 0xA304, 0x9AC4, 0x8223, 0xCC48, 0xC3E7, 0xC407, 0xCC48, 0xBC08, 0x8AA4, 0x28E2,
    0x7D0F, 0x95D2, 0x95F2, 0x95F2, 0x95F2, 0x95D2, 0x95D2, 0x95D2, 0x7D30, 0x95D2, 0x95D2, 0x95F2,
    0x95D2, 0x95D2, 0x95D2, 0x95D2, 0x95D2, 0x95B2, 0xA613, 0xA613, 0xA613, 0xA613, 0xA613, 0xA613,
    0xA613, 0x9E13, 0x74EF, 0xA613, 0xA613, 0xA613, 0xA633, 0xA613, 0xA613, 0xA633, 0xA633, 0x7D10,
    0x95F2, 0x95D2, 0x9DF2, 0x9DF2, 0x9DF2, 0x9DF2, 0x9DF2, 0x9DF2, 0x21C4, 0xB385, 0xB386, 0xAB66,
    0xA345, 0xAB66, 0xAB66, 0xAB45, 0x8A63, 0x9AA4, 0x92A4, 0x9AA4, 0x92A4, 0x0000, 0x0000, 0x0000,
    0x0000, 0x0000, 0x0000, 0x0000, 0x0000, 0x1840, 0x92A4, 0x92A4, 0x9284, 0x92A4, 0x8A43, 0xB386,
    0x9B04, 0xAB65, 0xAB65, 0xAB65, 0xAB65, 0x3226, 0x95D2, 0x95D2, 0x95D2, 0x95D2, 0x95D2, 0x95D2,
    0x95D2, 0x7510, 0x9E13, 0xA613, 0xA613, 0x9E13, 0xA613, 0xA613, 0xA613, 0xA613, 0x750F, 0x95F2,
    0x95F2, 0x9DF2, 0x95F2, 0x95D2, 0x95D2, 0x95F2, 0x9E12, 0xA654, 0x8DB2, 0x8571, 0x5BEC, 0x5BEC,
    0x0000, 0x61C3, 0x69E3, 0x69E2, 0x71E3, 0xBD10, 0xC530, 0x9BEC, 0xBCCE, 0x944D, 0x43AB, 0x64EF,
    0x64EF, 0x85D2, 0x9632, 0x9E33, 0x7530, 0x4C2C, 0x6B8A, 0xDE56, 0xC530, 0xCD91, 0x6CCF, 0x7D50,
    0x8DD2, 0x9633, 0xA673, 0x9612, 0x9633, 0x9633, 0x9633, 0xB6B5, 0x9633, 0x8DF2, 0xAE95, 0xB6F6,
    0xB6B6, 0xAE94, 0x7510, 0xF6F6, 0xFFBD, 0x3963, 0x69A2, 0xA304, 0xA325, 0x9B04, 0x9B04, 0x9B25,
    0xAB66, 0xB385, 0xB365, 0xC407, 0x10C2, 0xA653, 0x9DF3, 0xA633, 0x8591, 0x9DF2, 0x9DF2, 0x9DF2,
    0x9E12, 0x95F2, 0x95D2, 0x95F2, 0x95F2, 0x8550, 0x95D2, 0x95D2, 0x42E9, 0x9AE5, 0xA304, 0xA305,
    0xA304, 0x9284, 0x92A4, 0x9AC4, 0x92A4, 0x21A5, 0x8570, 0x95D2, 0x95D2, 0x95D2, 0x95D2, 0x9DF2,
    0x95D2, 0xA613, 0x8DB1, 0x8DB1, 0x8DB1, 0x95B2, 0x95B1, 0x95D2, 0x95D2, 0x7D50, 0x9E13, 0x9E13,
    0x9E13, 0x9E13, 0x9E13, 0x9E12, 0x9E13, 0x74CF, 0x7CEF, 0x52EA, 0xAB85, 0xB386, 0xB386, 0xAB45,
    0xAB66, 0xB386, 0xB385, 0xCC68, 0xBBC6, 0xBBE7, 0xC448, 0xF62F, 0xF64F, 0xF670, 0xF691, 0xEE2F,
    0xF670, 0xF64F, 0xB3C5, 0xCC47, 0xC407, 0xBBC6, 0xC407, 0xC427, 0xBBE7, 0x92A4, 0x5942, 0x8550,
    0x7D30, 0x95D2, 0x95F2, 0x95F2, 0x95F2, 0x95D2, 0x95D2, 0x95D2, 0x7D2F, 0x95D2, 0x95F2, 0x95F2,
    0x95F2, 0x95F2, 0x95D2, 0x95B1, 0x9DD2, 0x8D91, 0x9DF2, 0x9E13, 0xA613, 0xA613, 0xA613, 0xA613,
    0xA613, 0x9E13, 0x74EF, 0xA613, 0xA613, 0xA613, 0xA613, 0xA613, 0xA613, 0xA613, 0xA633, 0x750F,
    0x95F2, 0x9DF2, 0x9DF2, 0x9DF2, 0x9DF2, 0x9DF2, 0x9DF2, 0x95F2, 0x29E5, 0xB365, 0xAB86, 0xAB66,
    0xA325, 0xAB66, 0xAB66, 0xBB85, 0x8A63, 0xA305, 0x9AC4, 0x9AA4, 0x9284, 0x0000, 0x0000, 0x0000,
    0x0000, 0x0000, 0x0000, 0x0000, 0x0000, 0x1860, 0x9AA4, 0x9AA4, 0x92A4, 0x92A4, 0x8243, 0xB386,
    0x9AE4, 0xAB86, 0xAB66, 0xAB65, 0xAB65, 0x3246, 0x95D2, 0x95D2, 0x95D2, 0x95D2, 0x95D2, 0x95D2,
    0x95D2, 0x750F, 0xA613, 0xA613, 0xA613, 0xA613, 0xA613, 0xA613, 0xA633, 0xA633, 0x750F, 0x95F2,
    0x95F2, 0x9DF2, 0x95F2, 0x9DF2, 0x95F2, 0x9DF2, 0x9DF2, 0x74AF, 0x1943, 0x20A1, 0x71E2, 0x7A23,
    0x7203, 0x71E3, 0x69E4, 0xD590, 0xD5B2, 0xBCF0, 0x8C2D, 0x546E, 0x750F, 0x8591, 0x7D51, 0xA654,
    0x9E33, 0x9E74, 0x9E74, 0x9E54, 0x8E12, 0x7D71, 0x7D91, 0x8591, 0x5C4D, 0x64EF, 0x7D91, 0x8DD2,
    0x9633, 0x9633, 0x9613, 0x9612, 0x9633, 0x9633, 0xD716, 0xFFFB, 0xF776, 0x9633, 0x9613, 0x9633,
    0x8E12, 0xAED4, 0xAEB5, 0xA6B5, 0xF6F7, 0xD590, 0x3922, 0x0800, 0xFF78, 0xF77A, 0xD6B8, 0x69A2,
    0xCC27, 0x92A4, 0x69C2, 0xB386, 0xBBC6, 0xBBC7, 0x0000, 0xAE33, 0x8571, 0x9DF2, 0x9E13, 0x8DD2,
    0x95F2, 0x95F2, 0x95F2, 0x95F2, 0x95F2, 0x8550, 0x8DB1, 0x95D2, 0x42E9, 0x9B05, 0xA305, 0x9AE5,
    0xAB04, 0x9AA4, 0x9284, 0x9AC4, 0x9AA4, 0x29C5, 0x8571, 0x95D2, 0x95D2, 0x95D2, 0x95D2, 0x95D2,
    0x95D2, 0xA633, 0x95B2, 0x8DB1, 0x8DB1, 0x8DB1, 0x8DB1, 0x95D2, 0x95D2, 0x7510, 0x9DF2, 0x9E13,
    0x9E13, 0x9E13, 0x9E13, 0x9E12, 0x9E13, 0x7D51, 0x7D10, 0x74CE, 0x7CCF, 0x5224, 0xB386, 0xB3A6,
    0xB3A6, 0xB3A6, 0xB386, 0xB3A7, 0xB386, 0xBBE6, 0xFF95, 0xFF34, 0xF691, 0xF6B2, 0xF670, 0xE5EE,
    0xDD6C, 0xC3E6, 0xC407, 0xBBE7, 0xB3A6, 0xC427, 0xBBA6, 0xBBE7, 0x92C5, 0x1903, 0x6C6D, 0x8550,
    0x95F2, 0x9DF2, 0x95D2, 0x95F2, 0x95F2, 0x95F2, 0x95D2, 0x95D2, 0x7D30, 0x95D2, 0x9DF2, 0x9DF2,
    0x95F2, 0x95D2, 0x95D2, 0x95D2, 0x9DF2, 0x95D2, 0xA613, 0xA613, 0xA613, 0xA613, 0x9E12, 0xA613,
    0xA613, 0xA613, 0x74EF, 0xA613, 0xA613, 0xA613, 0xA613, 0xA613, 0xA613, 0xA613, 0xA613, 0x750F,
    0x95F2, 0x95F2, 0x9DF2, 0x9DF2, 0x9DF2, 0x9DF2, 0x9DF2, 0x9DF2, 0x21C4, 0xAB65, 0xB386, 0xAB66,
    0x9B05, 0xAB66, 0xAB66, 0xBB86, 0x8A63, 0xA305, 0x9AC4, 0x9AA4, 0x9284, 0x0000, 0x0000, 0x0000,
    0x0000, 0x0000, 0x0000, 0x0000, 0x0000, 0x1860, 0x92A4, 0x9AA4, 0x92A4, 0x92A4, 0x8243, 0xB386,
    0x9AE4, 0xAB86, 0xAB66, 0xAB66, 0xAB65, 0x3246, 0x95D2, 0x95D2, 0x95D2, 0x95D2, 0x95D2, 0x95D2,
    0x95D2, 0x750F, 0xA613, 0xA613, 0xA613, 0xA613, 0xA633, 0xA633, 0xA633, 0x9E13, 0x74EF, 0x95D2,
    0x95D2, 0x95D1, 0x9DF2, 0x9DF2, 0x9DF2, 0x5C0C, 0x0800, 0x59C2, 0x61C2, 0x69A1, 0x8243, 0x7A43,
    0x7A23, 0x40E1, 0xBCAE, 0xDE13, 0xDDF2, 0x53EC, 0x7D71, 0x9613, 0x9633, 0x9633, 0x9E33, 0xE75A,
    0xAE12, 0xB674, 0xF758, 0x9E53, 0x9E74, 0x9E54, 0xB674, 0xD716, 0x95F3, 0x6CEF, 0x8DF2, 0x9613,
    0x9633, 0x9633, 0x9613, 0x85D2, 0x9633, 0x9633, 0xB613, 0xDCCE, 0xDF97, 0x8E12, 0x8E12, 0x9613,
    0x9613, 0xAEB5, 0x9633, 0x85D2, 0x7550, 0xD5B1, 0xF717, 0xFFB9, 0xF759, 0xFF9A, 0xF759, 0xFF56,
    0xCE15, 0xB364, 0xCC06, 0xB385, 0xBBA6, 0xC407, 0xA304, 0xBBC6, 0x0000, 0x95D2, 0x95F2, 0x95F2,
    0x95F2, 0x9DF2, 0x95F2, 0x95F2, 0x95F2, 0x7D50, 0x8DB1, 0x8D71, 0x4309, 0x9AE5, 0xA325, 0x92C4,
    0x9AC3, 0x8A64, 0x8A83, 0x8A43, 0x9AC4, 0x31C5, 0x8D71, 0x95D2, 0x95D2, 0x95D2, 0x95D2, 0x95F2,
    0x95F2, 0x9E12, 0x95D2, 0x8DB1, 0x8DB1, 0x8DB1, 0x8DB1, 0x8DB1, 0x95D1, 0x7510, 0x9DF2, 0x9E12,
    0x9E12, 0x9E13, 0x9E13, 0x9E12, 0x9E13, 0x7D51, 0x95D2, 0x8550, 0x7CEF, 0x7CEF, 0x29C5, 0x92E4,
    0xB3A7, 0xB386, 0xB386, 0xBBA6, 0xB3A6, 0xBBA6, 0xB386, 0xBBC7, 0xC407, 0xC407, 0xC3E7, 0xC427,
    0xC407, 0xC407, 0xC3E7, 0xBBC7, 0xBBA6, 0xBBA6, 0xC3E7, 0x8A63, 0x18C2, 0x7D0F, 0x7D10, 0x95F2,
    0x95D2, 0x9DF2, 0x95F2, 0x95D2, 0x95F2, 0x95D2, 0x95D2, 0x95D2, 0x7D30, 0x95F2, 0x9DF2, 0x9DF2,
    0x9DF2, 0x9DD2, 0x95D2, 0x95F2, 0x95D2, 0x7D0F, 0x9E13, 0x9E13, 0xA613, 0xA613, 0xA613, 0xA613,
    0xA613, 0x9E12, 0x74EF, 0xA613, 0xA613, 0x9E13, 0xA613, 0xA613, 0xA613, 0xA613, 0xA633, 0x74EF,
    0x95D2, 0x95F2, 0x95F2, 0x9DF2, 0x9DF2, 0x9DF2, 0x9DF2, 0x95F2, 0x21C4, 0xAB65, 0xB386, 0xAB66,
    0x9B05, 0xAB66, 0xAB66, 0xBBA6, 0x9263, 0xA305, 0x9AC4, 0x9AC4, 0x9AA4, 0x0000, 0x0000, 0x0000,
    0x0000, 0x0000, 0x0000, 0x0000, 0x0000, 0x1860, 0x9AA4, 0x92A4, 0x92A4, 0x92A4, 0x8A63, 0xB386,
    0x9B05, 0xAB66, 0xAB66, 0xAB45, 0xAB66, 0x3266, 0x95F2, 0x95D2, 0x95D2, 0x95D2, 0x95D2, 0x95D2,
    0x95D2, 0x750F, 0xA613, 0xA633, 0xA633, 0xA613, 0xA633, 0xA633, 0x9E12, 0xA633, 0x6CCF, 0x95D2,
    0x95D2, 0x95B2, 0x74CE, 0x10E3, 0x59A2, 0x6203, 0x30C1, 0x1000, 0xE5F2, 0xD591, 0x28A0, 0x4942,
    0x4941, 0xBCCE, 0xD571, 0xE674, 0x6CCF, 0x7D71, 0x7D91, 0x9633, 0x9633, 0x9633, 0x9633, 0xBE74,
    0xF7BA, 0xF719, 0xDF18, 0x9653, 0xA674, 0x9E54, 0xA6B5, 0xA674, 0xA674, 0x85B1, 0x9633, 0x8E12,
    0x9633, 0x9633, 0x9633, 0x9633, 0xE778, 0x9E13, 0xFFD9, 0x9E34, 0x9613, 0x9612, 0x95F2, 0x8E12,
    0x9613, 0x9613, 0x8E12, 0x7DB1, 0x9E13, 0xA674, 0x9E53, 0xA674, 0xBED5, 0x5C0D, 0xEED6, 0xFFBC,
    0xF759, 0xFFFF, 0x69A2, 0x71C2, 0xDD0B, 0xBBA6, 0xB385, 0xB365, 0xC407, 0xFD89, 0x4AC8, 0x9DF3,
    0x9DF3, 0x9DF2, 0x95F2, 0x95F2, 0x95D2, 0x43AB, 0x4182, 0xA346, 0x9AC4, 0x8244, 0x5162, 0x8A84,
    0x92C4, 0x8243, 0x69C2, 0x7A43, 0x71E2, 0xA345, 0x9B05, 0x1081, 0x6C8E, 0x8551, 0x95D2, 0x95F2,
    0x9DF2, 0xAE54, 0x95D2, 0x8DB1, 0x8DB1, 0x8DB1, 0x8DB1, 0x8DB1, 0x8DB1, 0x750F, 0x9DF2, 0x9E12,
    0x9E13, 0x9E12, 0x9E13, 0x9E13, 0x9E13, 0x7D51, 0x95D2, 0x95D2, 0x95D2, 0x7D10, 0x7CEF, 0x6C8E,
    0x0000, 0xC3E7, 0xB386, 0xAB86, 0xB386, 0xB3A6, 0xB3A6, 0xB3A6, 0xB386, 0xB386, 0xBBA6, 0xCC48,
    0xC407, 0xC407, 0xBBC6, 0xBBC6, 0xBBC6, 0x9AA4, 0x5982, 0x7CEE, 0x7D0F, 0x7D0F, 0x95B2, 0x8DB1,
    0x9E12, 0x9DF2, 0x95D2, 0x95D2, 0x95D2, 0x95D2, 0x95D2, 0x95D2, 0x7D30, 0x95F2, 0x9DF2, 0x9DF2,
    0x9DF2, 0x95D2, 0x95F2, 0x95D2, 0x95D2, 0x8550, 0x9E13, 0xA613, 0xA613, 0x9DF2, 0xA613, 0xA613,
    0xA613, 0x9E13, 0x7510, 0xA613, 0xA613, 0xA613, 0x9E13, 0xA613, 0xA613, 0xA613, 0xA613, 0x74EF,
    0x95F2, 0x9DF2, 0x9DF2, 0x95D2, 0x95D2, 0x95F2, 0x9DF2, 0x9E13, 0x21C4, 0xAB65, 0xAB66, 0xAB66,
    0x9B05, 0xB366, 0xB386, 0xD448, 0x9284, 0xA305, 0x92A4, 0x92A4, 0x9284, 0x0000, 0x0000, 0x0000,
    0x0000, 0x0000, 0x0000, 0x0000, 0x0000, 0x1840, 0x9284, 0x92A4, 0x92A4, 0x92A4, 0x7A23, 0xB386,
    0x9AE5, 0xAB66, 0xAB66, 0xA345, 0xAB65, 0x3A46, 0x95F2, 0x95F2, 0x95D2, 0x95D2, 0x95D2, 0x95D2,
    0x95D2, 0x750F, 0x9E13, 0xA613, 0xA613, 0xA633, 0xA613, 0xA633, 0xA633, 0xA613, 0x7530, 0x8571,
    0x74CF, 0x0040, 0x7202, 0x7A43, 0x20A1, 0xF6D6, 0xF717, 0xEE75, 0xDE13, 0xF6D7, 0xDDF3, 0xE613,
    0xEE11, 0xCD2F, 0xCD91, 0x6CEF, 0x8591, 0x8591, 0x8591, 0x9613, 0x9633, 0x9633, 0x9633, 0x9E33,
    0x9E34, 0xF739, 0x9612, 0x9612, 0x9633, 0x9633, 0x9613, 0xA674, 0xA674, 0x9E74, 0x7D91, 0x9613,
    0x9613, 0x9633, 0x7D71, 0x9E54, 0x9E54, 0x9E34, 0x9633, 0x7D71, 0x9612, 0x95F2, 0x95F2, 0x9613,
    0x9613, 0x9613, 0x85B2, 0xFFF8, 0xDE74, 0xA674, 0xA674, 0xA654, 0xBF17, 0xA674, 0x9633, 0x8D91,
    0xF718, 0xFF7A, 0x5226, 0x61A2, 0x71E3, 0x71E2, 0x9263, 0xCC07, 0xB386, 0xBBC6, 0xC407, 0x3122,
    0x9DF3, 0x95B2, 0x5C6C, 0x10A2, 0x9AC5, 0x9AE5, 0xBBC6, 0xCC07, 0x9AC4, 0x8A83, 0x92A4, 0xA2C4,
    0x7A23, 0x8A84, 0x92A4, 0x9B04, 0x92A4, 0x92A4, 0xBBA6, 0xCC07, 0xA325, 0x9B05, 0x6AA5, 0x74EF,
    0x8550, 0xAE74, 0x95D1, 0x8DB1, 0x8DB1, 0x8DB1, 0x8DB1, 0x8DB1, 0x8DB1, 0x7D10, 0x9DF2, 0x9DF2,
    0x9DF2, 0x9DF2, 0x9E13, 0x9E13, 0x9E13, 0x7D30, 0x95D2, 0x95D2, 0x95D2, 0x95D2, 0x8DB1, 0x7CEF,
    0x74AE, 0x644D, 0x29C5, 0x7A03, 0xB3A6, 0xBBC7, 0xBBC7, 0xBBC6, 0xBBA6, 0xBBA6, 0xBBA6, 0xCC68,
    0xC407, 0xBBE7, 0xAB45, 0x8A83, 0x1903, 0x74CE, 0x644D, 0x850F, 0x850F, 0x95D2, 0x95D2, 0x8D91,
    0x9DF2, 0x95D2, 0x95D2, 0x95D2, 0x95D2, 0x95D2, 0x95D2, 0x95D2, 0x8550, 0x95B2, 0x95D2, 0x9DF2,
    0x95D2, 0x95D2, 0x95D2, 0x95B2, 0x95B2, 0x8571, 0xA613, 0x9E13, 0xA613, 0x9E13, 0xA613, 0xA613,
    0xA612, 0xA613, 0x7D30, 0xA613, 0xA613, 0xA613, 0xA613, 0xA613, 0xA613, 0xA613, 0xA613, 0x74EF,
    0x95F2, 0x9DD2, 0x9DF2, 0x95F2, 0x9DF2, 0x9DF2, 0x9DF2, 0x95F2, 0x29E4, 0xB365, 0xAB65, 0xAB66,
    0xAB45, 0xB386, 0xB386, 0xBBC7, 0x9AA4, 0xA305, 0x9AA4, 0x9AA4, 0x9284, 0x0000, 0x0000, 0x0000,
    0x0000, 0x0000, 0x0000, 0x0000, 0x0000, 0x1040, 0x92A4, 0x9AA4, 0x92A4, 0x92A4, 0x8223, 0xB386,
    0x9AE4, 0xAB66, 0xAB66, 0xAB25, 0xA365, 0x3226, 0x95F2, 0x95F2, 0x95F2, 0x95D2, 0x95D2, 0x95D2,
    0x95D2, 0x7D30, 0xA613, 0xA612, 0xA613, 0x9DF2, 0xA633, 0xA633, 0x95F2, 0x95D2, 0x646D, 0x0000,
    0x92C4, 0x92A3, 0x92C4, 0xEE94, 0xF6D7, 0xF6F7, 0xF6F7, 0xEEB6, 0x538C, 0x7571, 0x7D91, 0x9613,
    0x9613, 0x7530, 0x7D30, 0x7510, 0x8591, 0x8591, 0x8591, 0x7D71, 0x8E12, 0x9633, 0x9633, 0x9633,
    0x9613, 0x9613, 0x8DF2, 0x9613, 0x9613, 0x9633, 0x9633, 0x9613, 0x8DF2, 0x9E33, 0x9E54, 0x9612,
    0x9613, 0x8592, 0x9633, 0x9633, 0x9633, 0x9633, 0x7D50, 0x9613, 0x9612, 0x95F2, 0x95F2, 0x9612,
    0x7D51, 0x8DD2, 0x9633, 0xA694, 0x8DF3, 0x8DF2, 0x8DF2, 0x8DF3, 0xBEF6, 0x8DD2, 0x9E54, 0x85B2,
    0x4BAC, 0xE655, 0x4184, 0x59A2, 0x38E1, 0x38E1, 0x6162, 0x7A22, 0xDCCA, 0xD468, 0x71A1, 0x40C1,
    0x4962, 0xA325, 0xA325, 0xBB86, 0xB345, 0x92A4, 0x9AE4, 0xA2E4, 0x8A83, 0x8A63, 0x8A64, 0x8A84,
    0x8A83, 0x8243, 0x92A4, 0x92C4, 0x8A63, 0x92C4, 0x9AE4, 0x9AE4, 0x9AC5, 0xA325, 0xCC47, 0xAB24,
    0xA304, 0x4962, 0x63EB, 0x7D2F, 0x8DD1, 0x8DB1, 0x8DB1, 0x8DB1, 0x8DB1, 0x7D10, 0x9DF2, 0x9DF2,
    0x9DF2, 0x9DF2, 0x9DF2, 0xA613, 0xA633, 0x7D30, 0x95D2, 0x95D2, 0x95D2, 0x95D2, 0x95D2, 0x95D2,
    0x7CEF, 0x7D0F, 0x74AE, 0x646D, 0x6C6D, 0x63CB, 0x1922, 0x8A83, 0x9284, 0x92A4, 0x8A64, 0x7A23,
    0x2881, 0x0000, 0x3226, 0x6C4D, 0x6C6D, 0x7CEF, 0x7CEF, 0x8510, 0x95D2, 0x95D2, 0x95D2, 0x8D91,
    0x95D2, 0x95D2, 0x95D2, 0x95D2, 0x95D2, 0x95D2, 0x95D2, 0x95D2, 0x7D50, 0x95B1, 0x95D2, 0x95F2,
    0x95D2, 0x9DF2, 0x95D2, 0x8DB1, 0x95B1, 0x8571, 0xA613, 0x9E13, 0xA633, 0xA613, 0xA613, 0xA613,
    0x9DF2, 0x9E12, 0x7D30, 0x9E13, 0x9E13, 0xA613, 0x9E13, 0xA613, 0xA613, 0xA613, 0xA613, 0x74EF,
    0x9DF2, 0x95F2, 0x9DF2, 0x9DF2, 0x95F2, 0x9DF2, 0x9DF2, 0x9E13, 0x29E4, 0xB364, 0xAB66, 0xAB66,
    0xAB46, 0xAB66, 0xAB66, 0xCC07, 0x9284, 0xA305, 0x9AA4, 0x92A4, 0x92A4, 0x0000, 0x0000, 0x0000,
    0x0000, 0x0000, 0x0000, 0x0000, 0x0000, 0x1040, 0x9AA4, 0x9AA4, 0x9284, 0x92A4, 0x8223, 0xAB66,
    0x92C4, 0xAB66, 0xAB66, 0xA325, 0xAB65, 0x3205, 0x95F2, 0x95F2, 0x95D2, 0x95D2, 0x95D2, 0x95D2,
    0x95D2, 0x750F, 0xA613, 0xA613, 0xA613, 0x9E12, 0xA613, 0xA633, 0x95D2, 0x7CEF, 0x92C4, 0x92A4,
    0x92C4, 0x92A4, 0x4964, 0xD5B2, 0xF6F7, 0xF6F8, 0x4B4B, 0x8DD2, 0x9653, 0x9633, 0xA674, 0xB6D5,
    0x9633, 0x9633, 0x9633, 0xD653, 0x9D70, 0x7D71, 0x9633, 0x9613, 0x85D2, 0x8DD2, 0x9613, 0x8DF2,
    0x9613, 0x9633, 0x9613, 0x85B2, 0x85B2, 0x85B2, 0x9613, 0x9613, 0x7D91, 0x8591, 0xAEB5, 0x95F3,
    0x8591, 0x7D91, 0x9613, 0x85B1, 0x9633, 0x8DF2, 0x6CCE, 0x8DF2, 0x8DF2, 0x9613, 0x9633, 0x7D51,
    0x7D50, 0x8E12, 0x9613, 0x9633, 0x9613, 0x7D50, 0x8DF2, 0x95F3, 0x7D71, 0x750F, 0x7530, 0x6D2F,
    0x4C2C, 0x8C2D, 0xDDF2, 0xE6F6, 0xEF38, 0xF77A, 0xFFFF, 0x5A46, 0x71E2, 0xBBE6, 0xBBC6, 0xB386,
    0xAB66, 0xB3C7, 0x9AE4, 0xA2E4, 0xA305, 0x92A4, 0x9AE4, 0x92A4, 0x7A43, 0x69C2, 0xA2E4, 0xA2C4,
    0x7A02, 0xA2E5, 0x92C4, 0x8AA4, 0x71E3, 0x92A4, 0xA346, 0x8223, 0x9AE4, 0x9AE5, 0x92C4, 0x92A4,
    0xAB66, 0xDC88, 0xB385, 0xAB45, 0x6A03, 0x29E6, 0x74EF, 0x8D91, 0x95B2, 0x7D30, 0x9E12, 0x9E12,
    0x9DF2, 0x9DF2, 0x95F2, 0x9E12, 0x9E12, 0x7D10, 0x95D2, 0x95D2, 0x95D2, 0x95D2, 0x95D2, 0x95D2,
    0x95D2, 0x95B2, 0x95B1, 0x6C8E, 0x7D10, 0x7D0F, 0x7CEF, 0x7D0F, 0x8D71, 0x74AE, 0x74AE, 0x748E,
    0x6C4D, 0x7CCF, 0x642D, 0x7D0F, 0x7CEF, 0x7CEF, 0x95D2, 0x95D2, 0x95D2, 0x95D2, 0x95D2, 0x8D91,
    0x95D2, 0x95D2, 0x95D2, 0x95D2, 0x95D2, 0x95D2, 0x95D2, 0x95B2, 0x7D50, 0x8DB1, 0x95B1, 0x95D2,
    0x95D2, 0x95D2, 0x8DB1, 0x8DB1, 0x8DB1, 0x8550, 0x9E13, 0x9E12, 0x9E13, 0xA613, 0x9E12, 0x9DF2,
    0x9E13, 0x9DF2, 0x750F, 0xA613, 0x9E13, 0xA613, 0xA613, 0xA613, 0xA613, 0x9E13, 0xA613, 0x7D10,
    0x95F2, 0x9DF2, 0x9DF2, 0x9DF2, 0x9DF2, 0x9DF2, 0x9DF2, 0x9E13, 0x29E5, 0xB344, 0xAB66, 0xAB65,
    0xAB45, 0xAB66, 0xAB66, 0xCC47, 0x8A64, 0x92A4, 0x92A4, 0x9AA4, 0x92A4, 0x0000, 0x0000, 0x0000,
    0x0000, 0x0000, 0x0000, 0x0000, 0x0000, 0x1040, 0x9AA4, 0x8A64, 0x8A83, 0x92A4, 0x8223, 0xB386,
    0x92C4, 0xAB66, 0xAB66, 0xA345, 0xA345, 0x29E5, 0x95D2, 0x95D2, 0x95D2, 0x95D2, 0x95D2, 0x95D2,
    0x95D2, 0x750F, 0xA613, 0x9E12, 0xA633, 0x9E12, 0x9E12, 0x95D2, 0x74EE, 0x92E5, 0xA325, 0xAB45,
    0xAB45, 0x7A43, 0xC4EF, 0xE633, 0xF6D6, 0x43AC, 0x85B2, 0x9E54, 0x9E54, 0x9E54, 0x9633, 0x9633,
    0x9633, 0x9613, 0x9633, 0xAE55, 0x8DD2, 0xCED7, 0x9613, 0x9633, 0x9E33, 0x9633, 0x7D50, 0x9613,
    0x9613, 0x9613, 0x9613, 0x85B1, 0x85B2, 0x85B2, 0x85B2, 0x9613, 0x85D1, 0x7D91, 0xA674, 0x7530,
    0x7D71, 0x8DD2, 0x64CF, 0x7D71, 0x7D91, 0x7D51, 0x9613, 0x8DF2, 0x7D70, 0x9613, 0x7550, 0x7D51,
    0x9613, 0x9613, 0x9613, 0x9634, 0x7D71, 0x7530, 0x6D10, 0x5C4D, 0x8DF2, 0x9E33, 0xC757, 0xC737,
    0x9E54, 0x8DF3, 0x9612, 0x7530, 0xE778, 0xFF9B, 0xFFBB, 0xF79D, 0x5162, 0x6181, 0xBBC6, 0xBBA6,
    0xD468, 0xCC88, 0x4122, 0xA2E4, 0xA305, 0x9AE4, 0x7A23, 0x8A84, 0x71E3, 0x69E2, 0x9AC4, 0xA2E4,
    0x92A4, 0xA305, 0x92A4, 0x8A63, 0x71E3, 0x92A4, 0x92A4, 0x92C4, 0x9AE4, 0x9AE5, 0x9AC4, 0x8A63,
    0x9284, 0x9AE4, 0x9AC4, 0xB366, 0xD468, 0xAB65, 0xAB46, 0x28A1, 0x4BAA, 0x750F, 0x9DF2, 0x9E12,
    0x9DF2, 0x9DF2, 0x9DF2, 0x9DF2, 0x9E12, 0x8D91, 0x95D2, 0x95D2, 0x95F2, 0x95D2, 0x95D2, 0x95D2,
    0x95D2, 0x95D2, 0x95D2, 0x8571, 0x9DD2, 0x9DF2, 0x7D0F, 0x7CEF, 0x850F, 0x7CEF, 0x7CEF, 0x7D0F,
    0x7CEF, 0x7CEF, 0x6C6E, 0x9DF2, 0x95D2, 0x95D2, 0x95D2, 0x95D2, 0x95B2, 0x95D2, 0x95D2, 0x95B1,
    0x95D2, 0x95D2, 0x95D2, 0x95D2, 0x95D1, 0x95D2, 0x95D2, 0x95B2, 0x8550, 0x95B1, 0x95B1, 0x95B2,
    0x95B2, 0x95D2, 0x8DB1, 0x95B1, 0x8DB1, 0x8D91, 0x9E12, 0x9DF2, 0x9E13, 0x9DF3, 0x9DF3, 0xA613,
    0xA612, 0x9DF2, 0x7D10, 0xA613, 0xA613, 0xA613, 0xA613, 0x9E13, 0xA613, 0xA613, 0xA613, 0x7D30,
    0x9DF2, 0x9DF2, 0x9DF2, 0x9DF2, 0x9DF2, 0x9DF2, 0x9DF2, 0x9DF2, 0x29E5, 0xB344, 0xA325, 0xAB66,
    0xAB46, 0xAB66, 0xAB66, 0xD448, 0x9AA4, 0x92A4, 0x9AC4, 0x9AA4, 0x92A4, 0x0000, 0x0000, 0x0000,
    0x0000, 0x0000, 0x0000, 0x0000, 0x0000, 0x1040, 0x92A4, 0x8243, 0x9284, 0x92A4, 0x8223, 0xB386,
    0x92C4, 0xAB66, 0xB386, 0xA305, 0xA345, 0x29E5, 0x95D2, 0x95F2, 0x95D2, 0x95D2, 0x95D2, 0x95D2,
    0x95D2, 0x7D0F, 0x9E12, 0x9DF2, 0x9E12, 0x9DF2, 0x8DD2, 0x642C, 0x9B05, 0x9B05, 0xA325, 0xA325,
    0x8A63, 0x30C1, 0xC50F, 0xD591, 0x7BAC, 0x7D91, 0x85B2, 0x9613, 0x8DD2, 0x9E33, 0x9E53, 0x9E53,
    0x9633, 0x9633, 0x9E34, 0xF7DC, 0xAE54, 0x9570, 0x8570, 0x9633, 0x9633, 0x8DF2, 0x9633, 0x9E13,
    0x9613, 0x9613, 0x9613, 0x8DD2, 0xE758, 0xA5F2, 0x85B2, 0x8E13, 0x85B1, 0x7D91, 0x8DD1, 0x646E,
    0x7550, 0x7D71, 0x6CCF, 0x8DB2, 0x6CEF, 0x7550, 0x95F2, 0x7D50, 0x8591, 0x7D50, 0x7D50, 0x7D50,
    0x8DB2, 0x8591, 0x7530, 0x7510, 0x7530, 0x53EB, 0xA694, 0xA694, 0xA674, 0xAE95, 0xAE95, 0xAE94,
    0xA694, 0xA694, 0xAEB5, 0xA695, 0xA695, 0x5D0F, 0xDE75, 0xBCAE, 0x4942, 0x61A2, 0x3922, 0xBBC6,
    0xC3E7, 0xC407, 0xC3E7, 0x0000, 0x92A4, 0x9AC5, 0x8A84, 0x8A84, 0x7A03, 0x40E0, 0x5962, 0x8223,
    0x9AE4, 0x9AE4, 0x8263, 0x40E1, 0x40E1, 0x8243, 0x92C4, 0x92C4, 0x92C5, 0x92C4, 0x9AE5, 0x9AE5,
    0x8A84, 0x9B05, 0x9B05, 0x92A4, 0x92E4, 0x92C4, 0x9B05, 0xCC27, 0xB365, 0x9AC4, 0x8A43, 0x29E6,
    0x6CCE, 0x9DF2, 0x9DF2, 0x9DF2, 0x9E12, 0x8D71, 0x95D2, 0x95D2, 0x95F2, 0x95F2, 0x95F2, 0x95D2,
    0x95D2, 0x95D2, 0x95D2, 0x8571, 0x9DF2, 0x9DF2, 0x9E12, 0x9DF2, 0x9DF2, 0x9DD2, 0x95D2, 0x95D2,
    0x95D2, 0x95D2, 0x8570, 0x95F2, 0x95D2, 0x95D2, 0x95D2, 0x95D2, 0x95B2, 0x95D2, 0x95D2, 0x95B1,
    0x95D2, 0x95D2, 0x95D2, 0x95D2, 0x95D2, 0x95D2, 0x95B2, 0x95D2, 0x7D50, 0x8DB1, 0x95B1, 0x95B2,
    0x95D2, 0x8DB2, 0x8DB1, 0x95B1, 0x95B2, 0x8D91, 0x9DF2, 0x9DF2, 0x9DF2, 0xA613, 0x9E13, 0x9E13,
    0x9DF2, 0x9E12, 0x7D10, 0xA613, 0xA613, 0xA613, 0xA613, 0xA612, 0x9E13, 0xA613, 0xA633, 0x7530,
    0x9DF2, 0x9DF2, 0x9DF2, 0x9DF2, 0x9DF2, 0x9DF2, 0x9DF2, 0x9DF2, 0x2A05, 0xAB44, 0xB366, 0xAB66,
    0xAB45, 0xAB66, 0xAB66, 0xC407, 0x92A4, 0x92A4, 0x9AA4, 0x92A4, 0x92A4, 0x0000, 0x0000, 0x0000,
    0x0000, 0x0000, 0x0000, 0x0000, 0x0000, 0x1860, 0x92A4, 0x8243, 0x92A4, 0x92A4, 0x8A63, 0xB386,
    0x9AE4, 0xAB65, 0xB366, 0xA325, 0xA345, 0x29C4, 0x95D2, 0x95D2, 0x95D2, 0x95D2, 0x95D2, 0x95D2,
    0x95F2, 0x7D10, 0x9DF2, 0x9DF2, 0x9DF2, 0x95B2, 0x6CCE, 0xBBA6, 0xA324, 0x9AE4, 0x9B05, 0x8AA4,
    0x1820, 0x0000, 0xD5D2, 0xCD92, 0x7550, 0x64CE, 0x648E, 0x5CAE, 0x5C6E, 0x544D, 0x85B1, 0x8DF2,
    0x9633, 0x9E33, 0x9E33, 0x9633, 0x9633, 0x9E53, 0xB6F5, 0x7D71, 0x9633, 0x9633, 0x8DD2, 0x9613,
    0x9612, 0x9E33, 0x8DF2, 0xF77A, 0xB612, 0xE675, 0xF759, 0x7D91, 0x7D71, 0x7D71, 0x7D70, 0x4BAC,
    0x7D71, 0x7D50, 0x7D51, 0xCE34, 0xDE95, 0x7D51, 0x7550, 0x7D71, 0x7D71, 0x7D51, 0x7D51, 0x9613,
    0x7D51, 0x7530, 0x434A, 0x5C4D, 0x9613, 0xAED5, 0xB6F5, 0xA694, 0xAE94, 0xAE94, 0xA694, 0xA694,
    0xAE95, 0xBEF6, 0xAE94, 0xAE95, 0xA694, 0x9E73, 0x646E, 0xFFFF, 0xF7BC, 0xFFFD, 0x5206, 0xCC27,
    0xC3E6, 0xBBE7, 0xBBC7, 0xC407, 0x8A64, 0x8243, 0x5982, 0x92A4, 0xAB45, 0xBB86, 0xB386, 0x92C5,
    0x61C2, 0x9AE4, 0xB366, 0xBB86, 0xAB66, 0x92C4, 0x8263, 0x2880, 0x7203, 0x9AC4, 0x92C4, 0x92A4,
    0x9AE5, 0x9AE4, 0x9AE4, 0x8A84, 0x9AC4, 0x9AE4, 0x8243, 0x92C4, 0x9AE4, 0xB3A5, 0xDCA8, 0xAB45,
    0xAB04, 0x8A84, 0x4AA7, 0x74CE, 0x9DF2, 0x8571, 0x95D2, 0x95F2, 0x95F2, 0x95F2, 0x95F2, 0x95F2,
    0x95D2, 0x95D2, 0x95D2, 0x8571, 0x9DF2, 0x9DF2, 0x95D2, 0x9E13, 0x95F2, 0x95D2, 0x95D2, 0x95D2,
    0x95D2, 0x95D2, 0x8550, 0x95D2, 0x95D2, 0x95D2, 0x95D2, 0x95D2, 0x95D2, 0x95D2, 0x95D2, 0x8570,
    0x95D1, 0x95D2, 0x95D2, 0x95D2, 0x95D2, 0x95D2, 0x95B1, 0x95D2, 0x7D30, 0x8DB1, 0x95B1, 0x95B1,
    0x95D2, 0x95D2, 0x95B1, 0x95B1, 0x95B2, 0x8D91, 0x9DF2, 0x9DF2, 0x9E13, 0x9E13, 0x9E13, 0x9DF2,
    0x9E13, 0x9E13, 0x7D0F, 0xA613, 0x9E12, 0xA613, 0x9E13, 0xA613, 0xA613, 0xA613, 0xA633, 0x750F,
    0x9DF2, 0x9DF2, 0x9DF2, 0x9DF2, 0x9DF2, 0x9DF2, 0x9DF2, 0x9DF2, 0x29E4, 0xA304, 0xB386, 0xAB66,
    0xAB45, 0xAB66, 0xAB66, 0xC407, 0x92A4, 0x92A4, 0x92A4, 0x9AA4, 0x9AA4, 0x0000, 0x0000, 0x0000,
    0x0000, 0x0000, 0x0000, 0x0000, 0x0000, 0x1860, 0x92A4, 0x8223, 0x92A4, 0x92A4, 0x8A63, 0xB386,
    0x9B04, 0xAB66, 0xAB66, 0xAB65, 0xA345, 0x29E5, 0x95D2, 0x95F2, 0x95D2, 0x95D2, 0x95D2, 0x95D2,
    0x9DD2, 0x7D30, 0x9DF2, 0x9DF2, 0x8D91, 0x646D, 0x6223, 0xAB65, 0xC3E6, 0xBBA6, 0x51A3, 0xF6F6,
    0xF6B6, 0xE634, 0xC54F, 0x7D70, 0x85D2, 0x85D2, 0x85D2, 0x9633, 0x9633, 0x9E33, 0x9E54, 0x9E54,
    0x64AE, 0x5C8E, 0x64AE, 0x8DD2, 0x9613, 0x9E33, 0xA674, 0xA674, 0x8DD2, 0x9613, 0x9613, 0x8DF2,
    0x9613, 0x9633, 0x9613, 0x8DF2, 0xEF18, 0xEF59, 0x95D3, 0x85B2, 0x7D91, 0x7D91, 0x7D70, 0x4B8B,
    0x7D71, 0x8592, 0x8592, 0x8D92, 0x7D30, 0x7530, 0x6CEF, 0x7D50, 0x7D71, 0x7D50, 0x7D50, 0x646E,
    0x6CCF, 0x5C4D, 0x7D70, 0x8E13, 0x9E53, 0x9633, 0x9E54, 0xA694, 0xA674, 0xAEB5, 0xAEB5, 0xA694,
    0xAE94, 0xAE95, 0xA695, 0xA694, 0x9633, 0x8E12, 0x9633, 0x84EF, 0xD5F2, 0xDEF9, 0xFFFD, 0x6A23,
    0xA345, 0xB3A6, 0xB3A7, 0xC408, 0x28A1, 0x9AE4, 0xAB66, 0xA305, 0xAB45, 0xB366, 0xB386, 0xB3A6,
    0xB386, 0xB386, 0xBB86, 0xBBA6, 0xBBA6, 0xBBC6, 0xAB45, 0x92C4, 0x8284, 0x8A84, 0x40E1, 0x7202,
    0x8A63, 0x92C4, 0x8A83, 0x9AE5, 0x9AE5, 0x9AE4, 0xA325, 0x9284, 0x92A4, 0x92C4, 0x9AC4, 0x9B05,
    0x9AC5, 0xDCA8, 0xBBC6, 0xAB45, 0xA325, 0x3942, 0x6C8E, 0x8551, 0x95F2, 0x95D2, 0x95D2, 0x95D2,
    0x95D2, 0x95D2, 0x95D2, 0x8D91, 0x9DF2, 0x9E12, 0x95D2, 0x9DF2, 0x95D2, 0x95D2, 0x95D2, 0x95D2,
    0x95D2, 0x95D2, 0x7D30, 0x95D2, 0x95D2, 0x95D2, 0x95D2, 0x95D2, 0x95D2, 0x95D2, 0x95D2, 0x95B1,
    0x95D2, 0x95D2, 0x95D2, 0x95D2, 0x95D2, 0x95D2, 0x95B1, 0x8DB1, 0x7D30, 0x8DB1, 0x95B1, 0x95B1,
    0x95B1, 0x95B2, 0x95D1, 0x95B1, 0x8DB2, 0x8D91, 0x9DF2, 0x9DF2, 0x9DF2, 0x9E12, 0x9E13, 0x9DF2,
    0x9E12, 0x9DF2, 0x74EF, 0xA613, 0xA613, 0xA613, 0xA613, 0xA613, 0xA613, 0xA613, 0xA613, 0x7D10,
    0x9DF2, 0x9DF2, 0x9DF2, 0x9DF2, 0x9DF2, 0x9DF2, 0x9DF2, 0x9DF2, 0x29E4, 0xB365, 0xB366, 0xAB66,
    0xAB65, 0xAB66, 0xAB65, 0xC3E7, 0x9AA4, 0x92A4, 0x9AA4, 0x9AC4, 0x9AA4, 0x0000, 0x0000, 0x0000,
    0x0000, 0x0000, 0x0000, 0x0000, 0x0020, 0x1860, 0x9284, 0x8223, 0x92A4, 0x9284, 0x8A43, 0xAB66,
    0xAB65, 0xAB66, 0xAB65, 0xAB25, 0xA324, 0x31E5, 0x95D2, 0x95F2, 0x95F2, 0x95F2, 0x95F2, 0x95D2,
    0x9DF2, 0x8571, 0x9DF2, 0x8D91, 0x74CE, 0x1902, 0x9B05, 0xA345, 0xA325, 0xA345, 0xF6F6, 0xF6F7,
    0xF6F7, 0xC570, 0x7551, 0x85B2, 0x9633, 0x9633, 0x9E53, 0x9E33, 0x9E33, 0x9E33, 0x9E53, 0xBEF5,
    0x9E54, 0x9E54, 0x7D91, 0x5C6E, 0x53EC, 0x8591, 0x9E54, 0xA654, 0x7510, 0x9612, 0x9613, 0x9E33,
    0x7510, 0x95F3, 0x9613, 0x95F3, 0x9DF3, 0x7530, 0xD6B5, 0xDEF7, 0x7D91, 0x7D91, 0x8591, 0x436B,
    0x6CCF, 0x7510, 0x7510, 0x7510, 0x7530, 0x7530, 0x74EF, 0x7D50, 0x6CCF, 0x7D50, 0x6CCF, 0x53EC,
    0x648E, 0x3AE9, 0x85B1, 0x9633, 0x9633, 0x85D2, 0x8592, 0x8591, 0xA674, 0xA592, 0x9E33, 0xAEB5,
    0xFFFA, 0xA694, 0xA694, 0xA694, 0xAEB5, 0xAE95, 0xA674, 0x6D0F, 0xFFBB, 0xF75A, 0xCD30, 0x30C1,
    0xC3E7, 0xBBE7, 0xBBC7, 0xC3E6, 0x4921, 0x8244, 0xAB45, 0xB386, 0xB365, 0xAB45, 0xBBA6, 0xB386,
    0xB386, 0xAB45, 0xAB45, 0xBBA6, 0xB386, 0xB345, 0x8A63, 0xCC07, 0xB365, 0xAB45, 0x9AE4, 0x8A64,
    0x8243, 0x38C0, 0x7A23, 0x92C4, 0x9AE5, 0x9AE4, 0x9AC4, 0x9AE4, 0x9AE4, 0xA325, 0x92C4, 0x92A4,
    0x9AE4, 0x9AE4, 0x9AC4, 0xB3A6, 0xF56B, 0xAB45, 0xA304, 0x8A83, 0x2164, 0x74CE, 0x95B1, 0x95D2,
    0x95D2, 0x95D2, 0x95D2, 0x8571, 0x9DF2, 0x95D2, 0x95D2, 0x95D2, 0x95D2, 0x95D2, 0x95D2, 0x95D2,
    0x95D2, 0x95D2, 0x7D30, 0x95D2, 0x95D2, 0x95D2, 0x95D2, 0x95D2, 0x95D2, 0x95D2, 0x95D2, 0x95B1,
    0x95D2, 0x95D2, 0x95D2, 0x95D2, 0x95D2, 0x95D2, 0x95B1, 0x95B1, 0x7D30, 0x95B1, 0x95B2, 0x95B2,
    0x95B2, 0x95B2, 0x95B1, 0x8DB1, 0x8DB1, 0x8D91, 0x9DF2, 0x9DF2, 0x9DF2, 0x9DF2, 0x9E13, 0x9E13,
    0x9E13, 0x9DF3, 0x74EF, 0xA613, 0xA613, 0xA613, 0xA613, 0xA613, 0xA613, 0xA613, 0xA613, 0x7D10,
    0x9DF2, 0x9DF2, 0x9DF2, 0x9DF2, 0x9DF2, 0x9DF2, 0x9DF2, 0x9DF2, 0x21C4, 0xAB65, 0xB366, 0xB386,
    0xB366, 0xAB66, 0xAB66, 0xBBA6, 0x92A4, 0x92A4, 0x9AC4, 0x9AC4, 0x92A4, 0x0000, 0x0000, 0x0000,
    0x0000, 0x0000, 0x0000, 0x0000, 0x0820, 0x2080, 0x9AA4, 0x8223, 0x92A4, 0x92A4, 0x8A63, 0xB366,
    0xA325, 0xAB66, 0xB386, 0xAB45, 0xA345, 0x3205, 0x95D2, 0x95D2, 0x95F2, 0x95F2, 0x95F2, 0x9DF2,
    0x95F2, 0x8551, 0x95D2, 0x8550, 0x644D, 0x4101, 0xA346, 0xAB65, 0xA325, 0x0800, 0xDDD2, 0xD590,
    0xDE34, 0x64AF, 0x7D91, 0x9613, 0xA674, 0x9E54, 0x9E54, 0x9E54, 0x9E33, 0x9E33, 0x8DF2, 0x9653,
    0x9E54, 0x9E54, 0xA674, 0xA695, 0xA675, 0x5C0C, 0xDF99, 0x7D30, 0x6CCF, 0x7530, 0x7530, 0x8DD2,
    0x9DB1, 0x7530, 0x7D71, 0x7D71, 0x7D71, 0x64AE, 0x7550, 0x7551, 0x7D91, 0x8592, 0x7510, 0x436B,
    0x53EC, 0x64AE, 0x646E, 0x648E, 0x7530, 0x7510, 0x7510, 0x74EF, 0x6CEF, 0x6CEF, 0x644E, 0x4BAC,
    0x3B29, 0x7D51, 0x85B2, 0x7D91, 0x7D50, 0x7530, 0x7510, 0x6D10, 0x6CEF, 0x74AF, 0x7550, 0x9633,
    0x9613, 0x9E34, 0x8DF2, 0xAE95, 0x9E33, 0xA674, 0xA674, 0x8DF2, 0xDE14, 0xD5D2, 0xCD0F, 0x5982,
    0xBBE7, 0xBBE7, 0xBBE7, 0xC428, 0x51A2, 0xB366, 0xBBA6, 0x9283, 0xCBE7, 0xC3E7, 0xBBA6, 0xB386,
    0xBBA6, 0xBBA6, 0xB386, 0xBBA6, 0x92A3, 0xC406, 0xBBA6, 0xBBA6, 0xB386, 0xB386, 0xAB45, 0xAB45,
    0xAB25, 0x9B05, 0x8A84, 0x92C4, 0x38C1, 0x7A23, 0x8AA4, 0x92E4, 0x9AE4, 0x9AE4, 0x9B05, 0x92C4,
    0xA305, 0x9AC4, 0x8A83, 0x92A4, 0x9AE5, 0x9AC4, 0x92A4, 0xECE8, 0xBB85, 0xAB45, 0x9B25, 0x20E2,
    0x74EF, 0x8530, 0x9DD2, 0x95D2, 0x9DF2, 0x95D2, 0x95D2, 0x95D2, 0x95D2, 0x95D2, 0x95D2, 0x95D2,
    0x95F2, 0x95F2, 0x7D10, 0x95D2, 0x95D1, 0x95B2, 0x95D2, 0x95D2, 0x95D2, 0x95D2, 0x95D2, 0x95B1,
    0x95B1, 0x95B1, 0x95B2, 0x95B1, 0x95D2, 0x95B1, 0x95B1, 0x95B1, 0x7D30, 0x95B1, 0x95D2, 0x95D2,
    0x95B1, 0x95B2, 0x95B1, 0x95B1, 0x8DB1, 0x8DB1, 0x9DF2, 0x9DD2, 0x95D2, 0x9DF2, 0x9E13, 0x9E13,
    0xA613, 0x9DF2, 0x750F, 0xA613, 0xA613, 0xA613, 0x9E13, 0xA613, 0x9E13, 0x9E13, 0xA613, 0x7D30,
    0x9DF2, 0x9DF2, 0x9DF2, 0x9DF2, 0x9DF2, 0x9DF2, 0x9DF2, 0x9DF2, 0x29E4, 0xA304, 0xAB66, 0xAB66,
    0xAB66, 0xAB66, 0xAB66, 0xC3C6, 0x9AC4, 0x9AC4, 0x9AC4, 0x9AC4, 0x92A4, 0x0000, 0x0000, 0x0000,
    0x0000, 0x0000, 0x0000, 0x0000, 0x0020, 0x2080, 0x9AA4, 0x8244, 0x92A4, 0x92A4, 0x8A64, 0xB386,
    0xA345, 0xAB66, 0xBBA6, 0xAB45, 0xA345, 0x3226, 0x95F2, 0x95F2, 0x95D2, 0x95F2, 0x95D2, 0x95F2,
    0x95D2, 0x7D10, 0x8D71, 0x74AE, 0x5C0C, 0xC3C7, 0xBBA6, 0xBB86, 0xAB86, 0x0000, 0xE654, 0xF6D6,
    0xA48E, 0x6CEF, 0x8591, 0x85B2, 0x9613, 0xD6F6, 0xDED7, 0xBEB6, 0x9E54, 0x9E33, 0x9613, 0xF7BA,
    0xF7DB, 0xAE74, 0xAEB5, 0x9E33, 0x9633, 0x8E12, 0x8571, 0x5C6D, 0x4BCB, 0x7530, 0x7530, 0x85B2,
    0x8592, 0x7D71, 0x6CEF, 0x7D71, 0x7D71, 0x6D0F, 0x64AF, 0x6CEF, 0x6D0F, 0x64AF, 0x542D, 0x3B29,
    0x3B29, 0x434A, 0x3B29, 0x3B09, 0x3B29, 0x5C6D, 0x5C4D, 0x5C0D, 0x648E, 0x5C2D, 0x53EC, 0x3AE9,
    0x53ED, 0x7550, 0x7530, 0x6CEF, 0x7D50, 0x7D70, 0x9612, 0x9613, 0x8DD2, 0xA694, 0xAEB4, 0xCF37,
    0xA694, 0x9E33, 0xA674, 0xB6D5, 0x9E54, 0x85D2, 0x85B1, 0x7550, 0x83CB, 0xD591, 0x0000, 0x0820,
    0xC427, 0xC427, 0xC407, 0xBBE7, 0x4961, 0xAB46, 0xB366, 0xB366, 0xB386, 0xC3C6, 0x9AE4, 0xE4C8,
    0xBBA6, 0x9AA3, 0xA325, 0xB386, 0xBBA7, 0xBBA6, 0xBBA6, 0xBBA6, 0xB386, 0xB3A6, 0xBBA6, 0xA325,
    0xC3C6, 0xB386, 0xB386, 0xB366, 0xA325, 0xA325, 0x9284, 0x61A2, 0x5962, 0x7A03, 0x9B05, 0x9AE4,
    0x92C4, 0x9AE4, 0x9B05, 0x9AE4, 0x9AE4, 0x8A84, 0x8A84, 0x9AC4, 0x9AE4, 0xA305, 0xD468, 0xBBA6,
    0xB386, 0xB385, 0x5182, 0x646D, 0x8550, 0x95D1, 0x95D2, 0x95D2, 0x95F2, 0x95D2, 0x95D2, 0x95D2,
    0x95D2, 0x95D2, 0x7D30, 0x95D2, 0x95D2, 0x95D2, 0x95D2, 0x95D2, 0x95D2, 0x95D2, 0x95D2, 0x8D70,
    0x95D2, 0x95B2, 0x95B2, 0x95D2, 0x95B1, 0x95B2, 0x95D2, 0x95B2, 0x7D50, 0x95D1, 0x95D2, 0x95D2,
    0x95B2, 0x95D2, 0x95B1, 0x95B1, 0x8DB1, 0x8D91, 0x95F2, 0x9DF2, 0x9DF2, 0x9DF2, 0x9DF2, 0x9DF2,
    0x9E12, 0x9DF2, 0x74EF, 0x9E13, 0x9E13, 0xA613, 0x9DF2, 0xA613, 0xA613, 0x9E13, 0xA613, 0x750F,
    0x9DF2, 0x9DF2, 0x9DF2, 0x9DF2, 0x9DF2, 0x9DF2, 0x95F2, 0x9DF2, 0x2A05, 0xAB45, 0xAB66, 0xAB65,
    0xAB66, 0xAB65, 0xAB65, 0xBBC6, 0x9AA4, 0x9284, 0x9AC4, 0x9AC4, 0x9284, 0x0000, 0x0000, 0x0000,
    0x0000, 0x0000, 0x0000, 0x0000, 0x0000, 0x2080, 0x9AA4, 0x8A64, 0x9AA4, 0x92A4, 0x8A64, 0xB386,
    0xAB45, 0xAB66, 0xBBA6, 0xAB45, 0x9B25, 0x3226, 0x95D2, 0x95F2, 0x9DF2, 0x95D2, 0x95D2, 0x95B1,
    0x95D2, 0x648E, 0x6CAE, 0x6C8E, 0x5C0C, 0xBBC7, 0xB386, 0xB386, 0xAB66, 0x0000, 0xBCCD, 0xD591,
    0xDDF4, 0x64AF, 0x7D71, 0x9E54, 0x9634, 0xDED6, 0xBE13, 0x8DF2, 0x85B1, 0x9E54, 0xFFDA, 0xAE14,
    0xF56E, 0xEFDC, 0xA674, 0x9633, 0x9612, 0x9633, 0x9613, 0x8DD2, 0x4BCB, 0x6CCF, 0x7530, 0x7530,
    0x7530, 0x7530, 0x7510, 0x6CEF, 0x6CEF, 0x648E, 0x4BAB, 0x3B2A, 0x3B09, 0x5C2D, 0x64EF, 0x6CCF,
    0x7550, 0x85D2, 0x8DD2, 0xAE94, 0x9612, 0x7D50, 0x7530, 0x6CCF, 0x646E, 0x434A, 0x4BAB, 0x3B0A,
    0x5C2D, 0x64CF, 0x7530, 0x7550, 0xAE52, 0x9612, 0x9614, 0x9633, 0x8DF2, 0x8E13, 0x9613, 0x9633,
    0xA6B4, 0x9632, 0xA694, 0xA694, 0xAE94, 0x85D2, 0x85B1, 0x7530, 0x53AC, 0xD5B2, 0xB48C, 0x9B25,
    0xCC27, 0xC428, 0xC428, 0xC428, 0x69C2, 0xA305, 0xAB65, 0xB386, 0xB386, 0xC3E7, 0xDC88, 0xB366,
    0x7202, 0xCC07, 0xBBC6, 0xBBA7, 0xBBA7, 0xBBA7, 0xBBC7, 0xBBA6, 0xBBA6, 0xBBA6, 0xBBA6, 0xBBA6,
    0xBBA6, 0xBBA6, 0xB365, 0xAB25, 0xB366, 0xB386, 0xAB45, 0xBBC6, 0x6182, 0x92A4, 0x4921, 0x5162,
    0x7A23, 0x9AE4, 0x9AC4, 0x9AE4, 0x8A83, 0x92C4, 0x9AE4, 0xA305, 0x92A4, 0x9AE4, 0x9AC4, 0x9AE4,
    0x92A4, 0xCC07, 0xC3E6, 0xA324, 0x9AC4, 0x5982, 0x644D, 0x7CCF, 0x9DF2, 0x95F2, 0x95F2, 0x95D2,
    0x95D2, 0x95D2, 0x7D30, 0x95D2, 0x95D2, 0x95D2, 0x95D2, 0x95D1, 0x95D2, 0x95D2, 0x95D2, 0x8D71,
    0x95D2, 0x95B1, 0x95B1, 0x95B1, 0x95B2, 0x95B2, 0x95D2, 0x95D2, 0x7D30, 0x8DB1, 0x95B2, 0x95D2,
    0x95D2, 0x95D2, 0x95B2, 0x95D2, 0x95D2, 0x95B1, 0x95D2, 0x95D2, 0x95D2, 0x95F2, 0x95D2, 0x95D2,
    0x9DF2, 0x95D2, 0x74EF, 0x9DF2, 0x9DF3, 0xA613, 0x9DF2, 0x9E13, 0x9E13, 0xA613, 0x9E13, 0x7510,
    0x9DF2, 0x9DF2, 0x9DF2, 0x9DF2, 0x9DF2, 0x9DF2, 0x9DF2, 0x9DF2, 0x2A25, 0xAB45, 0xAB66, 0xAB66,
    0xAB66, 0xAB45, 0xAB66, 0xA2E5, 0x9AA4, 0x8A63, 0x9AA4, 0x9AC4, 0x9284, 0x0000, 0x0000, 0x0000,
    0x0000, 0x0000, 0x0000, 0x0000, 0x0000, 0x2060, 0x9AA4, 0x8A64, 0x9AC4, 0x92C4, 0x8A63, 0xB386,
    0xAB66, 0xAB66, 0xB386, 0xA305, 0xA345, 0x3A46, 0x95B1, 0x95F2, 0x9DF2, 0x95D2, 0x95D1, 0x95B1,
    0x95B1, 0x6C8E, 0x74AE, 0x6C6D, 0x4B4A, 0xD489, 0xAB45, 0xAB66, 0xBBC6, 0xAB24, 0x7AC6, 0xC50F,
    0xDE13, 0x6CEF, 0x7D50, 0x7D70, 0x8DF3, 0x8DF2, 0x8DF3, 0x95F2, 0x8DD2, 0x9E54, 0xA674, 0xD738,
    0xDF18, 0xC673, 0x8E12, 0x9613, 0x9613, 0x9613, 0x9613, 0x9613, 0x8E12, 0x4B8B, 0x648E, 0x7D50,
    0x7530, 0x6CCF, 0x5C2D, 0x3B0A, 0x64AE, 0x7D71, 0x8571, 0x9633, 0x85F1, 0x64CE, 0x7D91, 0x7D71,
    0x8DF3, 0x85B1, 0x9612, 0x9E53, 0x9633, 0x9E53, 0x7550, 0x6CEF, 0x5C2D, 0x540D, 0x53CC, 0x432A,
    0x5C4D, 0x648E, 0x64AF, 0x6D10, 0x6CCF, 0x7D71, 0x85F2, 0x7D91, 0x8DD2, 0x8591, 0x8DF2, 0x7D91,
    0x7D91, 0x85D2, 0x7D71, 0x7D91, 0x7D91, 0x7D91, 0x7D91, 0x6CEF, 0x3B6A, 0xB48D, 0x0000, 0xE50A,
    0x7A23, 0x8263, 0xD4AA, 0xD4C9, 0x4921, 0xAB66, 0xB386, 0x92A4, 0xD468, 0x7A02, 0xC3E7, 0xC3C7,
    0xBBA6, 0xB386, 0xB365, 0x9AE4, 0xE4C9, 0xBBA7, 0xBBA6, 0xBBA6, 0xBBA6, 0xBBA6, 0xBBC6, 0xBBA6,
    0xBBA6, 0xB386, 0xB386, 0xB385, 0xC3E7, 0x9AC4, 0x8A84, 0xBBA6, 0xB386, 0xAB45, 0xAB45, 0xA325,
    0x8A83, 0x69E3, 0x5142, 0x7A43, 0x8AA4, 0x9AE5, 0x9AE4, 0x9AE4, 0x9AE4, 0x9AE5, 0x9AE4, 0x92C4,
    0x92C4, 0x9AE4, 0x9AE4, 0x9AC4, 0xB386, 0xED2A, 0xBBA6, 0xB385, 0x7244, 0x3206, 0x750F, 0x9DF2,
    0x95D2, 0x95F2, 0x7D30, 0x9DF2, 0x95D2, 0x95D2, 0x95D2, 0x95D2, 0x95D2, 0x95D2, 0x95D2, 0x8D71,
    0x95D1, 0x95B2, 0x95B2, 0x95D2, 0x95B2, 0x95D2, 0x95D2, 0x95B1, 0x7D0F, 0x95B1, 0x95B2, 0x95D2,
    0x95B2, 0x95D2, 0x95D1, 0x95B2, 0x95B2, 0x8571, 0x95F2, 0x95D2, 0x95F2, 0x95D2, 0x95D2, 0x95D2,
    0x9DF2, 0x95D2, 0x74EF, 0x9DF2, 0x9E13, 0x9E13, 0x9DF2, 0xA613, 0x9E13, 0x9E13, 0x9E12, 0x74EF,
    0x9DF2, 0x9DF2, 0x9DF2, 0x9DF2, 0x9DF2, 0x9DF2, 0x9DF2, 0x95F2, 0x29E4, 0xAB45, 0xAB66, 0xAB65,
    0xAB65, 0xAB65, 0xAB66, 0x9AC4, 0x9AA4, 0x8A64, 0x9AA4, 0x9AA4, 0x9284, 0x0000, 0x0000, 0x0000,
    0x0000, 0x0000, 0x0000, 0x0000, 0x0020, 0x2080, 0x9AC4, 0x8A64, 0x9AC4, 0x92A4, 0x8A63, 0xB366,
    0xAB66, 0xAB66, 0xB386, 0xA305, 0xA345, 0x3226, 0x95D2, 0x95D2, 0x95F2, 0x95D2, 0x8DB1, 0x95B1,
    0x95D1, 0x644D, 0x74AE, 0x644D, 0x4B6A, 0x40E0, 0xB386, 0xB386, 0xA325, 0x9AC4, 0x3902, 0x5A05,
    0xB48E, 0x5CCE, 0x7530, 0x7D50, 0x6D0F, 0x85D2, 0x8DD2, 0x9613, 0x9613, 0x9613, 0x8DF2, 0x9613,
    0xBED5, 0x9633, 0x9E54, 0x9633, 0x9613, 0x9613, 0x9613, 0x8E13, 0x8DF2, 0x4BAB, 0x53EC, 0x64AE,
    0x5C8E, 0x436A, 0x648E, 0x7530, 0x7D91, 0x8DF2, 0x9613, 0x8DF2, 0xE737, 0xDE54, 0x85B2, 0x9613,
    0x9613, 0x9613, 0x7D91, 0x8E12, 0x7530, 0x7D30, 0x7510, 0x5C6D, 0x3B4A, 0x5C4D, 0x8591, 0x95D2,
    0x8570, 0x8570, 0x750F, 0x5C2C, 0x7550, 0x7550, 0x6CEF, 0x6D0F, 0x752F, 0x85B2, 0x8591, 0x8DD2,
    0x9653, 0xA674, 0x7D91, 0x85D2, 0x7D71, 0x7D70, 0x64EF, 0x64EF, 0x3B49, 0x3122, 0xD468, 0xCC28,
    0xCC28, 0xCC27, 0xED49, 0xA324, 0x5121, 0xB3A6, 0xCC27, 0x8A84, 0xBBA6, 0xA304, 0xAB45, 0xBBA6,
    0xBBC6, 0xBBA6, 0xBBC6, 0xC3C7, 0xB366, 0x8A83, 0xD426, 0xC3E7, 0xBBC7, 0xBBC7, 0xBBA7, 0xBBA6,
    0xBBC6, 0xBBC6, 0xBBC6, 0x8A83, 0x8A63, 0xBBA6, 0xB386, 0xA325, 0xAB25, 0xBBA6, 0xB386, 0xAB45,
    0xAB45, 0xA305, 0x9B05, 0x8A84, 0x61A2, 0x4901, 0x8243, 0x9AE4, 0x9B04, 0x9AE5, 0x9AE4, 0x9AE5,
    0x9B05, 0xA305, 0x92C4, 0x8A64, 0x92C4, 0x9AE4, 0xA305, 0xD488, 0xCC47, 0xAB45, 0x9AE4, 0x6A03,
    0x5BEC, 0x8551, 0x7D10, 0x95D2, 0x95D2, 0x95D2, 0x95D2, 0x95D2, 0x95D2, 0x95B2, 0x95D2, 0x8570,
    0x95D2, 0x95D2, 0x95D2, 0x95D2, 0x95B2, 0x95B2, 0x95D2, 0x95B2, 0x7D0F, 0x8DB1, 0x95B1, 0x95D2,
    0x95D2, 0x95B1, 0x95B2, 0x95B1, 0x95B2, 0x95B1, 0x95D2, 0x95D2, 0x95D2, 0x95D2, 0x9DF2, 0x9DD2,
    0x9DF2, 0x95D2, 0x74EF, 0x9DF3, 0x9DF3, 0x9E13, 0x9E13, 0x9DF2, 0x9E12, 0x9DF2, 0x9DF2, 0x750F,
    0x9DF2, 0x9DF2, 0x9DF2, 0x9DF2, 0x9DF2, 0x9DF2, 0x9DF2, 0x9DF2, 0x21C4, 0xAB45, 0xAB66, 0xAB65,
    0xAB66, 0xAB66, 0xB366, 0x9AC4, 0x9AA4, 0x8A64, 0x9AA4, 0x9AA4, 0x9284, 0x0000, 0x0000, 0x0000,
    0x0000, 0x0000, 0x0000, 0x0000, 0x0020, 0x2880, 0x9AC4, 0x8A64, 0x9AA4, 0x92A4, 0x8A64, 0xAB66,
    0xAB65, 0xAB66, 0xAB65, 0xA305, 0xA345, 0x3A26, 0x95D2, 0x95D2, 0x95D2, 0x95D2, 0x95B1, 0x95B1,
    0x8DB1, 0x644D, 0x6C8E, 0x642D, 0x4B8B, 0x5982, 0xBBA5, 0xB3A6, 0xB386, 0xB386, 0x92C5, 0xAC4C,
    0xE613, 0x7329, 0x7550, 0x7550, 0x6D0F, 0x9633, 0x9633, 0x9633, 0x9633, 0x85B1, 0x7D71, 0x8DF2,
    0x85D1, 0x9613, 0x85B2, 0x7D91, 0x7D70, 0x7D91, 0x6CEF, 0x6CEF, 0x7510, 0x648E, 0x434A, 0x4329,
    0x64AE, 0x6CCF, 0x7D30, 0x7530, 0x85B2, 0x7D50, 0x8DD2, 0x95F3, 0xADD4, 0xD6B6, 0x9E53, 0xA693,
    0x85B2, 0x9E53, 0x9613, 0x6CEF, 0x4BCC, 0x648E, 0x7550, 0x85B2, 0x9E33, 0xA695, 0xA694, 0xA694,
    0xA694, 0xA694, 0xA674, 0x9E33, 0x9E73, 0x9613, 0x7D51, 0x8DF2, 0xD6D5, 0xB6D5, 0xB6F5, 0xAEB5,
    0xAE95, 0xBEB5, 0xB48E, 0x7D71, 0x7D91, 0x8591, 0x64AF, 0x4C0C, 0x836A, 0xCC49, 0xD469, 0xCC48,
    0xCC28, 0xDCC9, 0xA325, 0xA324, 0x5981, 0xAB45, 0xBBA6, 0xBBA6, 0xBBA6, 0xBBA6, 0xBBA6, 0xBBA6,
    0xBBC6, 0xBBC6, 0xBBC6, 0xBBA6, 0xBBA6, 0xAB45, 0xB386, 0xB386, 0x8A63, 0xCC47, 0xC407, 0xC3E7,
    0xBBC6, 0x8243, 0xBBC7, 0xAB25, 0xAB25, 0xA305, 0x9B05, 0xAB66, 0xB386, 0xB386, 0xB3A6, 0xA305,
    0xC3E6, 0xBBA6, 0xB366, 0xB366, 0xB386, 0xAB45, 0x8A84, 0x7A43, 0x4921, 0x7A23, 0x92E4, 0x9AE5,
    0x9B05, 0x9B05, 0x9AE5, 0x9AE4, 0x9AE4, 0x9AE4, 0x8A84, 0x92A4, 0x9B05, 0xA325, 0xA325, 0xE488,
    0xBBC6, 0x9B04, 0x8284, 0x3226, 0x6C6D, 0x95D2, 0x95D2, 0x95D2, 0x95D2, 0x95B1, 0x95D2, 0x8D71,
    0x95D1, 0x95B1, 0x95D2, 0x95D1, 0x95D2, 0x95D2, 0x95B1, 0x8DB1, 0x7D0F, 0x8DB1, 0x95B1, 0x95D2,
    0x95B1, 0x95B1, 0x95B1, 0x95B1, 0x95B1, 0x8D91, 0x95F2, 0x95F2, 0x95D2, 0x95D2, 0x95D2, 0x9DD2,
    0x95F2, 0x95D2, 0x74EF, 0x9DF3, 0x9E12, 0x9E12, 0x9DF2, 0x9E12, 0x9E12, 0x9DF2, 0x9E12, 0x7D0F,
    0x9DF2, 0x9DF2, 0x9DF2, 0x9DF2, 0x9DF2, 0x9DF2, 0x9DF2, 0x9DF2, 0x21C4, 0xB365, 0xAB86, 0xB365,
    0xAB66, 0xB386, 0xB366, 0xA304, 0x9AA4, 0x8A64, 0x9AA4, 0x9AA4, 0x9284, 0x0000, 0x0000, 0x0000,
    0x0000, 0x0000, 0x0000, 0x0000, 0x0000, 0x2880, 0x9AA4, 0x8A64, 0x9AC4, 0x92A4, 0x9284, 0xB386,
    0xAB65, 0xAB65, 0xAB65, 0xA305, 0xA345, 0x3A26, 0x95D2, 0x95D2, 0x95D2, 0x95F2, 0x95D2, 0x95D1,
    0x8530, 0x642D, 0x6C8E, 0x642D, 0x4B8B, 0x6182, 0x71C2, 0xBBA6, 0xAB66, 0xB386, 0xB386, 0x9305,
    0xBCAE, 0xEE53, 0x6CCF, 0x6CEF, 0x85B2, 0x9E34, 0x8572, 0x64AE, 0x85D2, 0x9633, 0x9633, 0xA694,
    0x8DF2, 0x85B1, 0x8591, 0x7D71, 0xFF59, 0x6CEF, 0x4C0C, 0x436A, 0x7D70, 0x7D70, 0x8DF3, 0x9E34,
    0x9613, 0x5C0C, 0x64AF, 0x7530, 0x7510, 0x7510, 0x6D0F, 0x85D2, 0x8DF2, 0x9E33, 0x9633, 0x7D91,
    0x5CAE, 0x7550, 0x85B1, 0x8DD2, 0x85B2, 0x85B2, 0xA694, 0xAED5, 0xAEB5, 0x95F3, 0xA694, 0xA694,
    0xA694, 0xA694, 0xA674, 0xA674, 0x9E53, 0xA674, 0x8DD2, 0x8DD2, 0x8591, 0x8DF2, 0x85D2, 0x8DF2,
    0x95F2, 0x9613, 0xD718, 0x85B2, 0x7D91, 0x7D71, 0x6CEF, 0x5C4D, 0xA40B, 0xB44C, 0xB44B, 0xEDEF,
    0xFE0E, 0x9B04, 0xAB45, 0x9B04, 0x0000, 0xAB45, 0xBBA6, 0xBBA6, 0xB366, 0xAB66, 0xB3A6, 0xBBA6,
    0xBBA6, 0xBBA6, 0xBBC6, 0xBBC6, 0xBBC6, 0xBBC6, 0xBBA6, 0xBBC7, 0xBBC7, 0xCC27, 0x7A02, 0x69A2,
    0xDC88, 0xB3A6, 0xB386, 0xB386, 0xAB66, 0xB3A6, 0xBBA6, 0xBBA6, 0xB3A6, 0xB386, 0xB386, 0xB386,
    0xB386, 0xBBA6, 0xAB45, 0xB366, 0xBBC6, 0xB3A6, 0xA325, 0xA305, 0xA325, 0x9AE4, 0x8243, 0x4922,
    0x7A03, 0x9AE5, 0x9B05, 0xA304, 0x92A4, 0x92A4, 0xA325, 0x9AE4, 0x92C4, 0x9B04, 0x9B05, 0x9B05,
    0xA305, 0x9AE5, 0xC3C6, 0xB385, 0xA324, 0x9B05, 0x49E4, 0x6C8D, 0x8D91, 0x95D2, 0x95D2, 0x8591,
    0x95B1, 0x95D2, 0x95D2, 0x95D1, 0x95D2, 0x95D2, 0x95B1, 0x8DB1, 0x750F, 0x95B1, 0x95B1, 0x95B1,
    0x95B1, 0x95B1, 0x95B2, 0x95B1, 0x95B1, 0x8571, 0x95D2, 0x95F2, 0x95F2, 0x95D2, 0x95D2, 0x95D2,
    0x95D2, 0x95D2, 0x750F, 0x9DF3, 0x9DF3, 0x9E13, 0x9DF2, 0x9E12, 0x9DF2, 0x9DF2, 0x9E12, 0x750F,
    0x9DF2, 0x9DF2, 0x9DF2, 0x9DF2, 0x9DF2, 0x9DF2, 0x9DF2, 0x9DF2, 0x21A3, 0xB365, 0xB386, 0xB386,
    0xAB66, 0xB366, 0xB366, 0x9AE5, 0x92A4, 0x9AA4, 0x9AA4, 0x92A4, 0x9284, 0x0000, 0x0000, 0x0000,
    0x0000, 0x0000, 0x0000, 0x0000, 0x0000, 0x2880, 0x9AA4, 0x8A64, 0x9AC4, 0x92A4, 0x9284, 0xAB65,
    0xAB66, 0xAB65, 0xAB66, 0x9B05, 0xA345, 0x3A46, 0x95D2, 0x9DF2, 0x95D2, 0x95D2, 0x95B1, 0x95B1,
    0x8530, 0x642D, 0x6C6D, 0x642D, 0x640C, 0x69A2, 0x69A2, 0xD447, 0xCC07, 0xAB67, 0x79E2, 0xB386,
    0x8A84, 0xCDB3, 0x438B, 0x7530, 0x7D71, 0x7530, 0x7510, 0x7D50, 0xF717, 0x9612, 0x9633, 0x9E33,
    0x9633, 0x95F3, 0x7D71, 0x648D, 0x6CCF, 0x9E53, 0x9E54, 0x9E33, 0x9633, 0xB6B6, 0xE77B, 0xA674,
    0x9E53, 0x9612, 0xAEB5, 0xAED5, 0x8591, 0x4BAB, 0x6CF0, 0x8DD2, 0x85D2, 0x6CEF, 0x85B2, 0x95F3,
    0x85B1, 0x7D91, 0x9613, 0x9633, 0xA674, 0xA694, 0xAE94, 0xAE94, 0xAEB5, 0xAED5, 0x8DD2, 0x9E74,
    0xA6B4, 0xA694, 0xA674, 0xA694, 0xA674, 0xA694, 0xA674, 0xB633, 0xEF58, 0x6CEF, 0x85B1, 0x85D2,
    0x8DF2, 0x8DF2, 0x8591, 0x7D51, 0x6D0F, 0x6CCF, 0x4BCC, 0x6C4D, 0xAC4C, 0xB46C, 0xB46D, 0xB46D,
    0x92C4, 0x9B04, 0xB385, 0x7A23, 0x0000, 0xB386, 0xBBA7, 0xBBA6, 0xBBA7, 0xBBC6, 0xBBC7, 0xBBC7,
    0xBBC7, 0xBBC7, 0xBBC7, 0xBBC7, 0xBBC7, 0xBBC6, 0xC407, 0xCC48, 0x6182, 0xC3E7, 0xCC07, 0xCC07,
    0xCC07, 0xA2E3, 0xBBA6, 0xDCA9, 0xDC88, 0xD468, 0xCC27, 0xBBC7, 0xB386, 0xB3A6, 0xB386, 0xB366,
    0xB366, 0xAB46, 0xB386, 0xBBA6, 0xBBA6, 0xBBA6, 0xA325, 0xA325, 0xBBC7, 0xB386, 0xA305, 0xA305,
    0x9AC4, 0x7A03, 0x4901, 0x6981, 0x8243, 0x9AE4, 0xA305, 0x92A4, 0x9AC4, 0x9AE4, 0xA305, 0x92A4,
    0x9AE4, 0x92C4, 0x8A83, 0xA325, 0xAB45, 0xC3E6, 0xDCA8, 0xAB24, 0xAB45, 0x4922, 0x4AE9, 0x7D0F,
    0x95B2, 0x95B1, 0x95D2, 0x8DB1, 0x95D2, 0x95D2, 0x95D2, 0x95D2, 0x7D30, 0x95B1, 0x95B1, 0x95B1,
    0x8DB1, 0x95D2, 0x95D2, 0x95B2, 0x95B2, 0x95B1, 0x9DF2, 0x9DF2, 0x95D2, 0x95F2, 0x95D2, 0x95D2,
    0x95D2, 0x95D2, 0x750F, 0x95F2, 0x9DF2, 0x9E12, 0x9DF2, 0x9DF2, 0x9DF2, 0x95D2, 0x9DF2, 0x750F,
    0x9DF2, 0x9E12, 0x9DF2, 0x9DF2, 0x9DF2, 0x9DF2, 0x9DF2, 0x9DF2, 0x2183, 0xB365, 0xB386, 0xAB66,
    0xAB66, 0xAB66, 0xAB66, 0xA305, 0x92A4, 0x9AA4, 0x9284, 0x92A4, 0x9284, 0x0000, 0x0000, 0x0000,
    0x0000, 0x0000, 0x0000, 0x0000, 0x0000, 0x2880, 0x9AA4, 0x8A64, 0x9AC4, 0x92A4, 0x9284, 0xAB65,
    0xAB66, 0xAB65, 0xAB66, 0xA325, 0xA345, 0x3A66, 0x95D2, 0x9DF2, 0x95F2, 0x95D2, 0x95D2, 0x8530,
    0x8530, 0x642D, 0x6C6D, 0x6C6D, 0x644D, 0x61A2, 0x6182, 0x5961, 0xDCC9, 0xB3A6, 0xB3A6, 0xB386,
    0xB385, 0x82A5, 0xBC8C, 0x64AE, 0x6D0F, 0x5C6E, 0x7D71, 0xAE74, 0xC550, 0xFFB9, 0x85B1, 0x9613,
    0x7D71, 0x8DD2, 0x4BAC, 0x9634, 0x9E53, 0x9E53, 0x9E54, 0x9E54, 0x9E54, 0xF7BB, 0xFFBC, 0xE7BB,
    0xA674, 0xA674, 0xAEB5, 0xAE94, 0xAEB4, 0xAE95, 0x8DB2, 0x7510, 0x53EC, 0x752F, 0x7550, 0x7D71,
    0x9613, 0x9633, 0x9613, 0xB6B4, 0xDF57, 0xDF77, 0xAEB4, 0xA694, 0xA694, 0xA694, 0xA694, 0xA674,
    0xAE95, 0xAE95, 0xA694, 0xA694, 0xA674, 0xA674, 0xA694, 0xA694, 0x9DF3, 0xBED6, 0x540C, 0x6CEF,
    0x8DF2, 0x85D2, 0xDE33, 0x6D30, 0x6CEF, 0x5C6E, 0x438B, 0x93AA, 0x9BCA, 0xA42C, 0xAC2C, 0xB44C,
    0x92E4, 0xA305, 0xAB65, 0x8263, 0x0000, 0xB365, 0x8A43, 0xDC88, 0xC3C7, 0xC3E7, 0xBBC6, 0xC3C7,
    0xBBC7, 0xBBC7, 0xBBC7, 0xBBE7, 0xC3E7, 0xAB44, 0xAB45, 0xCC27, 0xC3C7, 0xCC07, 0xCC27, 0xCC27,
    0xCC27, 0xB365, 0xD448, 0xCC48, 0x9AC3, 0xDCA9, 0xCC27, 0xD468, 0xD468, 0xCC07, 0xC3E7, 0xBBA6,
    0xBBA6, 0xB3A6, 0xB3A6, 0xB366, 0xAB65, 0xB386, 0xBBA6, 0xBBC7, 0xBBC7, 0xC3E6, 0x92A4, 0xA324,
    0xB365, 0xAB25, 0xA325, 0x9AE4, 0x8263, 0x38C0, 0x8263, 0x92A4, 0x9AE4, 0x8AA4, 0x92C4, 0x92A4,
    0x9AC4, 0xA304, 0x9B04, 0x9AE4, 0xA305, 0xA325, 0xA305, 0x9AE4, 0xED09, 0xCC67, 0xB385, 0xAB45,
    0x4962, 0x6CAE, 0x74EF, 0x95D2, 0x95D2, 0x95D2, 0x95D2, 0x95D2, 0x7D0F, 0x95B1, 0x95B1, 0x95B1,
    0x95D2, 0x95D2, 0x95D2, 0x95D2, 0x95B2, 0x8D91, 0x9DF2, 0x95F2, 0x9DD2, 0x9DF2, 0x95D2, 0x95D2,
    0x95D2, 0x95D2, 0x7D30, 0x95F2, 0x95D2, 0x95D2, 0x9DF2, 0x9DF2, 0x9E13, 0x9DF2, 0x9DF2, 0x750F,
    0x9DF2, 0x9E12, 0x9DF2, 0x9DF2, 0x9DF2, 0x9DF2, 0x9DF2, 0x9DF2, 0x1984, 0xA324, 0xAB66, 0xAB66,
    0xAB66, 0xAB66, 0xAB66, 0xB345, 0x92A4, 0x9AA4, 0x9284, 0x92A4, 0x9263, 0x0000, 0x0000, 0x0000,
    0x0000, 0x0000, 0x0000, 0x0000, 0x0020, 0x2880, 0x9AA4, 0x8A43, 0x92A4, 0x9284, 0x92A4, 0xAB65,
    0xAB65, 0xAB65, 0xAB65, 0xA325, 0xAB65, 0x3A26, 0x95F2, 0x95D2, 0x95D2, 0x95D2, 0x95D2, 0x8530,
    0x8530, 0x6C8E, 0x6C6D, 0x6C6D, 0x644D, 0x1840, 0x5982, 0x61A2, 0x7203, 0xFDEB, 0xBBC6, 0xBBA6,
    0xDCC9, 0x69E3, 0x38A0, 0x20C2, 0x542C, 0x542D, 0x7D51, 0x7D71, 0x8DB2, 0x9613, 0x9613, 0x7D71,
    0x6CEF, 0x4BCB, 0x9E53, 0x9E53, 0x9E53, 0x9E54, 0xA674, 0xC6F6, 0xEF55, 0xF716, 0xF75A, 0x9E34,
    0x9E74, 0xAE95, 0xAEB5, 0xAEB5, 0xAEB5, 0xAEB5, 0xA694, 0x8DD2, 0x6D10, 0x9653, 0xB6D4, 0x4BCC,
    0x9613, 0x95F3, 0x85B2, 0x8DF2, 0x8DF2, 0x9E33, 0xA6B4, 0xA694, 0xA694, 0xA694, 0x9E74, 0xE79A,
    0xFFFD, 0xB6B6, 0xAE95, 0xA694, 0xA674, 0xA694, 0x85B1, 0x9E74, 0xA674, 0x8E13, 0x95F3, 0x64CE,
    0x7510, 0x7D71, 0x7D71, 0x64AE, 0x542D, 0x438B, 0x41C4, 0xB46D, 0x6AA7, 0x9369, 0x9349, 0xAC2C,
    0x92E4, 0x8AC4, 0x28A1, 0xAB04, 0x0000, 0xAB45, 0xB386, 0xC407, 0xC3C6, 0x9AE4, 0xD488, 0xBBC7,
    0xBBE7, 0xBBC7, 0xCC07, 0x5962, 0xC407, 0xB365, 0xC407, 0xCC27, 0xCC28, 0xCC27, 0xC3E7, 0xCC07,
    0xD488, 0xD448, 0xCC48, 0xCC48, 0xBB86, 0xCC48, 0xC3E7, 0xAB45, 0xE4E9, 0xD468, 0xD468, 0xD468,
    0xD448, 0xC3E7, 0xBBC7, 0xBBA6, 0xB3A6, 0xB386, 0xBBA6, 0xBBA7, 0xCC48, 0x9AE5, 0xBBA6, 0xC3C6,
    0xA325, 0xC3C6, 0xB345, 0xAB45, 0xAB25, 0xA325, 0xA305, 0x7A23, 0x30A1, 0x61A2, 0x8A84, 0x9AE5,
    0x92A4, 0x9AE4, 0x9B04, 0xA304, 0xA325, 0xA304, 0x92A4, 0x92A4, 0xA305, 0xA325, 0x9AE5, 0xCC06,
    0xDCA8, 0xBBC6, 0xAB85, 0x69C3, 0x74AE, 0x74EF, 0x95D1, 0x95D2, 0x74EF, 0x95B2, 0x95D2, 0x95B1,
    0x95D2, 0x95D2, 0x95B1, 0x95B1, 0x95D2, 0x8D91, 0x9DD2, 0x9DD2, 0x9DF2, 0x95F2, 0x95F2, 0x95F2,
    0x95F2, 0x95D2, 0x7510, 0x95D2, 0x95D2, 0x95D2, 0x95F2, 0x9E12, 0x9DF2, 0x95D2, 0x95D2, 0x74EF,
    0x9E12, 0x9DF2, 0x9DF2, 0x9DF2, 0x9E12, 0x9E12, 0x9E12, 0x9E12, 0x1984, 0xAB25, 0xAB65, 0xAB66,
    0xAB66, 0xB366, 0xB366, 0xA305, 0x9284, 0x9AA4, 0x9284, 0x92A4, 0x9284, 0x0000, 0x0000, 0x0000,
    0x0000, 0x0000, 0x0000, 0x0000, 0x0000, 0x28A0, 0x92A4, 0x8A64, 0x92A4, 0x9284, 0x8AA4, 0xAB66,
    0xAB65, 0xAB66, 0xAB66, 0xAB45, 0xAB65, 0x3A26, 0x95F2, 0x95D2, 0x95D2, 0x95D2, 0x95D2, 0x8530,
    0x8D30, 0x5C2C, 0x6C6D, 0x6C6D, 0x644D, 0x5982, 0x5141, 0x69C2, 0x7A23, 0x7A23, 0xCBE6, 0xC406,
    0xBBA6, 0xB386, 0xB365, 0xB386, 0xCC87, 0x2226, 0x646E, 0x64CF, 0x8592, 0x6CEF, 0x7530, 0x7530,
    0x5C6D, 0x9613, 0x9E53, 0x9E53, 0x9E53, 0x9E54, 0x8DF2, 0x9633, 0x9632, 0xA654, 0x9E34, 0x9633,
    0x8DF2, 0xAEB5, 0xAE95, 0xAEB5, 0x8DD2, 0x9633, 0x9633, 0x9E54, 0x85B1, 0x85F2, 0xAED5, 0xDF58,
    0xC737, 0x7D71, 0x8DF2, 0x8DD2, 0x8DF2, 0x8DF2, 0x8DF2, 0x9613, 0xAE95, 0xA694, 0xFFBC, 0xFFDB,
    0xD52E, 0xFFBB, 0xB695, 0xA694, 0xA695, 0x9E54, 0xB6F6, 0x752F, 0x9E54, 0x7D71, 0x8591, 0x4B6A,
    0x648E, 0x64CF, 0x7510, 0x542D, 0x4B8A, 0x72E8, 0xCD4F, 0xDE33, 0xD5D2, 0xC4EF, 0xB46C, 0xA3E9,
    0x92E4, 0x8264, 0xB386, 0x9AE4, 0x0000, 0xC3C6, 0xBBA6, 0xB386, 0xB366, 0xB386, 0xC3C6, 0xB345,
    0x8A43, 0x8A43, 0xC3E7, 0xBBC7, 0xCC48, 0xC407, 0xC3E7, 0xC3E6, 0xBBC6, 0xC3C6, 0xBB85, 0xCC47,
    0xD448, 0xD468, 0xCC27, 0xCC48, 0xCC28, 0xD447, 0xC407, 0xCC48, 0xCC48, 0xCC07, 0x9283, 0xD488,
    0xD448, 0xC407, 0xBBC6, 0xBBA6, 0xB3A6, 0xB386, 0xBBC6, 0xB366, 0xAB25, 0xA305, 0xB366, 0xAB45,
    0xB3A6, 0xB365, 0xB386, 0x92C4, 0xAB46, 0xAB46, 0x92C4, 0xA305, 0x9AE5, 0x92A4, 0x8A63, 0x7202,
    0x7A03, 0x8A63, 0xA325, 0x9B05, 0x9AE4, 0x9B05, 0x9B05, 0xA304, 0xA305, 0x92A4, 0x92A3, 0x9AE5,
    0x9AE5, 0xA305, 0x9AE4, 0xDC67, 0xB365, 0xA325, 0x92C4, 0x2143, 0x5C2D, 0x9591, 0x95D2, 0x95B2,
    0x95D2, 0x95D2, 0x95D2, 0x95D2, 0x95D2, 0x95B1, 0x9DF2, 0x9DF2, 0x95F2, 0x9DF2, 0x9DF2, 0x9DF2,
    0x9DF2, 0x95D2, 0x7510, 0x95D2, 0x95D2, 0x95D2, 0x95D2, 0x9DF2, 0x95D2, 0x95D2, 0x95D2, 0x750F,
    0x9DF2, 0x9DF2, 0x9E13, 0x95F2, 0x9E12, 0x9DF2, 0x9DF2, 0x9DF2, 0x1983, 0xAB24, 0xAB86, 0xAB66,
    0xAB66, 0xB386, 0xB365, 0xA2E5, 0x8A64, 0x92A4, 0x9284, 0x9AA4, 0x9284, 0x0000, 0x0000, 0x0000,
    0x0000, 0x0000, 0x0000, 0x0000, 0x0000, 0x28A0, 0x9AA4, 0x8A63, 0x92A4, 0x8A84, 0x92A4, 0xAB66,
    0xAB66, 0xAB86, 0xAB65, 0xAB25, 0xAB45, 0x3A26, 0x95F2, 0x95D2, 0x95D2, 0x95F2, 0x8D91, 0x8530,
    0x8530, 0x5C0C, 0x6C6D, 0x6C6D, 0x646D, 0x69A2, 0x5961, 0x71C2, 0x8243, 0x69C2, 0x7A23, 0x7202,
    0xD406, 0xAB65, 0xA324, 0xC3E6, 0xBBC6, 0xB3C6, 0x9B25, 0x3205, 0x4BEC, 0x540C, 0x64AF, 0x648F,
    0x438B, 0x8571, 0x7530, 0x7D71, 0x9612, 0x8DF2, 0xEF36, 0xEF97, 0x9613, 0x9613, 0x9633, 0x9633,
    0x9613, 0x8DF2, 0x8DF2, 0x9E33, 0x9633, 0x9633, 0x9633, 0xB6F6, 0x9613, 0x6CEF, 0x9633, 0xAE74,
    0xD757, 0xD777, 0x7550, 0x9612, 0x8DF2, 0x8DF2, 0x95F2, 0x8DF2, 0x9613, 0x8DF3, 0xC6B7, 0xFFFD,
    0xCE75, 0xF77A, 0x85F2, 0x8E12, 0x8E13, 0x9613, 0x9633, 0x6D30, 0x7D91, 0x7510, 0x7D71, 0x64AF,
    0x4BEC, 0x4BAB, 0x642D, 0x8B68, 0xBCAC, 0xB5B0, 0xD674, 0xEED6, 0xDE13, 0x28C0, 0xB385, 0x7223,
    0x61A1, 0x92C4, 0xBBA6, 0x9AE4, 0x0000, 0xC3C6, 0xBBA6, 0xB3A6, 0xB3A6, 0xCC28, 0x71E2, 0xBB86,
    0xC3C6, 0xC3E6, 0xC3C6, 0xC3C7, 0xC3E7, 0xBBA6, 0xC3E7, 0xCC48, 0xCC07, 0xCC27, 0xD468, 0xD468,
    0xCC48, 0xC3E6, 0xCC48, 0xCC48, 0xD448, 0xC3E7, 0xD468, 0xCC68, 0xCC48, 0xCC47, 0xCC27, 0xC3E7,
    0xB366, 0x8243, 0xBBA6, 0xBBA6, 0xBBC6, 0xDC88, 0xD468, 0xBBC6, 0xBBA6, 0xBBC6, 0xBBA6, 0xBBA6,
    0xBBA6, 0xBBA6, 0xCC27, 0x9AC4, 0xC3E6, 0xBBC6, 0xAB46, 0xB386, 0xBBC6, 0xD427, 0x8A43, 0xBBC6,
    0xAB25, 0x92A4, 0x7223, 0x5141, 0x8263, 0x9B05, 0x9AC4, 0x9AC4, 0xA304, 0x9AE4, 0x9AE4, 0xA304,
    0x9AC4, 0x92A4, 0x9B04, 0x9AE4, 0x9AE4, 0x9AE4, 0xDC88, 0xCC06, 0xB385, 0xA324, 0x30C0, 0x74CE,
    0x8D70, 0x95D2, 0x95D2, 0x95D2, 0x95D2, 0x8D91, 0x9DF2, 0x9DF2, 0x9DF2, 0x9DF2, 0x9DF2, 0x9DF2,
    0x9DF2, 0x95F2, 0x7510, 0x95D2, 0x95D2, 0x95D2, 0x95D2, 0x95D2, 0x95D2, 0x95D2, 0x95D2, 0x750F,
    0x9DF2, 0x9DF2, 0x9E12, 0x9DF2, 0x9DF2, 0x9DF2, 0x9DF2, 0x9DF2, 0x19A4, 0xAB24, 0xB386, 0xAB66,
    0xAB65, 0xAB66, 0xAB66, 0x9AE5, 0x8A63, 0x9AA4, 0x9284, 0x9AA4, 0x9284, 0x0000, 0x0000, 0x0000,
    0x0000, 0x0000, 0x0000, 0x0000, 0x0000, 0x2880, 0x92A4, 0x8A43, 0x9AA4, 0x8A64, 0x8A84, 0xAB66,
    0xAB65, 0xAB66, 0xAB66, 0x9AE4, 0xAB65, 0x3A46, 0x95D2, 0x95D2, 0x95D2, 0x95D2, 0x8530, 0x8530,
    0x850F, 0x5C0C, 0x6C6D, 0x6C6D, 0x6C8E, 0x69C2, 0x69A2, 0x69C2, 0x69C2, 0x69E2, 0x7A23, 0x8223,
    0x7A23, 0x8243, 0xD488, 0xBBC6, 0xBBA6, 0xDC88, 0x7202, 0xC3E7, 0xCC27, 0x6A24, 0x3AC8, 0x540D,
    0x5C4D, 0x7510, 0x6D10, 0x7D91, 0x7D91, 0x7550, 0x8DF2, 0x7D91, 0x7D91, 0x9E33, 0x9E53, 0x9633,
    0x9633, 0x9E33, 0x9E54, 0xCED6, 0x9613, 0x9633, 0x9E54, 0x9E54, 0x9633, 0x85B1, 0x85B1, 0x9633,
    0x9E53, 0xBEF5, 0xBF16, 0x7D71, 0x8DF2, 0x9E33, 0xA654, 0x95F2, 0x8DF2, 0x8DF2, 0x9613, 0xEF59,
    0x7D50, 0x85B2, 0x85B1, 0x7D91, 0x7D91, 0x7D91, 0x7D91, 0x7530, 0x7D71, 0x64AE, 0x64AE, 0x53EC,
    0x3AA8, 0x8369, 0xC4AB, 0xD50C, 0xD52D, 0xD50C, 0xD4ED, 0xCEB1, 0xB3A6, 0xE52A, 0x92C4, 0x7A22,
    0xA325, 0xA345, 0xB386, 0x9AE4, 0x0000, 0xBBA6, 0xBBA6, 0xD4A8, 0x8A63, 0xCC07, 0xCC07, 0xCC07,
    0xC3C6, 0xC3E7, 0xCC27, 0xC407, 0xCC07, 0xCC07, 0xCC28, 0xCC28, 0xCC47, 0xD448, 0xCC47, 0xD447,
    0xCC27, 0xCC47, 0xCC47, 0xCC47, 0xCC48, 0xD448, 0xCC47, 0xBBC6, 0xD468, 0xB385, 0xB386, 0xB386,
    0xBBA6, 0xBBA6, 0xC3C6, 0xCC27, 0x9A83, 0xDCA9, 0xD467, 0xD468, 0xCC48, 0xDCA9, 0xC407, 0xBBA6,
    0xA305, 0xBBA6, 0xBBA6, 0xBBA6, 0xBBA6, 0xBBA6, 0x92A4, 0xA304, 0xBBA5, 0xCC48, 0xAB45, 0xAB45,
    0xB386, 0xA305, 0xAB25, 0xAB45, 0x9AE4, 0x69E3, 0x5142, 0x8243, 0x9AE4, 0x9AC4, 0x8A83, 0x9AE4,
    0x9AE4, 0x9B04, 0xA325, 0x9B05, 0x92C4, 0x9B04, 0x9AE4, 0x92C4, 0xA2E4, 0xB365, 0xD468, 0xB386,
    0xAB65, 0x30E1, 0x850F, 0x74CF, 0x95D2, 0x74EF, 0x9DF2, 0x9DF2, 0x9DF2, 0x9DF2, 0x9DF2, 0x9DF2,
    0x9DF2, 0x9DF2, 0x6CCF, 0x95F2, 0x95D2, 0x95D2, 0x95D2, 0x95D2, 0x95D2, 0x95D2, 0x95D2, 0x7D0F,
    0x95F2, 0x9DF2, 0x9E13, 0x9DF2, 0x9DF2, 0x95D2, 0x9E12, 0x9E12, 0x1984, 0xAB25, 0xB386, 0xAB66,
    0xAB66, 0xB386, 0xB386, 0xA305, 0x8A63, 0x9AA4, 0x9284, 0x92A4, 0x9284, 0x0000, 0x0000, 0x0000,
    0x0000, 0x0000, 0x0000, 0x0000, 0x0000, 0x2080, 0x92A4, 0x8A64, 0x9AA4, 0x8A64, 0x92A4, 0xAB66,
    0xAB65, 0xAB65, 0xAB86, 0x9AC4, 0xAB86, 0x4287, 0x95D2, 0x95D2, 0x95D2, 0x95B1, 0x8530, 0x8530,
    0x7CEF, 0x5C0D, 0x6C8D, 0x6C6E, 0x6C6E, 0x69C2, 0x61A2, 0x71E2, 0x38E1, 0x7A03, 0x8A64, 0x8A63,
    0x8243, 0x7A23, 0x7A43, 0x71E2, 0x6121, 0xD468, 0xC3E7, 0xBBC6, 0xC3E7, 0xC3E7, 0xB386, 0xAB86,
    0x0000, 0x3B09, 0x5C4E, 0x7510, 0x6CF0, 0x7D71, 0x7D71, 0x64CE, 0x7D71, 0x95F2, 0x85B1, 0x8DF3,
    0x8DD2, 0x8DB2, 0x7550, 0xDEB5, 0xFF98, 0x9E34, 0xFFDA, 0xBE74, 0x9DF2, 0x7D91, 0x7D71, 0x8591,
    0x9E53, 0xA674, 0x9E74, 0x5C2D, 0x6CEF, 0x8DD2, 0x8DD2, 0x85B2, 0x95F2, 0x8DF3, 0x8DF3, 0x8DF2,
    0x6D0F, 0x85B2, 0x85B1, 0x85B1, 0x8591, 0x8591, 0x7D91, 0x64CF, 0x648E, 0x53CC, 0x1964, 0xCCEC,
    0xB633, 0xC6B5, 0x9D6F, 0xD52D, 0xDD2D, 0xD4EC, 0x38C1, 0xBBE6, 0xDCA9, 0x9283, 0x92A4, 0x8A83,
    0xBBC6, 0xAB65, 0xAB45, 0xA324, 0x0820, 0xBBA6, 0xB366, 0xCC07, 0xCC07, 0xC3E7, 0xB365, 0xAB25,
    0xC3E6, 0xC3C7, 0xC407, 0xCC28, 0xCC48, 0xC3C6, 0xD468, 0xCC47, 0xCC48, 0xCC27, 0xCC27, 0xCC27,
    0xBBA6, 0xDCA9, 0xC3E6, 0xCC47, 0xCC47, 0xD448, 0xD468, 0xB385, 0xAB45, 0xBBA6, 0xBBA6, 0xBBA6,
    0xCC48, 0xD468, 0xD448, 0xCC48, 0xCC48, 0xD467, 0xAB05, 0xCC07, 0xD4A8, 0xDCC9, 0xD488, 0xDCC8,
    0xCC07, 0xBBA6, 0xBBA6, 0xBBA6, 0xB386, 0xC3C6, 0xA325, 0xBBC6, 0xBBC6, 0xB365, 0xC3E7, 0xBBA6,
    0xAB45, 0xB366, 0xBBA6, 0xBBA6, 0xBBA6, 0xAB25, 0xA305, 0x92C4, 0x5962, 0x5142, 0x9283, 0xA305,
    0x9AC4, 0x9284, 0x92C4, 0x9AE4, 0x9B05, 0x9AE4, 0x92A3, 0x9AE4, 0xA305, 0x92A4, 0xA304, 0xA325,
    0xD468, 0xCC07, 0x9AE4, 0x92C4, 0x1820, 0x748D, 0x84EF, 0x9DF3, 0x9DF2, 0x9DF2, 0x9DF2, 0x9DD2,
    0x9DF2, 0x9DF2, 0x6CEF, 0x95F2, 0x95F2, 0x95D2, 0x95D2, 0x95D2, 0x95D2, 0x95D2, 0x95D2, 0x750F,
    0x9DF2, 0x95D2, 0x9DF2, 0x9DF2, 0x9DF2, 0x95D2, 0x9DF2, 0x9DF2, 0x1983, 0xAB24, 0xB386, 0xAB66,
    0xAB66, 0xAB66, 0xAB66, 0x9AC4, 0x8A63, 0x9AA4, 0x92A4, 0x9AA4, 0x92A4, 0x0000, 0x0000, 0x0000,
    0x0000, 0x0000, 0x0000, 0x0000, 0x0820, 0x2880, 0x92A4, 0x8A63, 0x92A4, 0x9284, 0x9284, 0xAB66,
    0xAB66, 0xAB66, 0xAB65, 0x9AE4, 0xA345, 0x3A87, 0x95D2, 0x95D2, 0x95D2, 0x8D70, 0x8530, 0x8530,
    0x8530, 0x5C0C, 0x6C6E, 0x6C6E, 0x6C8E, 0x61A2, 0x69C2, 0x7A03, 0x71E2, 0x71E2, 0x8263, 0x8243,
    0x8243, 0x8223, 0x7A23, 0x7A23, 0xA2E4, 0x8A83, 0xE50A, 0xBB85, 0xB386, 0xB386, 0xC3E6, 0x9AE4,
    0xDC88, 0xD448, 0xE4A8, 0x2080, 0x1061, 0x5CAE, 0x650F, 0x5C8E, 0x8591, 0x85B2, 0x85B2, 0x7D91,
    0x7D91, 0x7D91, 0x8591, 0x8592, 0x7D91, 0x85B1, 0x9E34, 0xAE94, 0xB674, 0x85B1, 0x7510, 0x9E53,
    0x9633, 0x9E53, 0x9E33, 0x9E34, 0x6CCF, 0x7510, 0x6CCF, 0x8DF2, 0x85D2, 0x8DD2, 0x95F3, 0x8592,
    0x6CEF, 0x8591, 0x85B1, 0x6D30, 0x7530, 0x74D0, 0x644D, 0x63EC, 0xBCAC, 0x7BEB, 0x9D6F, 0xBE94,
    0xCF17, 0xD757, 0xBEB5, 0x6B88, 0x6A23, 0xBBE6, 0xED4B, 0x92C3, 0x8A63, 0x8A83, 0xAB46, 0x8242,
    0xC428, 0xAB65, 0xA304, 0xA346, 0x0000, 0xBBA6, 0xC3E7, 0xBBA6, 0xC3E7, 0xBBA6, 0xCC27, 0xC3E7,
    0xC407, 0xC407, 0xCC27, 0xCC28, 0xCC48, 0xCC48, 0xCC48, 0xBBC7, 0xAB66, 0xC407, 0xCC27, 0xC3E7,
    0xC3E7, 0xCC27, 0xCC47, 0xD467, 0xDC87, 0x8A43, 0xC406, 0xB386, 0xB3A6, 0xB386, 0xD468, 0xD468,
    0xD468, 0xD468, 0xD468, 0xCC48, 0xD468, 0xD468, 0xD468, 0xD489, 0xDCA9, 0xC3E6, 0xB386, 0xE4E9,
    0xDCC9, 0xDC88, 0xD488, 0xBBA6, 0xAB25, 0xB386, 0xBBC6, 0xBBA6, 0xBBA6, 0xBBC6, 0xBBC6, 0xBBA6,
    0xBBC7, 0xA304, 0xB365, 0xC407, 0xBBC6, 0xBBA6, 0xBB86, 0xBBA6, 0xB365, 0x92A3, 0x9AA4, 0x69E2,
    0x30A0, 0x9283, 0x9AE5, 0x9AE4, 0x9AE5, 0x92E4, 0x9AE4, 0xA305, 0xA325, 0x92C4, 0x9AE4, 0x9B04,
    0x9AE4, 0x9B04, 0x9AE4, 0xD468, 0xD448, 0xB385, 0xAB25, 0x61C3, 0x7CEE, 0x8550, 0x9E12, 0x95D2,
    0x9DF2, 0x9DF2, 0x74EF, 0x95F2, 0x95D2, 0x95D2, 0x95F2, 0x95F2, 0x95D2, 0x95D2, 0x95D2, 0x7D10,
    0x9DF2, 0x9DF2, 0x9DF2, 0x9DF2, 0x9E12, 0x9DF2, 0x9DF2, 0x9DF2, 0x1963, 0xA324, 0xAB66, 0xAB66,
    0xAB66, 0xB366, 0xAB66, 0xAB05, 0x8A63, 0x92A4, 0x9284, 0x9284, 0x92A4, 0x0000, 0x0000, 0x0000,
    0x0000, 0x0000, 0x0000, 0x0000, 0x0820, 0x2080, 0x92A4, 0x8A63, 0x92A4, 0x92A4, 0x9284, 0xAB66,
    0xAB65, 0xAB65, 0xAB66, 0xAB45, 0xA345, 0x3A87, 0x95D2, 0x95F2, 0x95F2, 0x8D71, 0x8530, 0x8550,
    0x8530, 0x53EC, 0x4B4A, 0x28C1, 0x7203, 0x6162, 0x69C2, 0x7203, 0x69E2, 0x7202, 0x5961, 0x2060,
    0x8243, 0x8243, 0x8243, 0x7A43, 0xA2E4, 0x8243, 0x71E2, 0x7A23, 0x7A03, 0x92E5, 0xD468, 0xCC47,
    0xC407, 0xC407, 0xC3E7, 0xC407, 0xBBE6, 0xC407, 0xC428, 0xD468, 0x4121, 0x5183, 0x4142, 0x2040,
    0x538A, 0x53EB, 0x5C2B, 0x5C2B, 0x4369, 0x7550, 0x9613, 0x7530, 0x9E33, 0x7571, 0x95D2, 0x7D71,
    0x85B1, 0x7D91, 0x7551, 0x8DF2, 0x5C4D, 0x7510, 0x64AE, 0x7550, 0x7530, 0x7550, 0x7551, 0x6D10,
    0x7510, 0x7530, 0x5C4D, 0x64CE, 0x0862, 0x5A47, 0xA56F, 0xBE52, 0xDF37, 0xF758, 0xDF38, 0xC610,
    0xAE31, 0x746C, 0xA366, 0xBBE6, 0xED8B, 0x9AE4, 0x9AC4, 0x8A83, 0x8A83, 0xAB45, 0x92E4, 0x8222,
    0xC408, 0xAB45, 0x9AE4, 0xA345, 0x38E1, 0xBBA6, 0xC407, 0xC407, 0xCC07, 0xCC07, 0xCC07, 0xCC27,
    0xC3E6, 0xCC07, 0xCC27, 0xCC27, 0xCC27, 0xCC28, 0xCC28, 0xC407, 0xCC27, 0xCC47, 0xBBC6, 0xBBA6,
    0xB386, 0xBBA6, 0xBBA6, 0xAB45, 0xC3C6, 0xB386, 0xB3A6, 0xB386, 0xBBC7, 0xC407, 0xD488, 0xCC27,
    0xC407, 0xD468, 0xD468, 0xD468, 0xD468, 0xD488, 0xD488, 0xD488, 0xD468, 0xCC27, 0xD448, 0xD468,
    0xAB44, 0xAB04, 0xD4A8, 0xBBC6, 0xBBA6, 0xBBA6, 0xBBA7, 0xBBA6, 0xBBA6, 0xAB45, 0xBBA6, 0xBBC6,
    0xBBC7, 0xBBC7, 0xBBC7, 0xBBA6, 0xAB25, 0x9AC4, 0xD447, 0xA325, 0xBB86, 0xBB86, 0xB366, 0xB366,
    0xA305, 0x92A4, 0x92A3, 0x40E1, 0x8A63, 0x9B05, 0x9AE4, 0x9AE4, 0x92A4, 0xA304, 0xA304, 0x9B04,
    0xA304, 0x9AE4, 0x9B04, 0x9B04, 0x9AE4, 0x9AE4, 0xAB46, 0xDCA8, 0xB365, 0xB365, 0x7A43, 0x3A68,
    0x6C6D, 0x9E12, 0x74EF, 0x95D2, 0x95D2, 0x95D2, 0x95D2, 0x95D2, 0x95D2, 0x95F2, 0x95D2, 0x750F,
    0x9E12, 0x9DF2, 0x9DF2, 0x9DF2, 0x9DF2, 0x9DF2, 0x9DF2, 0x8DB1, 0x1963, 0xA324, 0xAB66, 0xAB66,
    0xAB66, 0xAB66, 0xB386, 0xAB05, 0x8A63, 0x9AA4, 0x92A4, 0x9264, 0x92A4, 0x0000, 0x0000, 0x0000,
    0x0000, 0x0000, 0x0000, 0x0000, 0x0840, 0x2880, 0x9AA4, 0x8A64, 0x92A4, 0x9284, 0x9284, 0xAB66,
    0xAB45, 0xAB66, 0xAB65, 0xAB65, 0xA345, 0x42A8, 0x95D2, 0x95D2, 0x95D2, 0x8531, 0x748E, 0x5BCC,
    0x61A2, 0x92C4, 0x8AC5, 0xAB45, 0x7A23, 0x6182, 0x71E2, 0x7A03, 0x7203, 0x8243, 0x71E3, 0x71E2,
    0x71C2, 0x38E1, 0x7A23, 0x7A23, 0xA304, 0x8243, 0x7A23, 0x8223, 0x8A83, 0x40E0, 0x8A83, 0x8A84,
    0x92A3, 0xED0A, 0xB3A6, 0xCC28, 0xC427, 0xC407, 0xB386, 0xAB45, 0xBBA6, 0xBB85, 0xBC07, 0xCC68,
    0xCC48, 0xCC48, 0xC428, 0xAB45, 0x8A84, 0x4265, 0x7550, 0x7571, 0x7D71, 0x7D71, 0x8592, 0x6CEF,
    0x8571, 0xCED3, 0x7530, 0x53EC, 0x438B, 0x648E, 0x6CCF, 0x64AE, 0x5C6E, 0x5C6D, 0x542D, 0x540C,
    0x29A4, 0x3123, 0xBD90, 0xB633, 0xEF38, 0xE718, 0xCEB3, 0x84E9, 0xCF16, 0xC5F2, 0xCF18, 0x31A1,
    0xCC06, 0xFE0D, 0xB386, 0x9AE4, 0x92A4, 0x92A3, 0x92C4, 0x8A83, 0xCC07, 0x9AE4, 0x92C4, 0x69C1,
    0xBBA7, 0x9B04, 0x8A42, 0xAB65, 0xAB66, 0xA304, 0xD448, 0xCC27, 0xCC07, 0xCC07, 0xCC07, 0xCC27,
    0xCC27, 0xCC27, 0xCC28, 0xCC28, 0xCC27, 0xBBC6, 0xCC48, 0xC3E6, 0xCC47, 0xCC47, 0xD468, 0xD468,
    0xBC08, 0xB3A6, 0xBBC7, 0xBBC6, 0xBBC7, 0xA325, 0xBBC7, 0xCC47, 0xDCC9, 0xD468, 0xD468, 0xD468,
    0xD468, 0xD488, 0xD489, 0xC3E7, 0xD468, 0xD468, 0xD468, 0xD468, 0xCC47, 0xD468, 0xC3C6, 0xD468,
    0xDCA8, 0xCC07, 0xAB04, 0xAB04, 0x9AA3, 0xECC7, 0xCC07, 0xC3C6, 0xBBC6, 0xBBC7, 0xBBA7, 0xC3E7,
    0xBBA6, 0xAB45, 0xBBC6, 0xC3C7, 0x8A63, 0xBBC7, 0xCC07, 0xC3E7, 0xBBA6, 0xAB45, 0xBBC6, 0xBBA6,
    0xB386, 0xAB45, 0xB366, 0xAB25, 0x9B05, 0x8263, 0x48E1, 0x71C2, 0x92A4, 0xA305, 0xA345, 0x9AE4,
    0x9B05, 0x9B05, 0xA325, 0xA305, 0x9AC4, 0x92A3, 0x9B04, 0x9B04, 0xA304, 0x9AC4, 0xE4A8, 0xC3E6,
    0x9AC4, 0x8A64, 0x2124, 0x74CF, 0x95D2, 0x95D2, 0x95D2, 0x95D2, 0x95F2, 0x95D2, 0x95F2, 0x8571,
    0x95D2, 0x9DF2, 0x95F2, 0x9DF2, 0x9DF2, 0x9E12, 0x95D2, 0x8DB1, 0x2184, 0xAB44, 0xAB65, 0xAB66,
    0xAB66, 0xAB66, 0xB386, 0xAB05, 0x8A43, 0x9284, 0x92A4, 0x92A4, 0x92A4, 0x0000, 0x0000, 0x0000,
    0x0000, 0x0000, 0x0000, 0x0000, 0x0820, 0x2080, 0x9AA4, 0x8A63, 0x92A4, 0x9284, 0x8A84, 0xB366,
    0xAB65, 0xAB45, 0xAB65, 0xAB65, 0xA345, 0x3AA7, 0x9E12, 0x9591, 0x74EF, 0x0040, 0x9305, 0x92C4,
    0xA304, 0xC3E6, 0x8264, 0x8A84, 0x8223, 0x28C1, 0x71E2, 0x7203, 0x71E3, 0xB364, 0x71E2, 0x69C2,
    0x71E3, 0x6182, 0x4901, 0x4101, 0xAB25, 0x8243, 0x8243, 0x8A83, 0x9283, 0x5141, 0x8243, 0x8243,
    0x8AA4, 0x92A3, 0x9B05, 0x92E4, 0xD488, 0xB386, 0xF58B, 0xDC88, 0xD427, 0xD489, 0xD468, 0xCC27,
    0xD467, 0xBBC6, 0xB3A6, 0xBBE7, 0xCC28, 0xFFD8, 0x546D, 0x7510, 0x7530, 0x8571, 0x7530, 0x646E,
    0x7D71, 0x6CCF, 0x542D, 0x5C4D, 0x2AA8, 0x4BEC, 0x4BAB, 0x53AB, 0x3122, 0x20E2, 0xBCEF, 0xCDD3,
    0xEEF7, 0xBEB3, 0xA5F1, 0xDED6, 0xEF59, 0xEF58, 0xADF1, 0x94E9, 0x31E4, 0x92E5, 0xD487, 0xEDAB,
    0xA2E4, 0x9AE4, 0x9AE4, 0x8A83, 0x92C4, 0x8A63, 0xA325, 0x92C4, 0x9AE4, 0x9AE4, 0x9B05, 0x61A2,
    0xBBC6, 0x9AE4, 0x9AC3, 0x9B04, 0xDC88, 0xCC48, 0xCC27, 0xBBC6, 0xA324, 0xD468, 0xCC27, 0xCC27,
    0xCC27, 0xCC27, 0xCC27, 0xCC48, 0xC407, 0xBBC6, 0xD448, 0xBBC7, 0xD489, 0xDCA8, 0xAB24, 0xBBE7,
    0xB3A6, 0x9AE5, 0xB366, 0xC3E6, 0xBBC6, 0xBBA7, 0xC427, 0xC407, 0xC3C7, 0xBBE7, 0xD488, 0xBBC6,
    0xD468, 0xD489, 0xD489, 0xD468, 0xD468, 0xD468, 0xD468, 0xD468, 0xD468, 0xD468, 0xD468, 0xA304,
    0xD468, 0xD468, 0xD468, 0xDC88, 0xC3C7, 0xC3E7, 0xA2E4, 0x9284, 0xED2A, 0xCC28, 0xC3C7, 0xAB45,
    0xBBA6, 0xDC88, 0x9263, 0xCC27, 0xB365, 0xB366, 0xB386, 0xB386, 0xB386, 0xBBC7, 0xBBC7, 0xBBC7,
    0xA325, 0xBBA6, 0xBBA6, 0xB386, 0xB386, 0xBBA6, 0xC3E7, 0x8A64, 0x40E1, 0x61A2, 0x8243, 0x9B05,
    0x9B05, 0xA325, 0x9AE4, 0xA325, 0xA305, 0x9B05, 0xA304, 0x92E4, 0x92C4, 0x9B05, 0x9B04, 0x9AE4,
    0xAB45, 0xF56A, 0xAB45, 0xA325, 0x4142, 0x3A68, 0x854F, 0x95D2, 0x95D2, 0x95F2, 0x95D2, 0x6CCF,
    0x9DF2, 0x9DF2, 0x95D2, 0x9DF2, 0x9DF2, 0x95F2, 0x95F2, 0x8DB1, 0x21A4, 0xAB24, 0xAB66, 0xAB65,
    0xAB66, 0xAB66, 0xAB66, 0xAB05, 0x8243, 0x9284, 0x92A4, 0x8A64, 0x9AA4, 0x0000, 0x0000, 0x0000,
    0x0000, 0x0000, 0x0000, 0x0000, 0x0820, 0x2080, 0x9AC4, 0x9284, 0x92A4, 0x92A4, 0x9284, 0xB366,
    0xAB65, 0xAB65, 0xB386, 0xAB66, 0xAB45, 0x2A06, 0x18E3, 0x9AE5, 0xA325, 0xBBA6, 0xE4C8, 0xAB25,
    0xAB45, 0x92A4, 0x9284, 0x8A84, 0x7203, 0x38E1, 0x61C2, 0x71E3, 0x71E3, 0xB385, 0x7A03, 0x7A03,
    0x7A03, 0x71E3, 0x71E2, 0x71E2, 0x6182, 0x30C1, 0x8A84, 0x8A83, 0x8A83, 0x4921, 0x92A3, 0x92A3,
    0x92A4, 0x8AA4, 0x8243, 0x92C4, 0x92C4, 0x7A43, 0x92C4, 0xA304, 0x69E3, 0x92E4, 0xA305, 0xA305,
    0x9AE4, 0x9AC4, 0x9AC4, 0xC3E6, 0xC407, 0xC427, 0x4C2C, 0x64AE, 0x64CF, 0x648E, 0x540D, 0x1144,
    0x1144, 0x19C5, 0x29C6, 0x9307, 0x8AA5, 0xABA7, 0xCC89, 0xD4C9, 0xC448, 0xB3C7, 0xCEF8, 0xDF58,
    0xE738, 0xCE94, 0xB671, 0x95AD, 0x846C, 0x38C0, 0xC3A6, 0xDC88, 0xEDAB, 0xA304, 0x9B04, 0x8A84,
    0x9284, 0x92C4, 0x92C4, 0x8A83, 0x9AE4, 0xA345, 0x9AE4, 0x9AE4, 0x92C4, 0x8A83, 0x92A3, 0x1840,
    0xC3E7, 0x9AE4, 0x9AE4, 0x1020, 0xCC28, 0xCC48, 0xCC27, 0xCC27, 0xC3E7, 0xC3E7, 0xAB04, 0xD427,
    0xCC48, 0xC407, 0xBBC7, 0x5981, 0xFFD7, 0x7AC5, 0xDCEA, 0x3922, 0x5962, 0xA44B, 0xEEF6, 0x59C3,
    0xAB66, 0x7245, 0xFED2, 0xEE10, 0xF715, 0x7A84, 0xC449, 0x8AC5, 0xFFB7, 0x93CA, 0xC428, 0x92E6,
    0xFFFA, 0xCD2E, 0xDCA9, 0x0000, 0xE60E, 0xCD6F, 0xD488, 0xDC88, 0xCC05, 0xD426, 0xD447, 0xD488,
    0xD488, 0xD468, 0xC3E7, 0xC3E7, 0xC3E7, 0xC3C7, 0xBBC6, 0xB365, 0xC3C7, 0xCC27, 0x8223, 0xD448,
    0x71C2, 0xF52A, 0xC407, 0xBBC7, 0xBBA6, 0xBBA7, 0xB386, 0xBBC6, 0xBBC6, 0xC3E7, 0xC407, 0xBBC6,
    0xBBA6, 0xBBA6, 0xBBC6, 0xAB25, 0xCC47, 0xB365, 0x8203, 0xB365, 0xB386, 0xA305, 0xA305, 0x92A4,
    0x38C1, 0x69C2, 0x9AE4, 0xA325, 0x9B05, 0x92C4, 0x9B04, 0x9B04, 0x9B04, 0x9AE4, 0x92A4, 0x9AE4,
    0x9AE4, 0x9AE4, 0x9AE4, 0x9AE4, 0xF56A, 0xBBC6, 0xAB65, 0x8243, 0x41E5, 0x7D30, 0x9DD2, 0x6CAF,
    0x9DF2, 0x9DF2, 0x9DF2, 0x9DF2, 0x95F2, 0x95D2, 0x95D2, 0x95F2, 0x21A4, 0xAB44, 0xAB66, 0xAB45,
    0xAB66, 0xAB45, 0xAB66, 0xA305, 0x8A63, 0x8A63, 0x92A4, 0x8A43, 0x92A4, 0x0000, 0x0000, 0x0000,
    0x0000, 0x0000, 0x0000, 0x0000, 0x0820, 0x28C1, 0x9284, 0x9284, 0x92A4, 0x9284, 0x9263, 0xB366,
    0xAB65, 0xAB66, 0xAB66, 0xAB66, 0xAB45, 0x4921, 0xC406, 0xED2A, 0x9AE4, 0xA325, 0xA325, 0xAB45,
    0x9AE4, 0x8A83, 0x92A4, 0x8244, 0x7A23, 0x30E1, 0x69C2, 0x71E3, 0x7203, 0xAB85, 0x7203, 0x7203,
    0x71E3, 0x7A03, 0x71E2, 0x71E3, 0x69C2, 0x71E3, 0x7A03, 0x7202, 0x4922, 0x4921, 0x8A83, 0x92C4,
    0x92A4, 0x8AA4, 0x8A63, 0x9AE4, 0x9AC4, 0x8243, 0x92C4, 0x9AE4, 0x69C2, 0x92A4, 0x9AE4, 0x9AE4,
    0x9AE4, 0x8A83, 0x92C4, 0x92A4, 0x8A84, 0xBBC5, 0x82C4, 0xCC89, 0xD4CA, 0xD4C9, 0xD488, 0xCC89,
    0xBC08, 0xB3C7, 0xCCCB, 0xDD4C, 0xE54C, 0xE54B, 0xD4EA, 0xC448, 0xC428, 0xBBE7, 0x7264, 0x4204,
    0x10A0, 0xBB86, 0xBBC6, 0xF5EC, 0xF692, 0xA304, 0x8A83, 0x59E2, 0x7D65, 0x8A83, 0x8283, 0x7202,
    0x8A63, 0xAB25, 0x9B05, 0x92C4, 0x92E4, 0x9AE4, 0x92E4, 0x92C4, 0x8A83, 0x69E2, 0xCC47, 0x69E2,
    0xCC06, 0x9AC4, 0x69C2, 0x7A42, 0xCC48, 0xC3E7, 0x5122, 0x4921, 0xCC48, 0xC408, 0xE674, 0xDDB0,
    0xF734, 0x4122, 0xE60F, 0xC4AB, 0xF6F5, 0xF759, 0xE5F0, 0xFFD9, 0xE652, 0xA44C, 0xABCA, 0x9327,
    0x28A1, 0xB4EE, 0xAC6C, 0xAC6C, 0x8B28, 0xCD6F, 0x92E6, 0xBC4C, 0xC50E, 0xB4AD, 0xF671, 0xF734,
    0xCD0B, 0xD5AE, 0xF735, 0xE60F, 0xFFBB, 0xFF99, 0x4122, 0xFFB8, 0xEEB5, 0xC4EB, 0x7AC7, 0xC407,
    0x40E0, 0x2060, 0xCC07, 0xC408, 0xC3E7, 0xC3E7, 0xC3E7, 0xBBC7, 0xC3E7, 0xD488, 0x92A4, 0xC3A6,
    0xA305, 0xBBC6, 0xC3E7, 0xAB66, 0xBBC6, 0xCC27, 0xBBC6, 0xBBA6, 0xBBC6, 0xBBC7, 0xBBC7, 0xAB66,
    0xB386, 0xBBA6, 0xE4C9, 0x8222, 0xCC47, 0xBBC6, 0xB366, 0xB386, 0xBBA6, 0xBBA6, 0xBBA6, 0xA325,
    0xB366, 0x92A4, 0x8A63, 0x69E3, 0x69C3, 0x8AA4, 0x9B05, 0xA325, 0x92C4, 0x9B04, 0xA305, 0x9B05,
    0x9B04, 0x9AC4, 0x92A3, 0x9AE4, 0x9AE4, 0x9AE4, 0x9AE4, 0xBBC6, 0xCC07, 0xAB45, 0xAB25, 0x2104,
    0x648E, 0x8D91, 0x95D2, 0x9DF2, 0x95F2, 0x95F2, 0x95D2, 0x95D2, 0x21A4, 0xAB45, 0xB386, 0x9B05,
    0xBBA7, 0xAB66, 0xB366, 0xA305, 0x8A64, 0x8A63, 0x92A4, 0x8A63, 0x9AA4, 0x0000, 0x0000, 0x0000,
    0x0000, 0x0000, 0x0000, 0x0000, 0x0820, 0x5962, 0x8223, 0x9284, 0x92A4, 0x9284, 0x8A43, 0xB366,
    0xAB65, 0xAB65, 0xAB66, 0xAB66, 0x9B04, 0x38E1, 0x92C4, 0x9AE4, 0x9AC3, 0x9AC4, 0xA304, 0xAB45,
    0xA305, 0x92A4, 0x8A64, 0x8263, 0x8A64, 0x1860, 0x61A2, 0x6182, 0x61A2, 0xA345, 0x71C2, 0x7203,
    0x7203, 0x7A03, 0x71E2, 0x71E3, 0x7203, 0x7A03, 0x7A03, 0x7203, 0x8244, 0x6182, 0x69A2, 0x5142,
    0x40E1, 0x8263, 0x92A3, 0x9B04, 0x9AE4, 0x92E4, 0x92E4, 0x92C4, 0x61A2, 0x8263, 0x92C4, 0x92C4,
    0x8A64, 0x92A4, 0x9AE4, 0x9AC3, 0x9AC4, 0xCC47, 0xBCCA, 0xAD4D, 0xB58E, 0xB5CD, 0xBC48, 0xD4EA,
    0xD4EA, 0xCCCB, 0xC408, 0x9B25, 0x69C2, 0x5961, 0x9B04, 0xBBE7, 0xCC26, 0xD467, 0xF5AC, 0x8AA3,
    0x92C4, 0x9B05, 0x92E4, 0x9AC4, 0x9B04, 0x9AC4, 0x8243, 0x6CC5, 0x5C82, 0x0000, 0x53C4, 0x7564,
    0x7584, 0xB6E7, 0x18A1, 0x92C4, 0x92C4, 0x92E4, 0x92C4, 0x8A84, 0xAB04, 0x92C4, 0x8AA4, 0x69C2,
    0xC427, 0x6A03, 0x1020, 0x30C1, 0x69E4, 0xF734, 0xE58E, 0xFF15, 0xFF97, 0xB42A, 0xEE93, 0xF6B2,
    0x0800, 0x1800, 0x6102, 0xAA24, 0xE387, 0xE366, 0xCA85, 0xBA45, 0xC245, 0xCA25, 0xC1E5, 0xD2C6,
    0xDAE6, 0xD2E6, 0xDB67, 0xD2C7, 0xB143, 0xDB07, 0xDAA6, 0xD266, 0xD2A7, 0xB9E5, 0xC205, 0xC205,
    0xCA86, 0xDAA7, 0xBA25, 0xDAA6, 0xDB28, 0x3841, 0x4020, 0x58C1, 0xFFB8, 0xE5AE, 0xB42A, 0xFF75,
    0xFF37, 0xEE11, 0xFED3, 0xD448, 0x0000, 0xC3E7, 0xBBC7, 0xCC48, 0xAB65, 0xC3C7, 0xC3C7, 0xBBC7,
    0xBBC7, 0xC3E7, 0xC3E7, 0xC3E7, 0xC3E7, 0xCC07, 0xA304, 0xA325, 0xDC88, 0xC3C6, 0xC3C7, 0xA305,
    0xAB65, 0x8A63, 0xC3C6, 0xBB86, 0xA305, 0xBBA6, 0xBBA6, 0xB366, 0xB365, 0xB365, 0xB365, 0xB3A6,
    0xC3E6, 0xAB45, 0xB365, 0xAB45, 0x9B04, 0x7A03, 0x5982, 0x69C3, 0x9AE4, 0xA304, 0x9B04, 0x9AE4,
    0x92C4, 0x9AC4, 0x9B04, 0x9AE4, 0x9B04, 0x9B04, 0x8A63, 0x8A83, 0x9AE4, 0xA2E4, 0xCC48, 0xC427,
    0xAB66, 0xAB45, 0x1860, 0x7D0F, 0x95D2, 0x95F2, 0x95D2, 0x8D71, 0x21A4, 0xAB65, 0xB386, 0x9B05,
    0xB386, 0xB366, 0xAB66, 0x9AC4, 0x8A64, 0x92A4, 0x9284, 0x8A43, 0x9284, 0x0000, 0x0000, 0x0000,
    0x0000, 0x0000, 0x0000, 0x0000, 0x0820, 0x2080, 0x8243, 0x92A4, 0x92A4, 0x8A84, 0x9284, 0xB365,
    0x9AE4, 0xAB45, 0xAB65, 0xAB46, 0xA325, 0x4101, 0x92A4, 0xB385, 0xAB65, 0xA325, 0xA305, 0x92A4,
    0x92A4, 0x9284, 0x8264, 0x7223, 0x4101, 0x7A23, 0x2081, 0x5982, 0x71C2, 0xA305, 0x71E2, 0x71E3,
    0x7203, 0x7203, 0x71E2, 0x71E3, 0x7203, 0x7A23, 0x7A23, 0x8243, 0x8A63, 0x69C2, 0x8A63, 0x7A02,
    0x7A23, 0x69A2, 0x69C2, 0x61A2, 0x5141, 0x5142, 0x7A43, 0x8284, 0x5141, 0x9B04, 0xA304, 0xA304,
    0x8A83, 0x9B04, 0xA304, 0x9AE4, 0x92C4, 0xC405, 0x6181, 0x92C5, 0x8A84, 0x8A84, 0xA2C4, 0xED29,
    0xE529, 0xED49, 0xE509, 0x5141, 0xB3E7, 0xBBE7, 0x9B04, 0x92C4, 0xA325, 0xA325, 0xA325, 0xA325,
    0xA304, 0x9B04, 0x8A83, 0x7A44, 0xA669, 0x7505, 0x74E4, 0x6442, 0x5442, 0x7D26, 0x4C02, 0x64C3,
    0x7524, 0x6D04, 0x7545, 0x5BE4, 0x9AE4, 0x8AA4, 0x8243, 0x8AA4, 0x92A4, 0x8243, 0x8AA4, 0x4101,
    0x59A2, 0xAC29, 0xDDCF, 0xEEB3, 0x7A04, 0xEED6, 0x2820, 0x2000, 0xAA05, 0xDAA6, 0xDAE6, 0xCAA6,
    0xE307, 0xDAC7, 0xB1E5, 0xDB26, 0xDB67, 0xB245, 0xAA03, 0xA9E4, 0xB1C4, 0xC2E6, 0xD2C6, 0xB1A4,
    0xB184, 0xA964, 0xBA25, 0xB164, 0xB9C5, 0xB1C4, 0xC225, 0xB9C5, 0xA144, 0x9943, 0xA184, 0xC245,
    0xCA86, 0xC205, 0xC205, 0xDAC6, 0xDB06, 0xCA66, 0xDAE6, 0xDAE7, 0xDB07, 0xCA45, 0x99A4, 0x58E2,
    0xB4AC, 0xCD0D, 0x38C1, 0xF6B1, 0xF651, 0xB42A, 0x40C1, 0xFF77, 0xF6D3, 0x51C2, 0xCC28, 0xC3E7,
    0xC3E7, 0xBBC7, 0xBBE7, 0xC3E7, 0xBBC6, 0xC3E7, 0xBBC7, 0xBBA6, 0xC3E6, 0xE4A8, 0x8222, 0xD467,
    0xC3E7, 0xBBA6, 0xBBA6, 0xBBA6, 0xBBA6, 0xBBA6, 0xBBC6, 0xC407, 0xBBC7, 0xB386, 0xBBC6, 0xC3E6,
    0xC3E7, 0xBBA6, 0xAB45, 0xC3E7, 0xAB25, 0xAB25, 0xB365, 0x7A02, 0x8222, 0x38C1, 0x7203, 0x8A84,
    0x9B05, 0x9AE4, 0x9AE4, 0x9AC4, 0x9AE4, 0x9AC4, 0x92A4, 0x9B04, 0x9AE4, 0x9AC4, 0x92A4, 0x9AE4,
    0xA305, 0xC407, 0xCC07, 0xAB45, 0xAB44, 0x5182, 0x6C4D, 0x7D30, 0x1963, 0xB365, 0xB366, 0xA305,
    0xBBE7, 0xAB66, 0xB366, 0x9AA4, 0x92A4, 0x9284, 0x8A64, 0x8A43, 0x9284, 0x0000, 0x0000, 0x0000,
    0x0000, 0x0000, 0x0000, 0x0000, 0x0840, 0x2080, 0x8223, 0x9284, 0x92A4, 0x8A64, 0x92A3, 0xB366,
    0xA305, 0xAB66, 0xAB66, 0xA325, 0xAB45, 0x4921, 0xAB45, 0xA345, 0x9B04, 0xA325, 0xA325, 0x92C4,
    0x7A02, 0x4101, 0x8AA4, 0x92C4, 0x9AC4, 0x8A64, 0x61C3, 0x61A2, 0x71E3, 0xA325, 0x2880, 0x7203,
    0x7203, 0x7203, 0x71E3, 0x7A03, 0x7A03, 0x7A23, 0x7A23, 0x8A63, 0x8A64, 0x69C2, 0x8A63, 0x7A03,
    0x8243, 0x8A63, 0x7A23, 0x8243, 0x8243, 0x7A23, 0x7A23, 0x7A03, 0x5962, 0x38C0, 0x5962, 0x4921,
    0x4122, 0x5162, 0x59A2, 0x61A2, 0x59A2, 0x2080, 0x9AE4, 0x9AE4, 0x9AE4, 0x9AC4, 0x9AE4, 0x9B05,
    0xA345, 0xA345, 0xA325, 0x38E0, 0x8AA3, 0x92C4, 0x9B04, 0xA325, 0xAB25, 0xA325, 0xA324, 0xA324,
    0xA325, 0xA325, 0x9304, 0x64C2, 0x7565, 0x64C4, 0x5403, 0x5C23, 0x4362, 0x4382, 0x4362, 0x3AE2,
    0x5C43, 0x6D24, 0x64A4, 0x21C1, 0x92A3, 0x9AE4, 0x9AE4, 0x92C4, 0x8263, 0x7203, 0x8AC4, 0x1840,
    0xA3E9, 0xAC09, 0x6205, 0x60C1, 0xB9C4, 0xDA66, 0xDAE7, 0xDB07, 0xDB07, 0xC265, 0xDB06, 0xD2E6,
    0xC265, 0xA984, 0x9923, 0xA143, 0x8943, 0xBA84, 0xAA04, 0x9184, 0xE386, 0xE386, 0xD2E5, 0xB9E4,
    0xD2E7, 0xE3C8, 0xE408, 0xE3A7, 0xCA65, 0xDAC5, 0xDB06, 0xEBE8, 0xE3E8, 0xE3C7, 0xCAE6, 0xEC28,
    0xC264, 0xAA04, 0xB245, 0x99C4, 0x9984, 0xA984, 0xCA45, 0xD2A6, 0xD245, 0xD266, 0xE327, 0xE2E6,
    0xD246, 0xD266, 0x9164, 0x0800, 0xC4ED, 0x9368, 0xF6D4, 0xE611, 0xEE33, 0x92E5, 0xFF34, 0xFFFA,
    0xFFFB, 0xBBE8, 0xBBC7, 0xBBE7, 0xC3E7, 0xB386, 0xB385, 0xC3C6, 0x9262, 0xCC07, 0xCBE7, 0xC407,
    0x9AA3, 0xDCAA, 0xC3C6, 0xB3A6, 0xBBA6, 0xBBC7, 0xBBC6, 0xBBA6, 0xBBC7, 0xBBC7, 0xBBC6, 0xB3A6,
    0xB366, 0xBBA6, 0xBBA6, 0xBBA6, 0xB365, 0x8263, 0xC3E6, 0xC3C6, 0xAB45, 0xAB45, 0x92C4, 0x8A84,
    0x0800, 0x69C2, 0x92A4, 0x9AE4, 0x9B04, 0x9AE4, 0x8A63, 0x9AE4, 0x9B05, 0x9AE5, 0xA325, 0x92C4,
    0x9B05, 0x9B04, 0xA324, 0x9AE4, 0xE4A8, 0xC3E6, 0xB365, 0x8AA4, 0x0000, 0xB365, 0xAB66, 0xAB46,
    0xB386, 0xAB65, 0xAB45, 0xA2C4, 0x92A4, 0x9284, 0x8A43, 0x9264, 0x92A4, 0x0000, 0x0000, 0x0000,
    0x0000, 0x0000, 0x0000, 0x0000, 0x0000, 0x28A0, 0x8243, 0x9284, 0x92A4, 0x8A63, 0x8A84, 0xAB66,
    0xA305, 0xAB66, 0xAB65, 0x9AC4, 0xB365, 0x4921, 0x8A83, 0xA325, 0xA325, 0x8243, 0x4901, 0x7A23,
    0x92C4, 0x9AE4, 0x8A84, 0xAB25, 0x92A4, 0x9284, 0x7A43, 0x3901, 0x69C2, 0x9AE4, 0x69C2, 0x8223,
    0x71E2, 0x7A03, 0x7203, 0x7A03, 0x79E3, 0x7A23, 0x7A03, 0x8263, 0x8A64, 0x69C2, 0x8A63, 0x8243,
    0x92A4, 0x92A4, 0x92A4, 0x92A4, 0x92A3, 0x8A63, 0x9AE4, 0x9AE4, 0x7A23, 0x69A2, 0x8A84, 0x8AA4,
    0x8243, 0x8A64, 0x7A03, 0x8243, 0x8243, 0x8223, 0x9B05, 0x9B05, 0x92C4, 0x92C4, 0x9AE4, 0x92C4,
    0x92C4, 0x9AE4, 0x92C4, 0x2060, 0x8263, 0x9AE4, 0xB365, 0xAB45, 0x9AC4, 0x92A4, 0xBBC6, 0xA324,
    0xA325, 0x8243, 0x5C83, 0x64E3, 0x5C84, 0x3B01, 0x4342, 0x53E3, 0x5BC5, 0x4BE3, 0x5423, 0x53E2,
    0x6CE4, 0x64A3, 0x4B23, 0x9B04, 0x92E4, 0x92C4, 0x92C4, 0x8263, 0x8284, 0x7202, 0x1020, 0x6101,
    0xA163, 0xA983, 0xC245, 0xDAE7, 0xDAA7, 0xBA05, 0xE2E6, 0x9123, 0x88E2, 0x9163, 0xB1E4, 0xC265,
    0xD306, 0xDB87, 0xE3E8, 0xD326, 0xD2E5, 0xB204, 0xA184, 0xB1C4, 0xA983, 0xE346, 0xD2A5, 0xDB07,
    0xC225, 0xB9C5, 0xD2E6, 0xDB46, 0xD346, 0xD347, 0xBA04, 0xA983, 0xBA25, 0xC265, 0xA163, 0xC285,
    0xC265, 0xCAA5, 0xCAC5, 0xC2A5, 0xBA85, 0xAA04, 0xE3A6, 0xDB66, 0xC285, 0x9143, 0xCA06, 0xC205,
    0xD266, 0xBA05, 0xC225, 0xD225, 0xE2E7, 0xDAC7, 0xD266, 0x4881, 0xFF15, 0xF692, 0xEE72, 0xF693,
    0xEE52, 0x9388, 0xBBC7, 0xD488, 0xD468, 0xD448, 0x79E2, 0xD468, 0xC3E7, 0xC3C7, 0xBBC7, 0xBBC7,
    0xC3C7, 0xC3E7, 0xC3C6, 0x9AE4, 0xCC27, 0xBBE7, 0xBBE7, 0xBBE7, 0xBBC7, 0xC3C7, 0xBBA6, 0xB386,
    0xBBC7, 0xBBA7, 0xA304, 0x9283, 0xC3C6, 0xBBC6, 0xBBA6, 0xBBA6, 0xB386, 0xBBA6, 0xBBA6, 0xAB65,
    0xAB45, 0x92A4, 0x8A84, 0x7A43, 0x61A2, 0x7A23, 0x9AE5, 0xA325, 0xA305, 0x9B05, 0x92C4, 0xA325,
    0xA305, 0xA305, 0x92C4, 0xA305, 0x9B05, 0x9B05, 0x9AE4, 0xD447, 0x28A0, 0xB365, 0xB386, 0xA305,
    0xB386, 0xAB45, 0xAB25, 0x9AC4, 0x92A4, 0x8A63, 0x8A43, 0x92A4, 0x9284, 0x4A05, 0x0000, 0x0000,
    0x0000, 0x0000, 0x0000, 0x0000, 0x0000, 0x20A1, 0x8223, 0x9284, 0x9284, 0x8243, 0x8A63, 0xB386,
    0x92A3, 0xB385, 0xBBC6, 0x8A84, 0xA325, 0x4921, 0x7A22, 0x4941, 0x5982, 0x92C4, 0xAB25, 0xCC27,
    0xBBC6, 0xA325, 0xA325, 0xA325, 0xA305, 0x8223, 0x9AE5, 0x92A4, 0x30C1, 0x92C5, 0x71E3, 0x7203,
    0x7203, 0x7A44, 0x7A23, 0x7DA4, 0x6D44, 0x9646, 0x59C2, 0x8A43, 0x1840, 0x0800, 0x9283, 0x8263,
    0x92A4, 0x92A4, 0x92C4, 0x8AA4, 0x8A84, 0x8A63, 0x9AE4, 0x9B04, 0x8A84, 0x8244, 0x92A4, 0x92C4,
    0x92C4, 0x92C4, 0x92C4, 0x92C4, 0x8AA4, 0x7A02, 0x8243, 0x92A3, 0xAB65, 0xAB65, 0xAB45, 0x9AC4,
    0x9AE4, 0xBBA6, 0xA325, 0x7223, 0x9B04, 0xA325, 0xA345, 0xB385, 0xA325, 0x9B05, 0x9B04, 0xA325,
    0xA345, 0x1880, 0x5CC3, 0x64A4, 0x4C02, 0x6504, 0x64C4, 0x3B22, 0x5442, 0x0940, 0x4342, 0x4321,
    0x3281, 0x0000, 0x82A4, 0x92C4, 0x92C4, 0x8A84, 0x8A83, 0x8A63, 0x40E1, 0x50A1, 0x9163, 0xCA86,
    0xD2C7, 0xD2C7, 0xDAE6, 0x99A4, 0x9963, 0x9143, 0xCB26, 0xE3C7, 0xE3C7, 0xE408, 0xD2C5, 0xB1C4,
    0xA9A4, 0x9943, 0xBA24, 0xC2A5, 0xC2E6, 0xDB86, 0xD306, 0xDB27, 0xD2C5, 0xB1A3, 0xA963, 0xB1C3,
    0xD286, 0xB164, 0xB204, 0xD2E6, 0xCAE6, 0xDB27, 0xEBE8, 0xE367, 0xE327, 0xC204, 0xDAC5, 0xDAA6,
    0xCA45, 0xDB06, 0xEC29, 0xBA85, 0x9983, 0x9163, 0xA9E4, 0xAA04, 0xC2A5, 0xC2A5, 0xD3A8, 0xC2E5,
    0xE3A7, 0xB1C4, 0xA144, 0xC205, 0xDAA7, 0xC226, 0xDAC7, 0xCA46, 0x88E2, 0x8903, 0x3081, 0xCC8C,
    0x7266, 0xA3E8, 0xFF14, 0xEE72, 0xE611, 0xFF57, 0xBC07, 0xC3E7, 0xC3E7, 0xBBA6, 0xB346, 0xBBC7,
    0xB386, 0xBBC6, 0xC3E7, 0xC3E7, 0xC3E7, 0xC3E7, 0xA305, 0x8A84, 0xD448, 0xBBC7, 0xBBC6, 0xB386,
    0x8222, 0xBBC6, 0xC3E7, 0xBBA6, 0xBBA6, 0xAB45, 0xB3A6, 0xBBA7, 0xBBA6, 0xAB45, 0xAB45, 0xBBC6,
    0xBBC6, 0xB3A6, 0xB386, 0xAB25, 0xA304, 0x8A64, 0x69E3, 0x5942, 0x8223, 0xA305, 0x9B04, 0x9AE4,
    0x9AE4, 0x92C4, 0x9B04, 0xA305, 0xA304, 0x9B05, 0x8263, 0x92C4, 0x30C1, 0xBBA7, 0xB386, 0xA305,
    0xB366, 0xAB45, 0xA325, 0x9284, 0x92A4, 0x8223, 0x8A43, 0x92A4, 0x92C4, 0x41E5, 0x0000, 0x0000,
    0x0000, 0x0000, 0x0000, 0x0000, 0x41C4, 0x28C1, 0x7A23, 0x9284, 0x9284, 0x8223, 0x8A63, 0xB386,
    0x8A83, 0xB386, 0xBBC7, 0x8AA4, 0xAB66, 0x0800, 0xA325, 0xB386, 0x9AC4, 0xB3A6, 0xB366, 0xAB65,
    0xAB45, 0xB386, 0xA325, 0xA325, 0x9284, 0x9AE5, 0x9AC5, 0x92C4, 0x8A64, 0x4121, 0x5982, 0x7203,
    0x7A03, 0x7203, 0x7A23, 0x43C1, 0x5C84, 0x3B21, 0x2961, 0xA205, 0xB265, 0xCA24, 0xF288, 0x2902,
    0x7BCE, 0x0880, 0x00C0, 0x8AC4, 0x92A4, 0x8263, 0x9AE4, 0x9AE4, 0x92A4, 0x8263, 0x92C4, 0x92C4,
    0x92C4, 0x92C4, 0x92E4, 0x92C4, 0x92A3, 0x8243, 0xA325, 0xAB65, 0xA325, 0x9B05, 0x9B25, 0x9B05,
    0x9B05, 0x9B25, 0x8A63, 0xA345, 0xA345, 0xA345, 0xAB65, 0xA325, 0xA325, 0xA325, 0x92C4, 0x9B05,
    0x2962, 0x64A4, 0x4C22, 0x6D04, 0x6D64, 0x5CC4, 0x43A2, 0x20C1, 0x64C4, 0x5C82, 0x7203, 0x8243,
    0x7A23, 0x92C4, 0x92C4, 0x92A3, 0x9283, 0x8A83, 0x30C0, 0x68E1, 0x7902, 0x9983, 0xBA04, 0xCA65,
    0xA184, 0xBA65, 0xE366, 0xDB45, 0xDB25, 0xA1A3, 0xBA24, 0xC2A5, 0xC245, 0xDB47, 0xE346, 0xE3A7,
    0xCAC5, 0xA984, 0x9143, 0x8963, 0xA1C4, 0xE387, 0xE388, 0xDAC6, 0xB1E4, 0xDB47, 0xDB87, 0xDB67,
    0xE368, 0xD286, 0xDAC6, 0xE2E6, 0xC205, 0xEB88, 0xE3E9, 0xE3A8, 0xD287, 0xCA86, 0xEB68, 0xD2A6,
    0xB9C5, 0xA9E3, 0x99A4, 0xDBA7, 0xC204, 0xB9E4, 0xBA05, 0xD346, 0xDB66, 0xE387, 0xBA45, 0xBA04,
    0xBA64, 0xB1E4, 0xD265, 0xDB06, 0xD2C6, 0x9143, 0xA184, 0xD286, 0xD265, 0xDAC6, 0xD2C6, 0xBA05,
    0x9123, 0xC4CC, 0xF6B4, 0xF6B3, 0xFF76, 0xCD0D, 0xB44A, 0xC408, 0xC3E7, 0xC3C7, 0xC3E7, 0xC3E7,
    0xC3E7, 0xBBC7, 0xC3C7, 0xBBC7, 0xBBE7, 0xAB66, 0xB386, 0xAB46, 0xBBA6, 0x8202, 0x7A02, 0xDCA8,
    0xBBC7, 0xBBC7, 0xBBC6, 0xBBA6, 0xBBC6, 0xBBA6, 0xBBA6, 0xBBA6, 0xB3A6, 0xBBC7, 0xBBC7, 0xBBC6,
    0xBBC6, 0xA304, 0xB386, 0xAB66, 0xBB86, 0xCC27, 0xB365, 0x8243, 0x8222, 0x7203, 0x38C1, 0x69C2,
    0x92C4, 0x9AE4, 0x9B04, 0x9B05, 0xA305, 0xA325, 0x9B05, 0x8263, 0x30A0, 0xB386, 0xAB65, 0xAB45,
    0xBBA6, 0xAB45, 0xA305, 0x8A64, 0x92A4, 0x8243, 0x8A43, 0x9284, 0x9284, 0x39E5, 0x0000, 0x0000,
    0x0000, 0x0000, 0x39C5, 0x6A03, 0xAB25, 0x8A83, 0x30E1, 0x71E2, 0x8A64, 0x71E3, 0x8A43, 0xAB66,
    0x8A83, 0xB385, 0xBBC6, 0x2060, 0x8242, 0xAB45, 0x8263, 0xA346, 0xB3A6, 0xBBA6, 0xBB86, 0xA304,
    0xB366, 0xB365, 0xB385, 0xA325, 0xAB45, 0xA325, 0xAB45, 0xA325, 0x8264, 0x8A84, 0x61E3, 0x4921,
    0x7203, 0x7203, 0x71E3, 0x3902, 0x3B82, 0x4382, 0xD9A6, 0xD1E7, 0xA164, 0xE1A6, 0xEA07, 0xE1A6,
    0x2144, 0x4BE4, 0x4AC9, 0x5AAC, 0xE778, 0xF7DD, 0x2143, 0x92C4, 0x8A83, 0x7A22, 0x92C4, 0x92C4,
    0x92E4, 0x92C4, 0x92E4, 0x92C4, 0x92A4, 0x8243, 0xAB65, 0xAB65, 0xA345, 0x9AE4, 0x9B04, 0xA305,
    0xA325, 0xA325, 0xA325, 0xA304, 0xA345, 0xA325, 0xA325, 0xA325, 0xA325, 0xA345, 0xA325, 0x9AE4,
    0x43A3, 0x64C5, 0x5C83, 0x64C4, 0x4BE2, 0x4303, 0x71E2, 0x92E4, 0x5C42, 0x0040, 0x8243, 0x9AE4,
    0x9AE4, 0x92C4, 0x8A83, 0x6161, 0x0020, 0x7122, 0x7902, 0x9102, 0xA983, 0xD2C6, 0xE4A9, 0x99A4,
    0xC266, 0xDB47, 0xDB67, 0xB204, 0xDB26, 0xCA85, 0xC204, 0xBA05, 0xB1E4, 0xD367, 0xC2C5, 0xDB05,
    0xE366, 0xD327, 0xCAA6, 0xD2E6, 0xBA25, 0xC245, 0xBA05, 0xB9E5, 0xD266, 0xB184, 0xC225, 0xB1C4,
    0x80C1, 0x8901, 0x9162, 0xA9A4, 0xA984, 0xA1A4, 0x9144, 0x9964, 0xD2A6, 0xC286, 0xD307, 0xC245,
    0xE3C7, 0xDB86, 0xC266, 0xCA45, 0xCA46, 0xDAC6, 0x99A3, 0xBA65, 0xD2C6, 0xBA25, 0xA184, 0xB1C4,
    0xB245, 0xC2A5, 0xDBC6, 0xCB06, 0xDAC7, 0xC245, 0x8123, 0x9943, 0xB1A4, 0xD2C7, 0xCA86, 0xA9A4,
    0xD286, 0xE347, 0xD2A6, 0x5984, 0xAB88, 0x8B89, 0x61E2, 0xA3E9, 0xFF34, 0xFFB6, 0x6A44, 0xC3E7,
    0xC3E7, 0xBBC6, 0xBBC6, 0xC3E7, 0xC3E7, 0xC3E7, 0xBBC7, 0xC407, 0x8222, 0xC3E6, 0xC3C7, 0xC407,
    0x8A63, 0xC3C6, 0xC407, 0xB386, 0xBBA6, 0xBBA6, 0xB3A6, 0xBBE7, 0xBBC7, 0xBBC7, 0xBBC7, 0xBBC7,
    0xBBC6, 0xB386, 0xBBC6, 0xC407, 0xC407, 0x8223, 0xB366, 0xB366, 0xB366, 0xB366, 0xAB66, 0x8AA4,
    0x8243, 0x3880, 0x7A02, 0x8A84, 0x9AE4, 0x9B05, 0xA325, 0x92A3, 0x38E1, 0xB365, 0xA325, 0xAB45,
    0xB365, 0xA305, 0xAB45, 0x8223, 0x92A4, 0x8A64, 0x8A43, 0x8A63, 0x9284, 0x31A5, 0x0000, 0x0000,
    0x0000, 0x0000, 0x0000, 0xB385, 0xB365, 0xB345, 0x9AC4, 0x7A22, 0x0000, 0x71C2, 0x9AA4, 0xB365,
    0x5982, 0x5182, 0x7A02, 0xBB85, 0xA304, 0x5901, 0x9AA4, 0x92E4, 0x92A3, 0xBBA6, 0xBBA6, 0xB365,
    0xAB45, 0xA305, 0x92C4, 0xB386, 0xB365, 0xA2E4, 0xA305, 0xA305, 0xA2E5, 0x92A4, 0x92A4, 0x8223,
    0x2060, 0x69A2, 0x62E7, 0xD757, 0x74CD, 0x1040, 0xD186, 0xE166, 0xE9A7, 0xE9C7, 0xE206, 0xD185,
    0x0800, 0x3A05, 0x4A8D, 0x52AF, 0x0883, 0x3B07, 0x9D70, 0xEFFC, 0xBE11, 0x7A02, 0x92C3, 0x92C4,
    0x9AE4, 0x9AE4, 0x92C4, 0x92C4, 0x92A4, 0x7A43, 0x9B05, 0xA325, 0x9B25, 0xA324, 0x9B24, 0x9B05,
    0xA325, 0x9B05, 0xA325, 0xA325, 0xAB45, 0xAB45, 0xA304, 0x7A22, 0x7203, 0x7A23, 0x6181, 0xAB45,
    0xAB45, 0x8A63, 0x6A23, 0x0040, 0x7A23, 0x7202, 0x8A84, 0x7A43, 0x1120, 0x8A83, 0x8263, 0x9AE4,
    0x92C3, 0x6182, 0x0000, 0x7102, 0x8142, 0x99E4, 0x99C3, 0xDB87, 0xE409, 0xA9A4, 0xE3A7, 0xDB07,
    0xA984, 0xB225, 0xDB06, 0xDAE6, 0xE367, 0xA9A3, 0x9143, 0xC205, 0xCA26, 0xE368, 0xCA45, 0xD2C5,
    0xB1A4, 0xC204, 0x9102, 0x90C2, 0x99A4, 0xDD6F, 0xDD90, 0x9A86, 0xFF57, 0xF6B4, 0xEE52, 0xF715,
    0xFEF3, 0xFEF4, 0xFF36, 0xF693, 0xD4CB, 0xF693, 0xF6D4, 0xFEF4, 0xE50C, 0xFFD9, 0xFF97, 0x7183,
    0x88A2, 0xA9A4, 0x9944, 0xA164, 0xB9E5, 0xD2A6, 0xCA45, 0xD287, 0xCA66, 0xB9E5, 0xC205, 0xC1E5,
    0xA143, 0x9923, 0xA9C4, 0xC225, 0xCA05, 0xD2C6, 0xCAC5, 0xDBA7, 0xDB66, 0xCB47, 0xC1E5, 0xCA46,
    0xD2A7, 0xDB47, 0xDAA6, 0xCA46, 0x7143, 0xE5AD, 0xEE93, 0xEE73, 0xF6D5, 0xFF16, 0xD50C, 0xC428,
    0xC3E7, 0xC3E7, 0xC3E7, 0xC3E7, 0xC3C7, 0xD468, 0x8222, 0xC3E7, 0xC3C7, 0xC3E7, 0xC3E7, 0xBBA6,
    0xBBC7, 0xC3E7, 0xB386, 0x71E2, 0xC3E7, 0xBBA6, 0xB386, 0xBBC7, 0xBBA6, 0xB386, 0xBBC7, 0xBBE7,
    0xBBC6, 0xC3E6, 0xD447, 0x9263, 0xAB66, 0xBBA6, 0xBBC7, 0xAB66, 0xBBC7, 0xAB65, 0xAB65, 0xB365,
    0xAB45, 0xAB45, 0x9283, 0x71E3, 0x30A1, 0x69A1, 0xA325, 0x92A4, 0x38C1, 0xAB45, 0x92A4, 0xAB45,
    0xB365, 0x9AC4, 0xAB45, 0x8A43, 0x92A4, 0x8A64, 0x8A43, 0x8A63, 0x8A64, 0x31A4, 0x0000, 0x0000,
    0x0000, 0x0000, 0x0000, 0x8A43, 0x7A03, 0x8A64, 0xBBA6, 0xAB66, 0xB365, 0xBBA6, 0x7A63, 0x92C4,
    0xCC07, 0xB365, 0x48E0, 0xB386, 0x9AE4, 0xCBE7, 0xCC27, 0xBBA6, 0xB386, 0xAB45, 0x6982, 0xBB86,
    0xDC87, 0xB365, 0xB386, 0xB386, 0xA325, 0x9B05, 0x9AC4, 0xA305, 0xA305, 0xA305, 0x9AC4, 0x92A4,
    0x7223, 0xDED6, 0x750E, 0x2106, 0x31A7, 0x78C2, 0xA082, 0xA8A3, 0xE166, 0xD986, 0xD945, 0x5020,
    0xE186, 0xEA27, 0x8A48, 0x49EC, 0x6B53, 0x59EA, 0xB4B5, 0x2A67, 0x6D10, 0xE77C, 0x7A83, 0x92E4,
    0x92C4, 0x92C4, 0x92C4, 0x92E4, 0x92A4, 0x8242, 0x61C2, 0x5981, 0x5982, 0x6182, 0x5982, 0x5982,
    0x5982, 0x61A2, 0x61A2, 0x4921, 0x48E1, 0xBBC6, 0xE4E7, 0xC3E6, 0xA325, 0x9B04, 0x9B04, 0x9B25,
    0x9B05, 0x9B25, 0x9B05, 0x9AE5, 0x9AE5, 0x8243, 0x92A4, 0x7A23, 0x8263, 0x5961, 0x6181, 0x0000,
    0x68C2, 0x8102, 0x8943, 0xAA84, 0xAA24, 0xA1E4, 0x9942, 0xB1E4, 0xD2A6, 0xDAC6, 0xCAA6, 0xB9A4,
    0xC205, 0x9143, 0x80E2, 0x99C4, 0xCA45, 0xE367, 0xE388, 0xE368, 0xB1C5, 0xB1C5, 0x8942, 0xE56F,
    0xDDD0, 0xF693, 0xDDCF, 0xF717, 0xF6D4, 0xFED3, 0xD287, 0xB266, 0xDAE8, 0xCC6B, 0xCC8B, 0xF671,
    0xCCAA, 0xF6B3, 0xF6B3, 0xD56E, 0x9CA9, 0xDD8E, 0xCCEB, 0xDDAE, 0xD50C, 0xFF14, 0xFEF4, 0xF6B3,
    0xD4EC, 0xE56D, 0xE52C, 0xEE32, 0xFEF5, 0x8226, 0x9984, 0xCA66, 0xB9E5, 0xA164, 0xDAA5, 0xDAC6,
    0xDAE7, 0xB9E5, 0xE2C7, 0x9943, 0xB9E5, 0xCA86, 0xCB07, 0xE3E8, 0xEBA8, 0xBA05, 0xDC08, 0xBA05,
    0xA963, 0xD285, 0xDAC6, 0xD286, 0xA984, 0x9143, 0x8266, 0xF673, 0xFEF4, 0xDD6F, 0xABEA, 0xAB66,
    0xDCA9, 0xC407, 0xC3C6, 0x9AE4, 0xB386, 0xBBC7, 0xC3E7, 0xC3E7, 0xC3C7, 0xBBA6, 0xC3E7, 0xC3E7,
    0xC3E7, 0xBBA6, 0xAB45, 0xBBC6, 0xBBC6, 0xB366, 0xB385, 0xCBE7, 0xBBC6, 0xBBC7, 0xBBC7, 0xBBC7,
    0xB3A5, 0x7A02, 0xBBC6, 0xBBC7, 0xBBC6, 0xB366, 0xBBC6, 0xB386, 0xB366, 0xBBC6, 0xC3E6, 0xAB25,
    0xA305, 0xA325, 0xAB45, 0xB345, 0xB365, 0x8A83, 0x7202, 0x2860, 0x28A0, 0x9B04, 0x8243, 0xB366,
    0xB365, 0xA305, 0xAB45, 0x8A63, 0x9284, 0x8A63, 0x8A43, 0x8243, 0x71E3, 0x1060, 0x18A1, 0x0000,
    0x0000, 0x0000, 0x0000, 0x8223, 0x8A43, 0x8A44, 0x8A43, 0x8A23, 0xE4C9, 0x8A62, 0x61A1, 0x40E1,
    0xAB45, 0xAB25, 0xB386, 0xC407, 0xB386, 0xC3A6, 0xBBC6, 0xB386, 0xB386, 0xBBA6, 0xBBA6, 0xCC06,
    0x6161, 0xB385, 0xB366, 0xB386, 0xBBA6, 0xB385, 0xAB25, 0xA325, 0xAB25, 0xAB45, 0xA305, 0xA325,
    0xFFBB, 0x644D, 0x10A4, 0x514E, 0x38AB, 0x9BF8, 0x3841, 0xA062, 0x98A2, 0x9882, 0x2800, 0xE207,
    0xFF5C, 0xE186, 0xF248, 0x99C7, 0x39AD, 0x1863, 0x3968, 0x0001, 0x53CB, 0x5C2D, 0xE79A, 0x5A24,
    0x7A22, 0x92C4, 0x92A3, 0x7A02, 0x8A84, 0x7A23, 0xA305, 0x9AE4, 0xA345, 0xAB46, 0xAB66, 0xAB66,
    0xA304, 0xA325, 0xA305, 0xA325, 0x9B25, 0x9B05, 0xA325, 0xA325, 0xA325, 0x9B04, 0x9B04, 0x9B05,
    0x92C4, 0x9AE4, 0x92C4, 0x92C4, 0x9AC4, 0x7A22, 0x69A1, 0x4921, 0x0000, 0x8102, 0x8122, 0x9183,
    0xAA24, 0xB244, 0xAA04, 0x9983, 0xCAC6, 0xE388, 0xE327, 0xB204, 0xB1E5, 0xC1E4, 0xCA45, 0xB9C5,
    0x9123, 0xD226, 0xD287, 0xB9A4, 0xDAE8, 0xA963, 0xA984, 0x7943, 0xE52D, 0xE58F, 0xF6F5, 0xF6F5,
    0xD54D, 0xE5EF, 0xD54D, 0xE5AF, 0xB1E5, 0xA9A3, 0xD285, 0xC205, 0xDAA7, 0xCA87, 0xA204, 0xB409,
    0xC4AB, 0xCD0B, 0x6385, 0x6345, 0x7C27, 0x7305, 0xC4CC, 0xD56E, 0xEE30, 0xEDB1, 0xDCEE, 0xCAA7,
    0xD2A6, 0xCA86, 0xED30, 0xE590, 0xFEF5, 0xFEB4, 0xCCAB, 0xE5B0, 0xE5F1, 0x91A4, 0xC265, 0xBA25,
    0xA984, 0xE2E7, 0xE2E7, 0xD2C7, 0xB9C5, 0xA9A4, 0xDAA6, 0xE306, 0xCAC5, 0xDB87, 0xD3C7, 0xE468,
    0xD246, 0xC1E5, 0x9123, 0xD266, 0xE3A9, 0xDAE7, 0xD2C8, 0xB205, 0xC4EC, 0x7A85, 0x9B45, 0x7202,
    0x4183, 0x5141, 0xC3E7, 0xC3E7, 0xC3E7, 0xC3C7, 0xC3C7, 0xB386, 0xBBC7, 0xC3E7, 0xC3E7, 0xBBC7,
    0xC3E7, 0xAB45, 0xBBC7, 0xBBC7, 0xBBC7, 0xBBA7, 0xBB86, 0xBBC7, 0xC3C6, 0x71E2, 0x9AC4, 0xA304,
    0xC3E7, 0xBBA7, 0xBBC7, 0xBBC6, 0xBBC6, 0xB366, 0xB386, 0xBBC6, 0xC3E7, 0xB366, 0xA325, 0xC3C6,
    0xBBA6, 0xB386, 0xA305, 0xAB45, 0xAB45, 0xAB66, 0x71E3, 0xBBA5, 0x9AE4, 0x8243, 0x38C1, 0x8263,
    0xAB45, 0xA305, 0xB366, 0x8A63, 0x7A43, 0x7202, 0x30A1, 0x8223, 0x92A4, 0xAB45, 0xC3E6, 0x28C1,
    0x0000, 0x0000, 0x0000, 0x9284, 0x9264, 0x8243, 0x7A23, 0x7A03, 0x4921, 0xECE9, 0xB365, 0xBBC7,
    0xBBA6, 0xBBC7, 0xBB87, 0xBBC6, 0xB366, 0xC3E7, 0xAB45, 0xB386, 0xB386, 0xBBA6, 0xBBA6, 0xAB45,
    0xBBA7, 0xC3E7, 0x5942, 0xE4A9, 0xA304, 0x9283, 0xB386, 0xAB45, 0x9AE4, 0xAB45, 0xAB45, 0x4309,
    0xEF79, 0x53CA, 0x7255, 0x5150, 0x1023, 0x2067, 0x82D5, 0x3062, 0x6A33, 0xA41B, 0x68A2, 0xC104,
    0xE9C7, 0xE9C7, 0xD9C7, 0xC126, 0x0820, 0x4341, 0x5302, 0x4320, 0x08C1, 0x3267, 0x8570, 0xFFFF,
    0x9AE4, 0x9AE4, 0x9AC4, 0x9AE4, 0xB366, 0x92A3, 0x8243, 0x8A83, 0x8264, 0x92A4, 0xAB45, 0xAB25,
    0x9B05, 0xA325, 0x9B25, 0xA345, 0xA345, 0xA325, 0x9B05, 0x9B05, 0x9B04, 0x9B25, 0x9AE4, 0x9AE4,
    0x9B04, 0x92E5, 0x61A2, 0x69C2, 0x3921, 0x0800, 0xAC09, 0x8184, 0xB204, 0xBA24, 0xB1A4, 0xAA03,
    0xB264, 0x9183, 0xA9E4, 0xA9A4, 0xB9E4, 0xB1C5, 0xA984, 0xCAA5, 0xC224, 0xBA05, 0x8123, 0xCA86,
    0xDB47, 0xD286, 0xD267, 0x9943, 0x89C3, 0xFF56, 0xF6D4, 0xDDAF, 0xEE73, 0xD4EC, 0xCCEB, 0xF716,
    0xEE11, 0xF6B4, 0xF6D5, 0xCCAB, 0xD266, 0xDAC8, 0xB1A4, 0xC205, 0x9922, 0xFE94, 0xF672, 0xEE10,
    0xFEF4, 0xDD8E, 0xEE73, 0xBD4B, 0xB54B, 0x6BA6, 0xEEB4, 0xE58E, 0xD52D, 0xB369, 0xCA45, 0xCA66,
    0xA9E4, 0x9983, 0xBA05, 0xC245, 0xFEF5, 0xEE72, 0xCCCB, 0xD4CB, 0xF694, 0xF6B4, 0xF6D4, 0xCCCE,
    0xB1A4, 0xC1C5, 0xC205, 0xDB87, 0xD246, 0xCA46, 0x9964, 0xD308, 0xD2E7, 0xD2E5, 0xB225, 0xBA05,
    0xC205, 0xA0E3, 0xDAC7, 0xA984, 0xC225, 0xBA05, 0xB9E5, 0xDAE7, 0xA1C4, 0xE611, 0xF6D4, 0xFEF4,
    0xEE72, 0xDD8E, 0xD54D, 0xDCCA, 0xC3E7, 0xC3E7, 0xB386, 0xBBC7, 0xC3C7, 0xBBC7, 0xBBE7, 0xB386,
    0xBBC7, 0xBBC7, 0xBBC7, 0xBBC7, 0xBBE7, 0xBBE7, 0xC3E7, 0xDCA8, 0x71A2, 0xC407, 0xBBA7, 0xBBA6,
    0x92A4, 0xCC27, 0xBBC7, 0xBBC7, 0xBBC6, 0xC3C7, 0xC3E7, 0xC3C6, 0xBBC6, 0xBBC7, 0xBBA7, 0xBBA6,
    0xBBA6, 0xA2E5, 0xD447, 0xC3E7, 0x5141, 0xA325, 0xB345, 0x6961, 0x8243, 0xBB65, 0xAB45, 0x9283,
    0x8A83, 0x0800, 0x8A83, 0x8A43, 0x4121, 0x8A62, 0x92A4, 0xAB65, 0xDC67, 0x8A23, 0x8223, 0x5982,
    0x0000, 0x0000, 0x61E2, 0x69C2, 0x8A63, 0x8223, 0x8A64, 0x7A03, 0x38C0, 0x8243, 0x8243, 0xE4A8,
    0xB3A6, 0xBBA6, 0xB3A6, 0xB386, 0xAB45, 0xC3C7, 0xC3E7, 0xBBE7, 0xAB45, 0xB386, 0xB386, 0xAB25,
    0xBBA6, 0xBBC6, 0xA305, 0xC407, 0x71E2, 0xBBA6, 0xB366, 0xB386, 0xB365, 0xA325, 0xA305, 0x8DB0,
    0xEF79, 0x1943, 0x6A13, 0x7234, 0x7255, 0x61F3, 0x5190, 0x59B1, 0x61D2, 0x7274, 0xD63E, 0xA0C3,
    0xB924, 0xC8E3, 0x5906, 0x414B, 0xDA4A, 0x21C1, 0x3A43, 0x30A1, 0x6B67, 0x6167, 0x4B8B, 0xFFFE,
    0x28C1, 0x8A83, 0x92C4, 0x92C4, 0x9AE4, 0x8A83, 0x7A22, 0x8AA4, 0x8AA4, 0x8AA4, 0x8A83, 0x8A84,
    0x9B04, 0x9B04, 0x9AE5, 0x9AE4, 0x92A4, 0x9AE5, 0xA325, 0x9AE4, 0x9B05, 0x9AE4, 0x8A63, 0x69E2,
    0x5981, 0x0000, 0x5A04, 0xAC2A, 0xC4ED, 0xC48C, 0xA184, 0xB1A5, 0xC285, 0xD305, 0xBA05, 0xAA23,
    0xA9A4, 0xBA05, 0xA164, 0xB1C4, 0xCAE6, 0x8943, 0xA1A4, 0xB1E4, 0xD2C6, 0xCA66, 0xDAE7, 0xEBE9,
    0xEBE8, 0xC1E5, 0x8923, 0xDD2C, 0xF692, 0xDDAF, 0xE5AF, 0xFEF5, 0xFED5, 0xF6D5, 0x5B25, 0x8447,
    0x7385, 0xDDB0, 0xF6D5, 0xF6B4, 0xF6D5, 0xCC4B, 0xD52F, 0xA9A3, 0xBA85, 0xF693, 0xFF36, 0xF6B4,
    0xDDAE, 0xF6B4, 0xFED5, 0xF694, 0xF6B4, 0xF693, 0xDD8E, 0xEE72, 0xF652, 0xCCED, 0xF6D5, 0xCAC8,
    0xD2C7, 0xCA87, 0xBB28, 0x9943, 0xC48C, 0xF694, 0xEE72, 0xD4EC, 0xDD2D, 0xEE73, 0xEE32, 0xE5B0,
    0xD4CD, 0xA348, 0x9163, 0xCA85, 0xA164, 0x9123, 0xA143, 0xC1E5, 0xB184, 0xA123, 0xA984, 0xBA05,
    0xD266, 0xD266, 0xE3C9, 0xC225, 0xA143, 0x9943, 0xD265, 0xD2E7, 0xDAC8, 0x79A3, 0xF6B3, 0xE5D0,
    0xEE73, 0xFF77, 0xB44B, 0x0000, 0xBBC7, 0xBBC7, 0xC3C7, 0xB3A6, 0xB366, 0xBBA6, 0xBBC6, 0xBBC7,
    0xBBA6, 0xBBC7, 0xBBC7, 0xC3C7, 0xBBC7, 0xDC88, 0x92A4, 0xC3E7, 0xBBC7, 0xBBC7, 0xBBC7, 0xBBC7,
    0xAB66, 0xBBA6, 0x9AC4, 0xC3E7, 0xD448, 0xC3E7, 0xC3E7, 0xBBC7, 0xBBC7, 0xAB66, 0xBBA6, 0xBBC6,
    0xBBA6, 0xCC07, 0x69A2, 0xC407, 0xC407, 0xB386, 0xB366, 0xAB46, 0xA305, 0xBB85, 0x40C1, 0xD468,
    0xBBA6, 0xA345, 0x71E2, 0x92A3, 0xBBE6, 0xB365, 0xD489, 0x7A03, 0x8264, 0x8A64, 0x8A64, 0x6182,
    0x0000, 0x0000, 0x0000, 0x8A64, 0x92E4, 0x3880, 0x9284, 0x8A43, 0x38A0, 0x7A03, 0x71E2, 0x8223,
    0x8A84, 0xECC8, 0xBBA7, 0xBBA6, 0xB386, 0xBBA6, 0xBBA6, 0xBBC6, 0xBBC7, 0xBBC6, 0xB386, 0xBBA6,
    0xBBC6, 0xBBA6, 0xBBA6, 0xBBA6, 0xB366, 0xC3E7, 0x69A2, 0xD467, 0xAB25, 0xA325, 0x48E1, 0x64AE,
    0xF75A, 0x1984, 0x5130, 0x6A33, 0x69F3, 0x6A14, 0x59D0, 0x7B34, 0xC55C, 0x0805, 0xD63D, 0x6AB2,
    0x60A3, 0x70A2, 0x69CD, 0x924C, 0xA948, 0xB1E7, 0x2820, 0x4C43, 0x6A67, 0x2822, 0xDEF8, 0xCF18,
    0x39E4, 0x8263, 0x8A84, 0x92A4, 0x92A4, 0x8243, 0x8A84, 0xA325, 0xA325, 0x9B05, 0x9B05, 0x92E4,
    0x92C4, 0x8A84, 0x7A23, 0x7A23, 0x69A2, 0x69C2, 0x7223, 0x1860, 0x1840, 0x38E1, 0x61C2, 0x0800,
    0x9B88, 0xABEA, 0xBC8C, 0xC4ED, 0xC4AD, 0x8903, 0xB9C5, 0xB164, 0xA964, 0xB1A4, 0xB245, 0xDBC7,
    0xE388, 0xD326, 0xE3E7, 0x8903, 0xD2E6, 0xCAA6, 0xBA45, 0x9122, 0xCA05, 0xB9E5, 0xCA46, 0xC245,
    0x80E2, 0xE5F1, 0xF6F4, 0xF6D5, 0xCCCC, 0xEEB5, 0xEE31, 0xE612, 0xB50B, 0x7BE7, 0xEE93, 0xA4AB,
    0xE651, 0xF6B3, 0xF693, 0xD4CA, 0xD52C, 0xCC8A, 0xD4EB, 0xC46A, 0xEE52, 0xFED4, 0xF6B4, 0xFF37,
    0xE611, 0xFF37, 0xCCCB, 0xF6B5, 0xF673, 0xF6B5, 0xEE11, 0xD50C, 0xCCCB, 0xD4EB, 0xE5AF, 0xEE73,
    0xF673, 0xF6D4, 0xEE72, 0xE56D, 0xF6D4, 0xEEB6, 0xBD2E, 0x7BC6, 0xE6B2, 0xF673, 0xEE52, 0xE610,
    0xF693, 0xF693, 0xF693, 0x6922, 0xB1C5, 0xD2A6, 0xD286, 0xDAA7, 0xC245, 0xD2A6, 0xDAA7, 0xD266,
    0xDBC7, 0xA9A4, 0xD265, 0xD287, 0xD2A7, 0xA163, 0xD286, 0xD2A6, 0xD286, 0xA184, 0x30C1, 0xB42A,
    0xB409, 0xB44A, 0xB44B, 0x9B06, 0xC408, 0xC3E7, 0xAB65, 0xBBC7, 0xBBC6, 0xBBC7, 0xBBC7, 0xBBC7,
    0xC3E7, 0xC3C7, 0xC3C6, 0xCC26, 0xA325, 0xC3C6, 0xBBC7, 0xBBE7, 0xBBC7, 0xBBC7, 0xAB45, 0xBBA6,
    0xBBC6, 0xBBC7, 0xC3E7, 0xC3C7, 0xBBA6, 0xB3A6, 0xBB85, 0xC406, 0xBBC7, 0xBBC7, 0xBBE7, 0xC3E6,
    0x71C2, 0xBBC6, 0xBBE7, 0xBBC7, 0xBBE7, 0xBBC7, 0xBBA7, 0x92E5, 0x3901, 0xB365, 0xB385, 0x38C1,
    0xBBC6, 0x38C1, 0x8223, 0x6182, 0x38C0, 0xD467, 0x8243, 0x7A03, 0x9263, 0x9284, 0x9284, 0x69C3,
    0x0000, 0x0000, 0x0000, 0x8A64, 0x8A64, 0x9264, 0x9AC4, 0x2040, 0x40C0, 0xBB86, 0x8223, 0x9264,
    0x8223, 0x8A43, 0x9284, 0xDC88, 0xBB86, 0xBBA6, 0xBBA6, 0xC3C7, 0xBBC6, 0xBBC6, 0xBBC6, 0xCC07,
    0xBBC6, 0xBBC6, 0xBBC6, 0xBBC6, 0xBBA6, 0xBBC6, 0xBBC6, 0xBB86, 0xA2E4, 0xB3A6, 0x5BEC, 0x64AE,
    0x9E12, 0xEF39, 0x28E8, 0x40ED, 0x40EE, 0x40CD, 0x69F4, 0x7255, 0x82B6, 0x7A36, 0x8355, 0x30AA,
    0x7296, 0x8BD9, 0x49CF, 0x6231, 0x6B96, 0x72F3, 0xF3CF, 0x19A1, 0x4964, 0xB675, 0xFFFB, 0xAEB5,
    0x9E32, 0x69E2, 0x69C2, 0x61A2, 0x5982, 0x38C1, 0x2080, 0x30C1, 0x30C1, 0x28A1, 0x1840, 0x1020,
    0x1040, 0x2080, 0x5982, 0x5982, 0x7223, 0x7A23, 0x7A23, 0x8284, 0x8A84, 0x8264, 0x4121, 0x1881,
    0x1881, 0x0000, 0x28E2, 0xABC9, 0x9943, 0xB9E5, 0xD2E6, 0xE367, 0xC205, 0xC2E5, 0xE448, 0xEC89,
    0xDB47, 0xD2C5, 0xBA05, 0xCA45, 0xE388, 0xDAC6, 0x9143, 0xCA65, 0xDAE7, 0x9143, 0xA144, 0x9286,
    0xDD6F, 0xF6D5, 0xEE53, 0xD46B, 0xD2E7, 0xDD50, 0x9162, 0x93C7, 0xF693, 0xF6D4, 0xF6B4, 0xEE52,
    0xD54C, 0xEE12, 0xF6B5, 0xF6B5, 0xF6D4, 0xEE94, 0xEE11, 0xE611, 0xDD4D, 0xFF37, 0xEE74, 0xF6F5,
    0xF6B4, 0xF673, 0xE5D0, 0xD52C, 0xD4CB, 0xDD2D, 0xF6D4, 0xF6B4, 0xF694, 0xEEB4, 0xF673, 0xE5D0,
    0xCCCB, 0xDD0C, 0xF693, 0xF672, 0xCCAB, 0xF6B5, 0xEE95, 0xAC69, 0xAD0B, 0xE692, 0xF6B3, 0xEE10,
    0xD4EB, 0xEE52, 0xC4AB, 0xF6B3, 0x9AA6, 0xE307, 0xD2C7, 0xDAA6, 0xD286, 0x9143, 0xD267, 0xB9E5,
    0xCA46, 0xDAC6, 0xB184, 0xA964, 0xCA66, 0xC1E5, 0x8923, 0xC225, 0xBA25, 0xCA66, 0x9963, 0xE58E,
    0x6245, 0x0000, 0x1800, 0x1040, 0x9305, 0x92C4, 0xE4C9, 0xC3E7, 0xC3E7, 0xC3E7, 0xC3E7, 0xC3E7,
    0xD447, 0x8263, 0xC407, 0xBBC7, 0xBBC7, 0xBBC7, 0xBBC7, 0xB386, 0xBBA6, 0xBBC7, 0xBBC7, 0xBBC7,
    0xBBC7, 0xC3E7, 0xBBE7, 0xB386, 0xBBC7, 0xC3C7, 0xCC27, 0xA325, 0x9AE4, 0x8223, 0x8A63, 0xBBC6,
    0xBBA6, 0xB365, 0xC3E7, 0xBBC7, 0xBBC6, 0xAB66, 0xBBE7, 0xC3C7, 0xB365, 0xA305, 0xBBA6, 0xBBA6,
    0xBBA6, 0xB385, 0xDC87, 0x8A64, 0x69E3, 0xCC27, 0x8A63, 0x8A63, 0x9283, 0x9A84, 0x5141, 0x2081,
    0x0000, 0x0000, 0x0000, 0x92A4, 0x8A84, 0x8A84, 0x8A43, 0x8223, 0x9AE5, 0x69A2, 0x71C2, 0x8A64,
    0x8A63, 0x8244, 0x8A64, 0x7A03, 0x71E3, 0xD427, 0xC407, 0xBBC7, 0xBBC7, 0xB385, 0xBBC6, 0xBBC6,
    0xBBC7, 0xB386, 0xC3E7, 0xBBC6, 0xBBC7, 0xBBC6, 0xBBC6, 0xBBA6, 0xAB45, 0xB3A6, 0x5C6D, 0x64AF,
    0x648E, 0x648D, 0xF7BA, 0xF7DB, 0x73CC, 0x83D6, 0x48EE, 0x492E, 0x514F, 0x8276, 0x2068, 0x5972,
    0x5990, 0x8AF7, 0x0002, 0x5930, 0x7B99, 0x49E9, 0x9044, 0x7C6F, 0xF7FC, 0xC6B6, 0xAEB5, 0xAEB5,
    0x9E53, 0x7A43, 0x7A23, 0x7A43, 0x7A23, 0x71E2, 0x8AA4, 0x92C4, 0x38E1, 0x8243, 0x8243, 0x8263,
    0x8A84, 0x92A4, 0x9AC4, 0xA305, 0x9AC4, 0x9AE5, 0x9AE5, 0xAB66, 0xAB66, 0x1040, 0xF693, 0xE652,
    0xD58F, 0xD54E, 0xEE53, 0x60A1, 0xC1E5, 0xB9C5, 0xD2A6, 0xA9A5, 0xA984, 0xDA66, 0xA9C5, 0xA9A5,
    0xC307, 0xB9C5, 0xDAA7, 0xC205, 0xD286, 0xA185, 0xE327, 0xDAC7, 0xDAC7, 0xA984, 0xDD0E, 0xEE72,
    0xF694, 0x9A86, 0xC246, 0xB205, 0xCA65, 0xC245, 0xC245, 0xB9E4, 0xE52E, 0xF6F5, 0xDD4E, 0xCCCB,
    0xF6B3, 0xF6B4, 0xCCAB, 0xDDAF, 0xD4EC, 0xE5D0, 0xF6D5, 0xF6F5, 0xCCCB, 0xDD8F, 0xE611, 0xF717,
    0xE58E, 0xF6D5, 0xF672, 0xEE11, 0xDD4D, 0xF693, 0xF6B4, 0xE5CF, 0xE5F0, 0xE5F1, 0xE5F0, 0xEE73,
    0xEE94, 0xEE31, 0xF6D4, 0xD56E, 0xEE32, 0xF6B4, 0xDD8F, 0xF673, 0xD52C, 0xE653, 0x92C7, 0xB1E4,
    0xF673, 0xD56F, 0xF6D5, 0xF6B4, 0xEDF1, 0xBC2A, 0xDAC7, 0xCA25, 0xDAC7, 0xA1A4, 0xA1A4, 0xBA45,
    0xCAA6, 0xC205, 0x9964, 0x9123, 0xCA65, 0xDB27, 0xAA25, 0xDAA7, 0xDAC7, 0xD286, 0xD286, 0x71A4,
    0xF692, 0xD50B, 0xD52D, 0xD56E, 0xE5F1, 0xC429, 0xCC07, 0xCC28, 0xA325, 0xCBE6, 0xED08, 0x8243,
    0xC3E7, 0xC3E7, 0xBBC7, 0xBBA6, 0xBBA7, 0xBBC6, 0xBBC7, 0xBBC7, 0xC3E7, 0xC3E7, 0xBBC7, 0xBBC7,
    0xBBA6, 0xC3E7, 0xC3E7, 0xC3E7, 0xBBA6, 0xC3E7, 0xD468, 0x71E3, 0x9AE5, 0xC3E7, 0xBBC7, 0xBBC7,
    0xBBC7, 0xC3E7, 0xBBC6, 0xBBA6, 0xBBC6, 0xBBC6, 0xBBC7, 0xBBC6, 0xBBC6, 0xBBC6, 0xC3C6, 0xD447,
    0xC3C6, 0x69C3, 0x8A64, 0x8A64, 0x69E3, 0x9AC4, 0x8A63, 0x8A63, 0x4921, 0xAB25, 0x8A64, 0x5162,
    0x0000, 0x0000, 0x0000, 0x9284, 0x9284, 0x8A64, 0x8A64, 0x9263, 0x9AA5, 0x7A03, 0x8223, 0x8223,
    0x7A02, 0x8A44, 0x8A64, 0x8A43, 0x9264, 0x9AA4, 0x8A64, 0x9AC4, 0xDCA8, 0xC3E6, 0xBBC6, 0xBBA6,
    0xB386, 0xBBC7, 0xC3C7, 0xC3E7, 0xB366, 0xBBC6, 0xBBC6, 0xBBA6, 0xB386, 0x6A45, 0x9D50, 0x8CEF,
    0x7CEF, 0x64EF, 0x6CEF, 0x7530, 0xDF38, 0xEF7B, 0xE738, 0xA511, 0xB5B3, 0x28A9, 0x0020, 0x28A9,
    0x20C9, 0x310B, 0x1044, 0xD6D5, 0xE758, 0xEF5A, 0xEFDC, 0xC6F6, 0x85D1, 0x85B1, 0xA694, 0xCF17,
    0xA675, 0x7AA5, 0xAB45, 0xA305, 0xB366, 0xB345, 0xA325, 0xA325, 0x7A23, 0x7A02, 0x9AC4, 0xB365,
    0xAB45, 0xB365, 0xB365, 0xAB66, 0xAB65, 0xAB46, 0xAB46, 0xB386, 0x9305, 0xB40A, 0xFF57, 0xFED4,
    0xFF14, 0xD54E, 0xDD6F, 0xA964, 0xD2C7, 0xD2A8, 0xA143, 0xB1A5, 0xEBC8, 0xE2E7, 0xD246, 0xDAC8,
    0x9923, 0xA164, 0xDAC6, 0xCA04, 0x9943, 0xA984, 0xA943, 0xD286, 0xB184, 0xCC8C, 0xF6D4, 0xF6B4,
    0xD52C, 0xAB48, 0x9983, 0xBA05, 0xC225, 0xA982, 0xD266, 0xCA85, 0xBBAA, 0xC4AB, 0xEEB5, 0xE611,
    0xEE73, 0xE5F0, 0xF6D4, 0xF6D5, 0xD50D, 0xCCEC, 0xD4EC, 0xFF58, 0xD4EB, 0xE5AF, 0xDDAF, 0xCCAA,
    0xCCAB, 0xCCCB, 0xCC89, 0xCC8A, 0xD4EC, 0xD52D, 0xEDF1, 0xEE52, 0xEE52, 0xDD2D, 0xF6D4, 0xF694,
    0xD52C, 0xF673, 0xF6B3, 0xEE94, 0xF6B4, 0xE611, 0xF694, 0xD54E, 0xF6B4, 0xBB27, 0xA9C4, 0xDB28,
    0xDAA7, 0xD2A7, 0xA204, 0xEE31, 0xF6B4, 0xF673, 0x7963, 0xD246, 0xB9E5, 0xD266, 0xA984, 0xDB07,
    0xDAC7, 0xD2A7, 0xB1A4, 0xCA86, 0xDAE6, 0xDAE7, 0xDAE7, 0xB1C5, 0xD287, 0xC205, 0xDA87, 0xA143,
    0xDD8E, 0xDD4D, 0xC48A, 0xE5F1, 0xBC8B, 0x0800, 0xC3A6, 0xC3E7, 0xAB04, 0x9AE4, 0xD448, 0xBBA6,
    0xB366, 0xC3C7, 0xBBC7, 0xBBC7, 0xBBC7, 0xBBC7, 0xBBC7, 0xB366, 0xB386, 0xBBA6, 0xBBC7, 0xBBC7,
    0xC3E7, 0xC3E7, 0xC3E6, 0xBBC6, 0xC406, 0x8222, 0xBBC6, 0xBBC7, 0xC3E7, 0xBBA7, 0xA325, 0xAB66,
    0xC3E7, 0xBBC7, 0xC3E7, 0xB386, 0xC3C7, 0xB386, 0xBBA6, 0xBBA6, 0xBBC6, 0xED09, 0x9243, 0x8A43,
    0x9263, 0x7A03, 0x7A03, 0x8243, 0x61A2, 0x7223, 0x6182, 0x8A63, 0x8244, 0x8A64, 0x8243, 0x6182,
    0x0000, 0x0000, 0x0000, 0x9284, 0x9264, 0x8A64, 0x9284, 0x9283, 0x9284, 0x8A84, 0x8223, 0x9264,
    0x8A63, 0x69C2, 0x6181, 0x8A63, 0x9284, 0x9284, 0x9264, 0x9283, 0x9284, 0xAB45, 0xC3E6, 0xBBC6,
    0xC3E7, 0xC3E7, 0xB3A6, 0xBBC7, 0xC3E7, 0xBBE6, 0x8263, 0xC3C6, 0x9B05, 0x0861, 0x5C8E, 0xAD92,
    0x8510, 0x64EF, 0x6CEF, 0x6CEF, 0x6CEF, 0x750F, 0x752F, 0xCED6, 0xDF59, 0xF7DB, 0xF7DB, 0xF7DC,
    0xF7DD, 0xF7DC, 0xDF59, 0xC6B6, 0xBE95, 0x85D1, 0x8E12, 0x9633, 0x8DF2, 0x85D2, 0xE799, 0xEFDA,
    0xE799, 0x4B49, 0xBB86, 0xB365, 0xB345, 0xC3C6, 0xBBA6, 0xBBA6, 0xBBA6, 0xAB25, 0xBBA6, 0x8A43,
    0xA304, 0xAB45, 0xAB45, 0xAB45, 0xAB45, 0xAB46, 0xAB66, 0xBBA6, 0xB3A6, 0xB40A, 0xB44A, 0xBC8B,
    0xCD0E, 0xD590, 0x7A05, 0xD266, 0xD2A7, 0xDAC7, 0xBA25, 0xC205, 0xDAC7, 0xDAE8, 0xE2E7, 0x8964,
    0xD286, 0xDAC7, 0xDAE7, 0xD2C6, 0x9143, 0xBA05, 0xDAE7, 0xB1A3, 0x8963, 0xF673, 0xF6F6, 0xF6B3,
    0xE5AF, 0xF673, 0xF6B5, 0x9122, 0xC205, 0xD4AD, 0xDD6E, 0xF6D4, 0xF6B3, 0xE5F0, 0xF6B4, 0xFF37,
    0xCCEB, 0xF6D4, 0xEE73, 0xD4EC, 0xF6D5, 0xF672, 0xD54D, 0xF6D4, 0xF693, 0xD50B, 0xEE31, 0xF693,
    0xF6B4, 0xD50B, 0xEE73, 0xF694, 0xF694, 0xF6F6, 0xF6D5, 0xCCAB, 0xCCEC, 0xD4EC, 0xFF15, 0xFF37,
    0xF693, 0xF692, 0xF6B4, 0xF673, 0xF652, 0xD52C, 0xF694, 0xF6B4, 0xC266, 0x9963, 0xC246, 0xB1E4,
    0xBA66, 0x9142, 0xBBC9, 0xF672, 0xF6B5, 0xFEF5, 0xD50C, 0xA184, 0xD2A7, 0xDAE7, 0xA9A4, 0xD2C8,
    0xEC4C, 0xCA25, 0xB9C4, 0xA9C4, 0xD2C6, 0xC245, 0xDAC6, 0xB1E5, 0xA9A4, 0xDAA7, 0xD2A7, 0xC225,
    0xCD0D, 0xCD2D, 0xC4ED, 0xBCAB, 0xB42A, 0x30A1, 0x9B05, 0x92C4, 0xBBA6, 0xC3C6, 0xBBA6, 0xA2E4,
    0xDC68, 0xC3C6, 0xC3E7, 0xBBC7, 0xAB46, 0xD468, 0xC3E7, 0xBBE7, 0xBBE7, 0xC3E7, 0xC3E7, 0xBBE7,
    0xBBE7, 0xC3E7, 0xAB65, 0x5962, 0xBBC6, 0xC3E7, 0xCC07, 0xC3E7, 0xC3E7, 0xBBE7, 0xBBC7, 0xBBC7,
    0xC3E7, 0xC3E7, 0xBBA6, 0xBBC7, 0xC3E7, 0xBBC7, 0xBBE7, 0xE4E8, 0x8A23, 0x8A63, 0x9284, 0x8223,
    0xAB25, 0x8A43, 0x9284, 0x71E2, 0x8243, 0x9AA4, 0x9284, 0x8A64, 0x9284, 0x8A63, 0x7A03, 0x6182,
    0x0000, 0x0000, 0x3184, 0x0020, 0x6982, 0x8A64, 0x8A63, 0x8243, 0x8A64, 0x9284, 0x8A63, 0x8223,
    0x8223, 0x9264, 0x9263, 0x8223, 0x6982, 0x8A63, 0x9264, 0x9264, 0x8A64, 0x8A43, 0x8A64, 0x79E3,
    0xD447, 0xC3E7, 0xC3E7, 0xC3E7, 0xC3E7, 0xC3E7, 0xBBE7, 0x92C4, 0x9AC4, 0x1040, 0xCE13, 0xC5F3,
    0x6CAF, 0x6CEF, 0x6D0F, 0x6D0F, 0x6D10, 0x6D0F, 0x64EF, 0x6CEF, 0x6D0F, 0x6D0F, 0x7550, 0x7571,
    0x7571, 0x7550, 0x7D91, 0x7570, 0x85F2, 0x8DF2, 0xA654, 0x9E74, 0x9E53, 0x8E12, 0x9613, 0xB6B5,
    0x9E54, 0x3AC7, 0xB366, 0xBBA6, 0xAB45, 0xBBC6, 0xBBA6, 0xBBA6, 0xBBA6, 0xBBA6, 0xBBA6, 0xBBA6,
    0xBB86, 0xBBA6, 0x8264, 0xC3E6, 0xB366, 0xCC27, 0xC407, 0x9AE5, 0x9B05, 0x9B45, 0x5183, 0x28C1,
    0xCD0D, 0xAC0B, 0xA184, 0xDB08, 0xB9E5, 0xD266, 0x70E2, 0xB9C5, 0xB9C4, 0xD286, 0xD286, 0xA164,
    0xC246, 0xDA86, 0xCA25, 0xA963, 0xB9E5, 0xDAC7, 0xDAC7, 0xCA86, 0xFED4, 0xDD6E, 0xE5CF, 0xEDF0,
    0xE632, 0xDD6E, 0xF6B4, 0xC54C, 0xD630, 0xF717, 0xEE31, 0xDD6E, 0xC469, 0xDD8E, 0xCD2D, 0xCCCB,
    0xFF36, 0xF6F6, 0xCCEC, 0xDD4D, 0xE58E, 0xF6B3, 0xF6B4, 0xDDAF, 0xF694, 0xD4EC, 0xD52D, 0xEE51,
    0xEE52, 0xE58F, 0xEE73, 0xF6D5, 0xF6D5, 0xCCEC, 0xEE11, 0xF6B4, 0xEE31, 0xEDF0, 0xE5CF, 0xD4CC,
    0xF693, 0xF694, 0xD4EB, 0xD54D, 0xF6B5, 0xEE11, 0xD52D, 0xF693, 0xF694, 0xCCAE, 0xEE53, 0xDAE7,
    0xF5B2, 0xED6F, 0xF6B4, 0xD4EC, 0xF6B3, 0xF6B4, 0xF672, 0xC226, 0xD287, 0xDAA7, 0xBA06, 0xDA87,
    0xB1A4, 0xCA26, 0xD2A6, 0x88C3, 0xD2A6, 0xD246, 0xB9C5, 0xA984, 0xCA25, 0xA9A4, 0xD286, 0xA984,
    0xBC4A, 0x1020, 0x2081, 0x5182, 0x6A03, 0xB386, 0xBBC7, 0xBBA7, 0xBBA6, 0xBBC7, 0xBBC7, 0xBBC7,
    0xBBC7, 0xBBA6, 0xA325, 0xCC27, 0xBBC6, 0xC3C7, 0xBBA6, 0x92C5, 0xCC27, 0xC3E7, 0xC3E7, 0xC3E7,
    0x8223, 0x9AC5, 0xC3C7, 0xC3E7, 0xBBC6, 0xBBC6, 0xC407, 0xC3E7, 0xC3E7, 0xB366, 0xC3E7, 0xC407,
    0xB386, 0xBBC6, 0xC3C7, 0xBBC6, 0xC3C6, 0xD447, 0x8A43, 0x8A64, 0x8A43, 0x8A64, 0x8A63, 0x9284,
    0x92A4, 0x71E3, 0x9AE4, 0x8A63, 0x9284, 0x8A64, 0x9284, 0x9284, 0x8A43, 0x8A63, 0x8A63, 0x5142,
    0x0000, 0x0000, 0x0000, 0x0000, 0xB48D, 0x0000, 0x1860, 0x79E3, 0xA2C5, 0x9AA4, 0x9284, 0x8223,
    0x8A64, 0x9264, 0x8223, 0x9263, 0x8A63, 0x9284, 0x69A2, 0x9284, 0x9284, 0x9263, 0x9264, 0x8A64,
    0x8A63, 0x8A63, 0xE4C8, 0xC3E7, 0xC3C7, 0x9AC4, 0xA305, 0x92A4, 0x69E3, 0x71E3, 0x544D, 0x5C6E,
    0x5C6E, 0x6CEF, 0x750F, 0x6CCF, 0x6D10, 0x6D30, 0x6D30, 0x6D0F, 0x6D0F, 0x7530, 0x8592, 0xDF18,
    0x85D2, 0x8DF2, 0x7D91, 0x7DB1, 0x85D2, 0xC6D6, 0x9E13, 0xCF17, 0xA654, 0x7D91, 0x85D2, 0xA675,
    0x9634, 0x51A3, 0xBBC7, 0xB386, 0xB366, 0xBBA6, 0xB386, 0xBBC6, 0xBBA6, 0xBBA6, 0xBBA6, 0xBBA6,
    0xBB86, 0xBBA6, 0xA325, 0xCC07, 0x8203, 0xC3E6, 0xCC27, 0xC3E7, 0x9AE5, 0xDDCF, 0xF693, 0xF694,
    0xF6B3, 0xF692, 0x9102, 0xCA66, 0xD286, 0xA184, 0xA1A4, 0xB1A4, 0xB1C4, 0x9964, 0xD2C6, 0xBA05,
    0xA9A4, 0xCA87, 0xDB08, 0x9943, 0xD287, 0xC1E5, 0xB9C4, 0xA1A4, 0xCCEC, 0xEE72, 0xF6B3, 0xCCEC,
    0xEE73, 0xEEB4, 0xF6D5, 0x8428, 0xEE94, 0xF694, 0xE611, 0xE5F1, 0xCCEC, 0xF673, 0xFEF5, 0xCD2D,
    0xF6D5, 0xCCEC, 0xE5D0, 0xF673, 0xE5AF, 0xDDCF, 0xEE73, 0xC4AB, 0xF6B4, 0xD52D, 0xEE73, 0xD4EB,
    0xF672, 0xD52D, 0xE611, 0xE5CF, 0xF652, 0xF673, 0xC428, 0xEE73, 0xF692, 0xF693, 0xF693, 0xE5F0,
    0xF6D5, 0xF6D5, 0xCCEC, 0xF694, 0xF6B5, 0xF6B5, 0xDD4D, 0xDDCF, 0xEE53, 0xF693, 0xF693, 0xCD8D,
    0xFEF4, 0xF6D4, 0xF6D4, 0xD50C, 0xE5AE, 0xF672, 0xF693, 0xA964, 0xDAE8, 0xDAC7, 0xA9A4, 0xC205,
    0x9943, 0xC266, 0xE3A8, 0xA143, 0xC225, 0xEB87, 0xDAE6, 0x9964, 0xBA05, 0xE327, 0xDAC7, 0xA964,
    0xFF54, 0xFF16, 0xFF78, 0xFF56, 0xFF76, 0xA346, 0xBBC7, 0xBBA7, 0xBBA7, 0xBBA6, 0xBBA6, 0xC3C7,
    0xC3E7, 0xBBC7, 0xBBC7, 0xBBC7, 0xBBC6, 0xBBA6, 0x9AC5, 0xC3E7, 0xBBA6, 0x8A83, 0x5122, 0xB366,
    0xC3C7, 0xC3E7, 0xB386, 0xB386, 0xBBC6, 0xBBC7, 0xBBE7, 0xBBC7, 0xC3C7, 0xC3C7, 0xB386, 0xC3E7,
    0xC3E7, 0xC3E7, 0xD447, 0xA2E4, 0x9264, 0x8A64, 0x8A63, 0x8223, 0x8A63, 0x8A64, 0x7A23, 0x69A2,
    0x9AC4, 0x8A84, 0x8A43, 0x9284, 0x9284, 0x8A84, 0x9284, 0x92A4, 0x9284, 0x9284, 0x30A1, 0x0840,
    0x0000, 0x0000, 0x0000, 0x0000, 0x0000, 0x0000, 0x0000, 0x2144, 0x0000, 0x69C2, 0x9284, 0x9284,
    0x9284, 0x8223, 0x9284, 0x9284, 0x9263, 0x8223, 0x8A43, 0x9284, 0x6141, 0x9284, 0x9263, 0x9264,
    0x8A63, 0x8A43, 0x8A43, 0x8A64, 0xED09, 0xAB24, 0x69C2, 0xB345, 0xA2E5, 0x8A83, 0x7A63, 0x5C8D,
    0x5C8E, 0x6CCF, 0x6CEF, 0xD614, 0xD655, 0x74F0, 0x6D30, 0x6D10, 0x7510, 0x7D91, 0xCEB6, 0x95F3,
    0xAE34, 0x9E13, 0x8E13, 0x8DF2, 0x8E13, 0xAE75, 0xEF38, 0xD717, 0x9633, 0x7D91, 0x7D91, 0x8E13,
    0x1163, 0xD448, 0xC3E7, 0xC3C7, 0xBBC7, 0xBBA6, 0xBBC7, 0xBBC7, 0xBBC7, 0xBBA6, 0xB386, 0xBBA6,
    0xC3E7, 0xC3E7, 0xC3E7, 0xC3E7, 0xB386, 0xC3C7, 0xAB25, 0x5981, 0x69E2, 0x4920, 0xFFFA, 0xFFD9,
    0xF6F4, 0xB48C, 0xB1C4, 0xCA25, 0xDAA7, 0xD286, 0x8123, 0xBA05, 0xD2C7, 0xDAE7, 0xDAC7, 0x9984,
    0xD286, 0xE2E8, 0xDAC7, 0xA163, 0xB9A4, 0xB1A4, 0xCA66, 0xA163, 0xBC2A, 0xF693, 0xF6D5, 0xF6B4,
    0xE5EF, 0xEE93, 0xFF17, 0xA264, 0xCAC7, 0xF6B6, 0xAA66, 0xFEF6, 0xCCCB, 0xF692, 0xFED4, 0xCCAB,
    0xF6B4, 0xF6B4, 0xCCCB, 0xF6B4, 0xF694, 0xE5AF, 0xF6D5, 0xEE94, 0xB408, 0xDDAF, 0xF6D5, 0xF693,
    0xF693, 0xD50C, 0xF6B3, 0xEE53, 0xDD4E, 0xD54D, 0xF6B4, 0xF694, 0xE5F0, 0xE5AE, 0xD50C, 0xF6B3,
    0xF693, 0xF693, 0xCCAA, 0xF6B4, 0xF6B4, 0xEE31, 0xE5D0, 0xEE32, 0xDD4C, 0xF672, 0xF693, 0xBDAE,
    0xE652, 0xF6F6, 0xE5F0, 0xCCAB, 0xEE32, 0xF694, 0xE5D0, 0xCA46, 0xDAA7, 0xD287, 0xA184, 0x9923,
    0xB1E4, 0xDAE6, 0xDB06, 0x88E2, 0xDAE7, 0xDAE6, 0xDAC6, 0xB1E5, 0xDAE7, 0xDAE7, 0xDB08, 0xC205,
    0xDD4D, 0xBC6A, 0xDD8E, 0xF6D5, 0xFEB3, 0xDD6D, 0xFDED, 0xC407, 0xC3E7, 0xBBC7, 0xBBC7, 0xBBC7,
    0xBBC7, 0xB366, 0xBBC7, 0xC3C7, 0xC4EE, 0xBBC6, 0xBBA7, 0x9283, 0x79E3, 0xDC88, 0xC3E7, 0xBBA6,
    0xB386, 0xC3E7, 0xBBE7, 0xBBE7, 0xC3E7, 0xBBE7, 0xBBC7, 0xBBC7, 0xBBE7, 0xC3C7, 0xC3E7, 0xBBC6,
    0xED09, 0x8A44, 0x8A63, 0x9263, 0x8A63, 0x8243, 0x8A63, 0x8A84, 0x71E3, 0x8243, 0x8A63, 0x8223,
    0x7A03, 0x9284, 0x9284, 0x8223, 0x9284, 0x9284, 0x8A84, 0x8A63, 0x0000, 0x1061, 0x18A1, 0x0000,
    0x0000, 0x0000, 0x0000, 0x0000, 0x0000, 0x0000, 0x0000, 0x0000, 0x0020, 0x6225, 0x0000, 0x9283,
    0x9284, 0x9284, 0x9284, 0x8202, 0x9284, 0x8A43, 0x9284, 0x8223, 0x8A43, 0x9AA4, 0x69A2, 0x9264,
    0x8A63, 0x8A43, 0x8A63, 0x8A63, 0xA2E4, 0x8A84, 0xE488, 0xAB45, 0xA305, 0x9AE4, 0x8AA4, 0x5162,
    0x4B6A, 0x5C6E, 0x6CEF, 0xC654, 0xD655, 0x650F, 0x6D10, 0x6D0F, 0x6D10, 0x8592, 0x7D71, 0xF739,
    0xEF17, 0xDF17, 0x8DF3, 0x85D2, 0x8DF3, 0x9653, 0xEF59, 0xF779, 0x85D2, 0x7D70, 0x5C6D, 0x0880,
    0xB3A6, 0xC3C7, 0x6140, 0xD468, 0xBBA6, 0xBBA6, 0xBBE7, 0xBBC6, 0xBBA6, 0xCC07, 0xBBC7, 0xBBA6,
    0xC407, 0xC3E7, 0xC3E6, 0xC3E7, 0xBBC7, 0xB386, 0xAB45, 0xB366, 0xFF15, 0xF6D5, 0xB44A, 0xEE31,
    0xC4AC, 0xBCAC, 0xA983, 0xDB29, 0xCA67, 0xD287, 0xC246, 0xD266, 0xDAE7, 0xDAC7, 0xDAE7, 0xB287,
    0xDAE8, 0xDAE7, 0xDAE7, 0xDAC7, 0x9943, 0xA9A4, 0xD225, 0xCA66, 0x7182, 0xD50D, 0xF6B4, 0xDDB0,
    0xD50D, 0xC266, 0xCAA7, 0xA9C4, 0xCA67, 0xC206, 0xDB29, 0xD308, 0xEE93, 0xD52D, 0xEE73, 0xFEF5,
    0xDD4D, 0xDD8F, 0xF693, 0xE5F0, 0xF6D5, 0xF6B5, 0xCC8B, 0xE5F0, 0xF693, 0xF673, 0xDD8E, 0xD4EB,
    0xD4EB, 0xDD4D, 0xD52D, 0xCCCA, 0xD52D, 0xD52C, 0xDD4D, 0xD52C, 0xF692, 0xDD4D, 0xEE52, 0xF693,
    0xF694, 0xD52C, 0xF6D5, 0xF6B5, 0xF694, 0xE5CF, 0xF6B4, 0xF694, 0xF6D5, 0xEE52, 0xF653, 0x7BE6,
    0xF6D5, 0xF6B4, 0xDDD0, 0xDDB0, 0xF6F6, 0xD52E, 0xB388, 0xA984, 0xA163, 0xB9A4, 0x8103, 0xDAE7,
    0xDAE7, 0xDAE8, 0xBA05, 0xBA05, 0xDAA6, 0xBA25, 0xC226, 0xA184, 0xB1A4, 0xD2A7, 0xB9A4, 0xA984,
    0xF652, 0xEE31, 0xFED4, 0xFF16, 0xFEF5, 0xC4AB, 0xBBA6, 0x9AC4, 0xC3C7, 0xCC28, 0xC3E7, 0xBBC7,
    0xBBE7, 0xB3A6, 0xBBC6, 0xBBC7, 0xC3E7, 0xA305, 0x69C2, 0xC407, 0x9AC4, 0x8243, 0xC407, 0xBBE7,
    0xC3E7, 0xBBC6, 0xBBC7, 0xBBE7, 0xC3E7, 0xBBC7, 0xBBC7, 0xBBC7, 0xC3E7, 0xBBC7, 0xE4E9, 0x92A4,
    0x8A63, 0x9264, 0x8A63, 0x8A63, 0x9264, 0x9264, 0x69C2, 0x8243, 0x8A43, 0x8A63, 0x7A03, 0x8A43,
    0x8A63, 0x9263, 0x8223, 0x9284, 0x8A84, 0x9284, 0x0000, 0x18C1, 0x0000, 0x0000, 0x0000, 0x0000,
    0x0000, 0x0000, 0x0000, 0x0000, 0x0000, 0x0000, 0x0000, 0x0000, 0x0000, 0x0000, 0x0000, 0x5A66,
    0x0000, 0x59A2, 0x8243, 0x9284, 0x9284, 0x8A63, 0x8243, 0x9264, 0x8223, 0x8223, 0x8A43, 0x9AA4,
    0x71E2, 0x8A63, 0x8A64, 0x8A44, 0x8243, 0x9284, 0x9284, 0x9284, 0xD427, 0xA2E4, 0xA304, 0x8243,
    0x7203, 0x08A2, 0x542D, 0x64CF, 0x6CCF, 0x6CCF, 0x7530, 0x7510, 0x6D10, 0x6D30, 0xEF17, 0xFF59,
    0xF759, 0x8DF3, 0x85B1, 0x7DB1, 0x7D91, 0x8E12, 0x9633, 0x85F2, 0x64EE, 0x538A, 0x8284, 0xBBC6,
    0xBBA6, 0xBBA6, 0xC3E7, 0xC407, 0xA2E4, 0x8243, 0xECE8, 0xC3C6, 0xC3E7, 0xC3E7, 0xC3E7, 0xC407,
    0x9AE5, 0xBBA7, 0xBBA6, 0xCC47, 0xC3E7, 0xC3E7, 0xCC28, 0xA325, 0xC48B, 0xEE10, 0xE5EF, 0xDD6E,
    0xEE72, 0xD56E, 0x6922, 0xA163, 0xDAE7, 0xEB49, 0x8923, 0xA143, 0xE2E6, 0xBA05, 0xCA66, 0xCA86,
    0xB1E5, 0xB9C4, 0xDAC7, 0xB1A4, 0xD2A7, 0xB1C5, 0xCA46, 0xCA46, 0xDA87, 0xD50C, 0xFF15, 0xDD8F,
    0xD52D, 0x9A46, 0xB9A4, 0xE309, 0xD2A8, 0xB265, 0x9A87, 0xF6B5, 0xF694, 0xF693, 0xCCCB, 0xF672,
    0xEE52, 0xD52D, 0xD50C, 0xDD6E, 0xD4EB, 0xDD6E, 0xE5D0, 0xEEB4, 0xDD2D, 0xD50B, 0xF672, 0xF693,
    0xE5CF, 0xF6F6, 0xF694, 0xF673, 0xDD2C, 0xCCAA, 0xDD6E, 0xD52C, 0xF694, 0xFF57, 0xFED5, 0xCCEB,
    0xF6D4, 0xF6B4, 0xF693, 0xDD6D, 0xF6F5, 0xF693, 0xFEF5, 0xBA05, 0xA982, 0xB1A3, 0xA9A3, 0xC348,
    0xF6B3, 0xF673, 0xF6B3, 0xF6B5, 0xF6B4, 0xDD90, 0xD287, 0xDA87, 0xD246, 0xA184, 0xA1A4, 0xDB07,
    0xDB07, 0xC246, 0xA9A4, 0xB1A4, 0xDB07, 0xD2E6, 0xD2E6, 0xDAE7, 0xDB07, 0xDAC6, 0xCA66, 0x4080,
    0x1820, 0x2081, 0xC4AB, 0xAC09, 0xB44A, 0x7223, 0xBBA6, 0xBBC7, 0xC3C7, 0xC407, 0xA2E4, 0xBBA6,
    0xC407, 0xC407, 0xC407, 0x7A02, 0xA305, 0xC3C7, 0xC3C7, 0xBBC7, 0xBBA6, 0xC407, 0xBBA6, 0x9AE4,
    0x8A63, 0xDCC9, 0xC3E7, 0xC3C7, 0xC3E7, 0xC3C7, 0xC3E7, 0xC3E7, 0xF549, 0x8A63, 0x9264, 0x8A43,
    0x8A63, 0x8A64, 0x9284, 0x8243, 0x71E2, 0x9284, 0x9263, 0x8A43, 0x8223, 0x9284, 0x8A63, 0x7A23,
    0x8A84, 0x9284, 0x9284, 0x5162, 0x0000, 0x3964, 0x0000, 0x0000, 0x0000, 0x0000, 0x0000, 0x0000,
    0x0000, 0x0000, 0x0000, 0x0000, 0x0000, 0x0000, 0x0000, 0x0000, 0x0000, 0x0000, 0x0000, 0x0000,
    0x0000, 0x2923, 0x0000, 0x28E1, 0x92A4, 0x9264, 0x9264, 0x9263, 0x8223, 0x9243, 0x9263, 0x8202,
    0x9263, 0xA2E5, 0x8223, 0x79E2, 0x8A43, 0x8A63, 0x8A63, 0x8A63, 0x8223, 0x8A43, 0x9A83, 0xCC06,
    0xAB25, 0x8A84, 0x7A43, 0x4922, 0x19E5, 0x64CF, 0x5C6E, 0x5C8E, 0x5C8E, 0x64EF, 0x6D0F, 0x7530,
    0x7D71, 0x7D71, 0x7570, 0x7550, 0x64CF, 0x64CF, 0x6CEF, 0x1081, 0x92C5, 0xA346, 0xB366, 0xBBA6,
    0xBBA6, 0xBBC7, 0xC3E7, 0xAB45, 0xBBC7, 0xC3C7, 0xC3E7, 0x69C2, 0x9AC4, 0xDC88, 0xC407, 0xBBC7,
    0xC3C6, 0xA304, 0xA304, 0xC407, 0xC3E7, 0xC3E7, 0xC407, 0x9AE5, 0x49A3, 0xBC8B, 0xBCAC, 0xBCAD,
    0xCD2E, 0xCD0E, 0xB40A, 0xB1C5, 0xD246, 0xD2A6, 0xB9E5, 0xA143, 0x9963, 0xD2E7, 0xDB08, 0xC205,
    0x8902, 0xC205, 0xB1E5, 0x9943, 0xA184, 0x7902, 0xA9A4, 0xA163, 0xD2A8, 0x8902, 0xCCAB, 0xF6B4,
    0xF6D5, 0xE5D0, 0xD54E, 0xF6B5, 0xFF15, 0x52A2, 0xC54E, 0xEE52, 0xDDAF, 0xCD0C, 0xD52C, 0xDD8E,
    0xE5F0, 0xC4AB, 0xF6B5, 0xF6B4, 0xE5F0, 0xEE31, 0xF6B3, 0xCCAB, 0xF6B5, 0xE5F1, 0xD4EB, 0xD4EC,
    0xDD6E, 0xD54E, 0xEE31, 0xEE11, 0xE5F0, 0xD4CB, 0xCCEB, 0xE5AF, 0xDDAF, 0xFF16, 0xD54E, 0xF694,
    0xEE33, 0xE611, 0xCCEA, 0xF673, 0xF673, 0xF674, 0xD42B, 0xBA04, 0xB224, 0xE40A, 0xA183, 0xCA46,
    0x9922, 0xD4EC, 0xD54E, 0xF673, 0xD52D, 0x9183, 0xC205, 0xDAC7, 0xD2A7, 0xA9E5, 0xDB26, 0xDB46,
    0xDAE7, 0xC246, 0xC205, 0xD2A7, 0xF46B, 0xDB48, 0xA9A4, 0xC245, 0xD2C6, 0xC245, 0xA964, 0xDDAF,
    0xE611, 0xE5F1, 0xE5D0, 0xCD8F, 0xA346, 0xC407, 0xC407, 0xC3E7, 0xBBA6, 0xA305, 0xBBE7, 0xDC68,
    0x9AA4, 0x7A03, 0xC3E7, 0xC3E7, 0xC3E7, 0xC3E7, 0xC3E7, 0xC3C7, 0xBBC7, 0xBBC7, 0xC407, 0xBBE7,
    0xB386, 0xBBA6, 0x9AC4, 0xB386, 0xBBC7, 0xD448, 0xA325, 0x9283, 0x9284, 0x8A43, 0x8A64, 0x9264,
    0x92A4, 0x7A23, 0x71E3, 0x9AC4, 0x8A64, 0x8223, 0x8223, 0x9284, 0x8A43, 0x8223, 0x8A63, 0x9284,
    0x8A84, 0x2081, 0x0000, 0x2964, 0x0000, 0x0000, 0x0000, 0x0000, 0x0000, 0x0000, 0x0000, 0x0000,
    0x0000, 0x0000, 0x0000, 0x0000, 0x0000, 0x0000, 0x0000, 0x0000, 0x0000, 0x0000, 0x0000, 0x0000,
    0x0000, 0x0000, 0x0000, 0x0000, 0x0840, 0x0000, 0x8202, 0x9264, 0x9264, 0x8A23, 0x8203, 0x9264,
    0x9264, 0x7A03, 0x8A43, 0x9263, 0x8A63, 0x69A1, 0x9283, 0x8A63, 0x8A43, 0x8223, 0x8A63, 0x8A63,
    0x8A23, 0xCC27, 0xB365, 0xAB45, 0x92C4, 0x8263, 0x8264, 0x4101, 0x4162, 0x1143, 0x1102, 0x08E2,
    0x08C2, 0x08A1, 0x0881, 0x0860, 0x8AA4, 0x8AA3, 0x9B04, 0xBBA6, 0xC3C7, 0xBBA6, 0xBBA6, 0xBBA6,
    0xBBC6, 0xC3E7, 0xD448, 0xC3E7, 0xC3E7, 0xC3E7, 0xC3E7, 0xC3E7, 0xC3C7, 0xA325, 0x69A2, 0xB386,
    0xC3C7, 0xC408, 0xCC07, 0xC3E7, 0xC3E7, 0xC3E7, 0xC3E7, 0xAB66, 0xA305, 0x4101, 0xB44B, 0x3102,
    0x6A24, 0x0000, 0xC4ED, 0x8143, 0x9943, 0xC225, 0xDAA7, 0xD2C7, 0xC246, 0xC1E5, 0xDAA7, 0xA984,
    0xDA87, 0x8102, 0xC1E5, 0xDAA7, 0xDAC7, 0xE328, 0x91A4, 0xBA25, 0x9143, 0xA9A4, 0xA163, 0xC42A,
    0xDD8E, 0xFF15, 0xF6B4, 0xF692, 0xEE10, 0xF6D4, 0x7C07, 0x9D29, 0x8406, 0xDDAF, 0xF6B5, 0xD54E,
    0xF693, 0xD50C, 0xEE32, 0xDD8F, 0xD52D, 0xCCEB, 0xE5CE, 0xF693, 0xF694, 0xF6D5, 0xE5D0, 0xF6D6,
    0xF6B5, 0xE5D0, 0xEE52, 0xEE93, 0xD52D, 0xEE53, 0xF6D5, 0xF6B4, 0xEDF0, 0xEE52, 0xCCAA, 0xCCCB,
    0xEE32, 0xEE52, 0xF693, 0xEE51, 0xF6B5, 0xEE32, 0xEE92, 0xDA87, 0xBA25, 0xDAC7, 0xCA87, 0xB9E4,
    0x90E1, 0xDD8F, 0xF693, 0xBC2A, 0x9183, 0xB1E5, 0xDAA7, 0xC1C5, 0x9943, 0xCA25, 0xD307, 0xC225,
    0x9144, 0x6081, 0xB9A4, 0xCA05, 0xCA46, 0x9984, 0xA163, 0xE307, 0xDAE7, 0xA184, 0xBBCA, 0xDD90,
    0xDDD0, 0xEE11, 0xEE31, 0xE5B0, 0xF60F, 0xC407, 0xC407, 0xC3C6, 0xBBC6, 0xDCA9, 0x7A02, 0x8A83,
    0xBBC6, 0xC3C7, 0xC3E7, 0xC3E7, 0xBBA6, 0xC3E7, 0xC3E7, 0xBBE6, 0xC3E7, 0xC3E7, 0xB386, 0xC3C7,
    0xBBC7, 0xC3E7, 0xC3E7, 0xE52A, 0xA304, 0x9263, 0x9264, 0x9264, 0x8A64, 0x9284, 0x9264, 0x69C2,
    0x79E2, 0x8A63, 0x8A64, 0x7A03, 0x9284, 0x9284, 0x9284, 0x9284, 0x8A44, 0x8A84, 0x6982, 0x0000,
    0x1881, 0x0000, 0x0000, 0x0000, 0x0000, 0x0000, 0x0000, 0x0000, 0x0000, 0x0000, 0x0000, 0x0000,
    0x0000, 0x0000, 0x0000, 0x0000, 0x0000, 0x0000, 0x0000, 0x0000, 0x0000, 0x0000, 0x0000, 0x0000,
    0x0000, 0x0000, 0x0000, 0x0000, 0x0000, 0x0000, 0x4A05, 0x0000, 0x71C3, 0x8A64, 0x9284, 0x8223,
    0x8A63, 0x8223, 0x8A43, 0x8203, 0x8243, 0x8A43, 0x9AA4, 0x61A2, 0x9263, 0x8A43, 0x8A63, 0x8A63,
    0x8223, 0x8A64, 0x8243, 0xBB65, 0x8A63, 0xAB45, 0xAB45, 0x9AE4, 0x92A4, 0x8A84, 0x92A4, 0x92C4,
    0x92A4, 0x92C4, 0x9AE4, 0xA304, 0xB365, 0xC3E7, 0xC3E7, 0xAB45, 0x6961, 0xDCA9, 0xC3C6, 0xDC68,
    0xC3E6, 0xB386, 0xB365, 0xBBC6, 0xC3E7, 0xC3E7, 0xC3E7, 0xC407, 0xC3E7, 0x7A23, 0xDC88, 0xAB25,
    0x7A02, 0x79C1, 0xC3A6, 0xC3E7, 0xC3E7, 0xC3E7, 0xC407, 0xCC28, 0xA325, 0xA305, 0x9B25, 0xCD8F,
    0xF6B3, 0xF6D4, 0xEE52, 0xCD2F, 0x80E2, 0xA964, 0xDAC7, 0xD286, 0xDAA7, 0xA163, 0xB1C5, 0xC225,
    0xD2C7, 0x9122, 0x9943, 0xCA45, 0xD2A6, 0xB1E5, 0xCA86, 0x8102, 0xA984, 0xD2C7, 0xD2C7, 0xDB28,
    0x81A3, 0xD54D, 0xEE51, 0xD54D, 0xE5D0, 0xCD0C, 0xEE31, 0xF6B5, 0xF693, 0xC48A, 0xBC0B, 0xBB28,
    0xEE53, 0xD286, 0xCA86, 0xDAE8, 0xF6D5, 0xF6B3, 0xF672, 0xEE72, 0xC469, 0xEE73, 0xCD0D, 0xCCEB,
    0xCCCA, 0xCCAA, 0xC48A, 0xBC49, 0xBC08, 0xBC08, 0xCCCA, 0xF6B3, 0xFEF4, 0xF6B4, 0xF6D5, 0xEE11,
    0xDD6D, 0xD54D, 0x8407, 0xC58D, 0x9C88, 0xAC2A, 0xEE72, 0xF6B3, 0xF693, 0xE5CF, 0xEEB3, 0xF6B3,
    0xDDD0, 0xF6B4, 0xBC09, 0xCA66, 0xCA46, 0xD267, 0xBA05, 0x7903, 0x99A4, 0xDB27, 0xD327, 0xCA86,
    0x9123, 0xD266, 0xD286, 0xB9A4, 0x9103, 0xD2C7, 0xDAE7, 0xDAE7, 0xB9C4, 0x68C2, 0xBC4B, 0xBC8B,
    0xAC2A, 0xC4AC, 0xD54E, 0xC4AD, 0xA367, 0xAB86, 0x8A84, 0xC407, 0x71C2, 0xC3C7, 0xC3C7, 0xC3E7,
    0xBBE7, 0xAB66, 0xBBC7, 0xB386, 0xC3E7, 0xC3E7, 0xC3E7, 0xC3E7, 0xC3E7, 0xC3E7, 0xB386, 0xBBA6,
    0xCC27, 0xD447, 0x8A43, 0x8A64, 0x8A63, 0x8A63, 0x8A64, 0x8A64, 0x8243, 0x71C2, 0x9AA4, 0x9284,
    0x8223, 0x7A23, 0x8A64, 0x8A64, 0x8243, 0x92A4, 0x9284, 0x8244, 0x4101, 0x0000, 0x41E6, 0x0020,
    0x0000, 0x0000, 0x0000, 0x0000, 0x0000, 0x0000, 0x0000, 0x0000, 0x0000, 0x0000, 0x0000, 0x0000,
    0x0000, 0x0000, 0x0000, 0x0000, 0x0000, 0x0000, 0x0000, 0x0000, 0x0000, 0x0000, 0x0000, 0x0000,
    0x0000, 0x0000, 0x0000, 0x0000, 0x0000, 0x0000, 0x0000, 0x0000, 0x3984, 0x0000, 0x79C2, 0x8A63,
    0x9AA4, 0x8A43, 0x8223, 0x8A43, 0x8A43, 0x7A03, 0x8223, 0x8223, 0x9284, 0x6162, 0x9283, 0x9263,
    0x8A43, 0x8A43, 0x8A63, 0x8A63, 0x8243, 0xDC47, 0xBBC6, 0xBBA6, 0xB3A6, 0xAB66, 0xA305, 0xA345,
    0xB3A6, 0xC407, 0xCC27, 0xC3E7, 0xC3C7, 0xC3E7, 0xBBC7, 0xB386, 0xB386, 0x9AC4, 0x6981, 0xDCA9,
    0xC3E7, 0xBBC7, 0xC3C7, 0xC3E7, 0xC3E7, 0xBBC7, 0xC3E7, 0xC407, 0xCC27, 0x9AC4, 0xCC27, 0xC3C6,
    0xBBA6, 0xB386, 0x8A43, 0x69E2, 0xD468, 0xC407, 0xC407, 0xC407, 0x9B05, 0x92E4, 0xB44B, 0xE5F0,
    0xFF15, 0xF6F6, 0xFF36, 0xD52D, 0x61A4, 0x9103, 0xC246, 0xB9C4, 0xA183, 0x9943, 0x9123, 0xCA46,
    0xE2E7, 0xE307, 0xE328, 0xA183, 0xA1E4, 0xDB26, 0xE3A6, 0xDB87, 0xA1A4, 0xE347, 0xC205, 0xB184,
    0xD2A7, 0xA9E4, 0xB388, 0xD52D, 0xD54E, 0xEE73, 0xF694, 0xF693, 0xE5CF, 0xEE31, 0xFE12, 0xA9A4,
    0xC225, 0xB1A3, 0xCAA5, 0xB9C4, 0x9942, 0xDD8E, 0xF672, 0xE5CF, 0xF672, 0xF6D4, 0xF6B3, 0xE5D0,
    0xE5CF, 0xDD8E, 0xE5D0, 0xF6B5, 0xF6B4, 0xF673, 0xCA87, 0xF6D6, 0xB1E3, 0xEE52, 0xF692, 0xF6D6,
    0xF6D5, 0x9C89, 0x94C8, 0x6364, 0xEF54, 0xFEF5, 0xDD2D, 0xDD8F, 0xD52D, 0xEE72, 0xF6B3, 0xF6D3,
    0xBC29, 0xAA03, 0xD326, 0xDB26, 0xD307, 0xC225, 0xBB06, 0xEC07, 0xE347, 0xBBC8, 0xC386, 0xA1A4,
    0xDAA7, 0xE388, 0xD266, 0xA9A4, 0x9923, 0xC225, 0xB9C4, 0xB9C5, 0xA164, 0xC4CC, 0xE612, 0xDE73,
    0x0000, 0x0800, 0x1020, 0xC4AC, 0xA366, 0xCC27, 0x69C2, 0xBBC6, 0xC3E7, 0xBBA6, 0xAB65, 0xC3C7,
    0xC3E7, 0xC3E7, 0xC3E7, 0xC3E7, 0xC3E7, 0xBBA7, 0xC3E7, 0xC3E7, 0xC3E7, 0xC3E7, 0xD488, 0xE4C8,
    0x8A23, 0x8223, 0x8A64, 0x79E3, 0x8A63, 0x8A63, 0x8243, 0x61A2, 0x9AC4, 0x8A64, 0x8223, 0x8223,
    0x8A64, 0x9284, 0x8223, 0x8A64, 0x8A84, 0x8A84, 0x5162, 0x0000, 0x2923, 0x0000, 0x0000, 0x0000,
    0x0000, 0x0000, 0x0000, 0x0000, 0x0000, 0x0000, 0x0000, 0x0000, 0x0000, 0x0000, 0x0000, 0x0000,
    0x0000, 0x0000, 0x0000, 0x0000, 0x0000, 0x0000, 0x0000, 0x0000, 0x0000, 0x0000, 0x0000, 0x0000,
    0x0000, 0x0000, 0x0000, 0x0000, 0x0000, 0x0000, 0x0000, 0x0000, 0x0000, 0x0000, 0x49E5, 0x0000,
    0x4962, 0x9284, 0x9264, 0x8A64, 0x7A02, 0x8223, 0x8A44, 0x8A23, 0x8243, 0x8223, 0x9AA4, 0x6182,
    0x9263, 0x9263, 0x8A63, 0x8A64, 0x8223, 0x8A43, 0x9284, 0xC3C6, 0xC3A6, 0xBBA6, 0xBB86, 0xBBA6,
    0xBBC6, 0xCC28, 0xBBA6, 0xCC07, 0xBBC7, 0xBBC7, 0xC3C7, 0xBBC7, 0xBBA7, 0x7A02, 0xCC27, 0xCBC6,
    0x71E2, 0xB386, 0xC3E7, 0xC3E7, 0xBBC7, 0xC3E7, 0xB3A5, 0xD448, 0x5981, 0xBBC7, 0xBBA6, 0xB366,
    0xAB66, 0xAB66, 0xB366, 0xBB86, 0xC3E7, 0x7A02, 0x9AC4, 0xCC07, 0x9B05, 0x92C4, 0xDD6E, 0xCD2E,
    0xF693, 0xE610, 0xEE11, 0xB44B, 0xB42B, 0xABA9, 0x9143, 0xCA25, 0xD2A6, 0xE2C7, 0xDA86, 0x9963,
    0xC205, 0xDB07, 0xB9C4, 0xB1A4, 0xD2A6, 0xA205, 0xDBA7, 0xE3E8, 0xD327, 0xE388, 0x9143, 0xB9A5,
    0xA984, 0xB1A4, 0xD266, 0xD286, 0xA265, 0xDD8D, 0xE5F1, 0xF693, 0xE5F0, 0xF6B3, 0xFEB4, 0xF611,
    0xD2A7, 0xCA46, 0xD2A7, 0xA9C3, 0x8922, 0xBC07, 0xC48A, 0xCD2C, 0xCD6D, 0xEF16, 0x7C06, 0xBCCB,
    0xEE10, 0xF672, 0xF693, 0xFF58, 0xBA87, 0xDB08, 0xB9C4, 0xA143, 0xB9E5, 0xCA26, 0x9902, 0xD56E,
    0xFED4, 0xF694, 0xF6B4, 0xCD4D, 0xFEF5, 0xEE53, 0xEE73, 0xF673, 0xF693, 0xF673, 0xCC6B, 0x7923,
    0xC205, 0xCA86, 0xCA45, 0xD347, 0x80C3, 0xE386, 0xDB67, 0xE449, 0xE46A, 0xDB88, 0x9A44, 0xB9E5,
    0xB1C4, 0xCA66, 0xA9A5, 0xD286, 0xD266, 0xDAE7, 0xCA26, 0x9123, 0xFF76, 0xE611, 0xDDD0, 0xEE74,
    0xF694, 0xEE53, 0x8264, 0x7A23, 0x71E2, 0xC3E6, 0xC3E7, 0xC3E7, 0xC3E7, 0xC3C7, 0xC3E7, 0xC3E7,
    0xC3E7, 0xC3E7, 0xBBC6, 0xC3E7, 0xBBC7, 0xBBA6, 0xC3E7, 0xC3E7, 0xED08, 0x9AE5, 0x8A63, 0x8A43,
    0x8A43, 0x8203, 0x8A64, 0x8A43, 0x71C2, 0x7A03, 0x9284, 0x8A64, 0x8243, 0x8A84, 0x8A64, 0x8A63,
    0x8223, 0x9284, 0x9284, 0x71E2, 0x2080, 0x0000, 0x0000, 0x0000, 0x0000, 0x0000, 0x0000, 0x0000,
    0x0000, 0x0000, 0x0000, 0x0000, 0x0000, 0x0000, 0x0000, 0x0000, 0x0000, 0x0000, 0x0000, 0x0000,
    0x0000, 0x0000, 0x0000, 0x0000, 0x0000, 0x0000, 0x0000, 0x0000, 0x0000, 0x0000, 0x0000, 0x0000,
    0x0000, 0x0000, 0x0000, 0x0000, 0x0000, 0x0000, 0x0000, 0x0000, 0x0000, 0x0000, 0x0000, 0x0000,
    0x6286, 0x0000, 0x1040, 0x7A03, 0x9284, 0x8A64, 0x8A43, 0x8A64, 0x8A64, 0x8223, 0x8A43, 0x8A64,
    0x9263, 0x71C2, 0x8223, 0x8A63, 0x9264, 0x8A63, 0x8A63, 0x8A43, 0x8A43, 0x7A24, 0xFD69, 0xCC07,
    0xC407, 0xCC48, 0x59A2, 0xCC48, 0xA304, 0x8221, 0xC3E7, 0x8AA4, 0xCBE7, 0xC3C7, 0xC3E7, 0xC3C7,
    0xBBC7, 0xBBC7, 0xA2E4, 0x71C2, 0x5982, 0xCC06, 0xC3C7, 0xAB45, 0xC407, 0xC3E7, 0xC3C7, 0xBBC7,
    0xBBC7, 0xBBC7, 0xC3C7, 0xC3C7, 0xC3C7, 0xC3C7, 0xBBA7, 0xAB65, 0x8AA4, 0xDC87, 0x92A3, 0xAC09,
    0xABE9, 0x59C3, 0x0820, 0x41A3, 0xFFB7, 0xD54E, 0xB42B, 0x9943, 0xDAA7, 0xC1C5, 0xB9E5, 0x9963,
    0x80E2, 0xA163, 0xA9A4, 0xB9C5, 0xD287, 0xE308, 0xD2A7, 0xD327, 0xB349, 0xD387, 0xB204, 0xDB66,
    0x8943, 0xBA05, 0xB9C5, 0xB9C4, 0xA9A4, 0x9143, 0x9963, 0x6102, 0xD4EC, 0xF6D4, 0xE631, 0xD54E,
    0xA265, 0xE693, 0xBB28, 0xE5CF, 0xDD6E, 0xEE30, 0xEE94, 0xF6D5, 0xEE94, 0xE672, 0x9CE7, 0xEEF4,
    0xF6B4, 0xF6D4, 0xF6B3, 0x9224, 0x9162, 0xA9A3, 0xD2A6, 0xCA46, 0xCA86, 0xCA66, 0xEE74, 0xEE52,
    0xE5F0, 0xF672, 0xF693, 0xF6B3, 0xD56F, 0xF6B5, 0xDD4D, 0xCCAB, 0x8962, 0xBAA5, 0xC245, 0xA984,
    0xC1E5, 0xCA05, 0xB184, 0xCAA5, 0xDBA6, 0xCB66, 0xCB67, 0xDBC6, 0xBA44, 0x8942, 0x8902, 0x80E2,
    0x8102, 0x78C1, 0xB1A4, 0xB183, 0xC225, 0xB1C5, 0x8923, 0xBC4B, 0xAC2A, 0xC4AC, 0xDD8F, 0xF6D5,
    0xF6F5, 0xDD8F, 0x0820, 0xC3E7, 0xC3E7, 0xC3E7, 0xBBC6, 0xC3C7, 0xC3E7, 0xC3E7, 0xBBC7, 0xBBC6,
    0xC3E7, 0xC3E7, 0xC3E7, 0xC3E7, 0xC3E7, 0xC407, 0xE4E9, 0x8A64, 0x8A63, 0x8A63, 0x8A63, 0x8223,
    0x8A64, 0x8A43, 0x69A2, 0x7A23, 0x9264, 0x8223, 0x8A63, 0x9284, 0x9284, 0x8223, 0x8243, 0x9284,
    0x8A84, 0x6161, 0x0000, 0x2903, 0x0000, 0x0000, 0x0000, 0x0000, 0x0000, 0x0000, 0x0000, 0x0000,
    0x0000, 0x0000, 0x0000, 0x0000, 0x0000, 0x0000, 0x0000, 0x0000, 0x0000, 0x0000, 0x0000, 0x0000,
    0x0000, 0x0000, 0x0000, 0x0000, 0x0000, 0x0000, 0x0000, 0x0000, 0x0000, 0x0000, 0x0000, 0x0000,
    0x0000, 0x0000, 0x0000, 0x0000, 0x0000, 0x0000, 0x0000, 0x0000, 0x0000, 0x0000, 0x0000, 0x0000,
    0x0000, 0x0000, 0x0000, 0x2103, 0x0820, 0x79A2, 0x8A64, 0x9264, 0x8A64, 0x8223, 0x8A64, 0x8A43,
    0x9264, 0x8223, 0x8A64, 0x8A64, 0x69E3, 0x9284, 0x8A63, 0x8A63, 0x8A63, 0x8A63, 0x8A63, 0x71E3,
    0xF56A, 0xCC07, 0xC3E6, 0xC3C6, 0xBBA7, 0xC3C6, 0xC3E7, 0xC3E7, 0xC407, 0xC3E7, 0xC3E7, 0xC3E7,
    0xC3C7, 0xC3C7, 0x8263, 0x92C4, 0xBBA6, 0xAB65, 0x9AC4, 0xC407, 0xC3E7, 0xC3E7, 0xC3E7, 0xBBC6,
    0xC3C7, 0xC3C7, 0xBBC7, 0xC3C7, 0xC3E7, 0xC3C7, 0xC3C7, 0xC3C7, 0xC3E7, 0xBBA6, 0x71E2, 0x7A02,
    0x1020, 0x7244, 0xD52D, 0xEE52, 0xF693, 0xF672, 0xB44A, 0xDDD2, 0x8902, 0x9943, 0x9964, 0xD266,
    0xDAE7, 0xC1E4, 0xE2C7, 0x9123, 0xB1A3, 0xB1A4, 0xDAC7, 0xC205, 0xB265, 0xCB06, 0xC2E5, 0xDB87,
    0xD245, 0xCA45, 0xB1C4, 0x8102, 0xB1C4, 0xCA45, 0xBA05, 0xDB26, 0xD326, 0xC205, 0x9143, 0x7983,
    0xDD8F, 0xEE11, 0xF6D5, 0xF6F5, 0xF6F5, 0xF6B3, 0xE5F0, 0xF673, 0xDD8E, 0xD50D, 0xEE31, 0xE5AF,
    0xDD8F, 0xD54E, 0xD4EC, 0xDD2D, 0xD50C, 0xEDF1, 0xEED4, 0xD2C7, 0xB1C4, 0xF6F5, 0xE5AF, 0xF6D5,
    0xF6D5, 0xDDAF, 0xF693, 0xDD2D, 0xCC8B, 0x7902, 0xA9C4, 0xC205, 0xC246, 0xD306, 0xC225, 0xB9C5,
    0x9984, 0x8103, 0x8923, 0xA964, 0xA964, 0xBA65, 0xBA64, 0xC265, 0xCA45, 0xC225, 0xCA45, 0xC1E5,
    0xDAC8, 0xF3C9, 0xC1E5, 0xD246, 0xA963, 0xB42B, 0xE5F0, 0xEE73, 0xE5F1, 0x1840, 0x8B28, 0x1020,
    0xB42A, 0xAC2B, 0xA326, 0xAB45, 0xBBC7, 0xC3E7, 0xC3E7, 0xC3E7, 0xBBA6, 0xC3C7, 0xC3E7, 0xC3E7,
    0xC3E7, 0xC3E7, 0xC3E7, 0xD447, 0xA2E5, 0x9264, 0x8A64, 0x8223, 0x8A43, 0x8A43, 0x8A63, 0x8A64,
    0x69C3, 0x92A4, 0x8A23, 0x8203, 0x8A83, 0x9284, 0x8223, 0x8A63, 0x9284, 0x9284, 0x8A43, 0x38E1,
    0x0000, 0x28E3, 0x0000, 0x0000, 0x0000, 0x0000, 0x0000, 0x0000, 0x0000, 0x0000, 0x0000, 0x0000,
    0x0000, 0x0000, 0x0000, 0x0000, 0x0000, 0x0000, 0x0000, 0x0000, 0x0000, 0x0000, 0x0000, 0x0000,
    0x0000, 0x0000, 0x0000, 0x0000, 0x0000, 0x0000, 0x0000, 0x0000, 0x0000, 0x0000, 0x0000, 0x0000,
    0x0000, 0x0000, 0x0000, 0x0000, 0x0000, 0x0000, 0x0000, 0x0000, 0x0000, 0x0000, 0x0000, 0x0000,
    0x0000, 0x0000, 0x0000, 0x0000, 0x0000, 0x18A1, 0x0860, 0x8A63, 0x8A64, 0x8A43, 0x8A63, 0x8223,
    0x8A43, 0x8A63, 0x8223, 0x8A64, 0x8A64, 0x8243, 0x69A2, 0x8A63, 0x9263, 0x9263, 0x8A63, 0x8A43,
    0x8263, 0x8A43, 0x7A43, 0xB3C7, 0xC3C7, 0xA2C3, 0xD468, 0xCC07, 0xCC07, 0xC3E7, 0xC3C7, 0xBBC7,
    0x71E2, 0xBBE6, 0xC3C6, 0xAB25, 0xBBC6, 0xBBC7, 0xBBC7, 0xB3A6, 0x79E2, 0xD448, 0xC3E7, 0xC3E7,
    0xC3E7, 0xC3C7, 0xC3E7, 0xC3C7, 0xBBC7, 0xBBA6, 0xBBC7, 0xC3C7, 0xBBC7, 0xBBA6, 0xAB45, 0xA2E4,
    0x8263, 0x69E3, 0xE611, 0xABEA, 0xE5F0, 0x6A23, 0xFFB7, 0xF673, 0xE5F1, 0xC429, 0x9123, 0xA984,
    0xD287, 0xDAC7, 0xD286, 0xA984, 0x9943, 0x9963, 0xB9E5, 0xCAA7, 0xC2A6, 0xB204, 0xC307, 0xC347,
    0xA9A4, 0xDB27, 0xDB07, 0xBAA6, 0x70E2, 0x8102, 0xB1C4, 0xD2C6, 0xDB87, 0xB1C5, 0xD286, 0xD2C7,
    0xCA66, 0xC205, 0x8102, 0x9A45, 0xDD8F, 0xD50D, 0xF693, 0xEE11, 0xCCCC, 0xF6F5, 0xFED5, 0xEE32,
    0xF6B4, 0xF6D4, 0xF693, 0xF651, 0xF6D4, 0xF6B3, 0xF6D3, 0xDD4D, 0xF6F4, 0xFF15, 0xDD6E, 0xE5AF,
    0xE56E, 0x9963, 0x78E2, 0xB1E5, 0xCA86, 0xCAA6, 0xD2C6, 0xB9C4, 0xCA26, 0xB9E5, 0x9123, 0x8103,
    0xEB67, 0xDB26, 0xDB66, 0xDBA8, 0xC1E5, 0x78E2, 0xCA66, 0xD2C6, 0xBA25, 0xA184, 0xB1E4, 0xA9A4,
    0x9943, 0xCA46, 0xA9C4, 0xA964, 0xAB88, 0xCD0E, 0xE631, 0xF6B4, 0xE5F0, 0xF6F4, 0x30A0, 0x7A43,
    0x8264, 0x9B05, 0xBBE7, 0xBBE7, 0xBBE7, 0xC3E7, 0xC3E7, 0xC3E7, 0xC3C7, 0xC3E7, 0xC3E7, 0xC3E7,
    0xC407, 0xD468, 0xAB25, 0x9264, 0x9284, 0x8223, 0x8A43, 0x8A63, 0x8A43, 0x7A03, 0x69C2, 0x92A4,
    0x8A43, 0x8223, 0x9284, 0x8A64, 0x8223, 0x8A43, 0x9284, 0x9284, 0x8A84, 0x4101, 0x0000, 0x2122,
    0x0000, 0x0000, 0x0000, 0x0000, 0x0000, 0x0000, 0x0000, 0x0000, 0x0000, 0x0000, 0x0000, 0x0000,
    0x0000, 0x0000, 0x0000, 0x0000, 0x0000, 0x0000, 0x0000, 0x0000, 0x0000, 0x0000, 0x0000, 0x0000,
    0x0000, 0x0000, 0x0000, 0x0000, 0x0000, 0x0000, 0x0000, 0x0000, 0x0000, 0x0000, 0x0000, 0x0000,
    0x0000, 0x0000, 0x0000, 0x0000, 0x0000, 0x0000, 0x0000, 0x0000, 0x0000, 0x0000, 0x0000, 0x0000,
    0x0000, 0x0000, 0x0000, 0x0000, 0x0000, 0x0000, 0x0000, 0x1061, 0x0000, 0x5921, 0x8A43, 0x8A63,
    0x8243, 0x9264, 0x8A63, 0x8A64, 0x8243, 0x8223, 0x9264, 0xA2C4, 0x69A2, 0x9284, 0x8223, 0x8A63,
    0x8243, 0x7A23, 0xCBE6, 0xC407, 0xC407, 0xBBC7, 0xBBC6, 0xB386, 0xCC47, 0xBBA7, 0x8AA4, 0xC3E6,
    0xA2E4, 0xC3E7, 0xC3E7, 0xC3E7, 0xC3C7, 0xCC28, 0xBBA6, 0xBBC7, 0xBBA7, 0xC3C7, 0x8202, 0xB385,
    0xC3E7, 0xC3C7, 0xC3C7, 0xC3C7, 0xC3C7, 0xC3C7, 0xB386, 0xC3C7, 0xC3C7, 0xC3E7, 0xC3C6, 0xC3C6,
    0xBBC6, 0x8AA4, 0x8307, 0xBC4A, 0xEE31, 0xEE31, 0xDDD0, 0xD590, 0xE5EF, 0xB409, 0x8284, 0x9B68,
    0x8102, 0xA184, 0x9143, 0xD267, 0xD287, 0xDAC8, 0xDAA7, 0x9122, 0xCA25, 0xA184, 0xC245, 0xDB27,
    0xD306, 0xD325, 0xC2A5, 0x8963, 0xC284, 0xCB27, 0xCAE6, 0xCAA6, 0xD306, 0x9122, 0xA1A4, 0xB1C4,
    0xD286, 0xB9E5, 0xA9A5, 0xD245, 0xD286, 0xC225, 0x8902, 0xCA45, 0xD266, 0xA984, 0xBA05, 0xB245,
    0xAA05, 0xD46A, 0x8A45, 0x99E5, 0xA1C5, 0x8163, 0x91A3, 0xD287, 0xD226, 0x9163, 0xBA05, 0xCA66,
    0xD286, 0xD287, 0xCA66, 0x9944, 0xCAC6, 0xC205, 0xA183, 0x8903, 0xD286, 0xD2A7, 0xD286, 0xC245,
    0xA9C4, 0x9123, 0xC224, 0xDB27, 0xC225, 0x9923, 0xA9A4, 0xB1E5, 0xCA66, 0xD2C7, 0xF40A, 0xDAE7,
    0xB1C4, 0x9923, 0x61A4, 0xF672, 0xF6B3, 0xEE52, 0xEE94, 0x82E7, 0xCD0D, 0xF693, 0xD52E, 0xAB45,
    0xC3E7, 0xC3E7, 0xC3E7, 0xC3E7, 0xC3E7, 0xC3E7, 0xC3E7, 0xC3E7, 0xC3E7, 0xC3E7, 0xC3E7, 0xE4C9,
    0x9264, 0x8A43, 0x9284, 0x8223, 0x8A43, 0x8A63, 0x8A43, 0x6182, 0x71E2, 0x9284, 0x8A63, 0x9264,
    0x9264, 0x8203, 0x9284, 0x8A84, 0x92A4, 0x9283, 0x71C2, 0x0000, 0x0000, 0x1081, 0x0000, 0x0000,
    0x0000, 0x0000, 0x0000, 0x0000, 0x0000, 0x0000, 0x0000, 0x0000, 0x0000, 0x0000, 0x0000, 0x0000,
    0x0000, 0x0000, 0x0000, 0x0000, 0x0000, 0x0000, 0x0000, 0x0000, 0x0000, 0x0000, 0x0000, 0x0000,
    0x0000, 0x0000, 0x0000, 0x0000, 0x0000, 0x0000, 0x0000, 0x0000, 0x0000, 0x0000, 0x0000, 0x0000,
    0x0000, 0x0000, 0x0000, 0x0000, 0x0000, 0x0000, 0x0000, 0x0000, 0x0000, 0x0000, 0x0000, 0x0000,
    0x0000, 0x0000, 0x0000, 0x0000, 0x0000, 0x0000, 0x0000, 0x0000, 0x0000, 0x2103, 0x0000, 0x20A1,
    0x8A64, 0x8A63, 0x9264, 0x8243, 0x8A63, 0x9264, 0x8A63, 0x7A02, 0x8203, 0x9284, 0x69A2, 0x7A23,
    0x8223, 0x8223, 0x7A03, 0x7A04, 0xED2A, 0xC3E7, 0xED2A, 0xA325, 0x5982, 0xA2E4, 0xD448, 0xCBE7,
    0xB386, 0xBBC7, 0xC3E7, 0xBBA6, 0xBBC7, 0xBBA7, 0xB366, 0xC3C7, 0xC3C7, 0xC3C7, 0xBBC7, 0xBBC7,
    0xCBE7, 0x6981, 0xB386, 0xC3E7, 0xC3E7, 0xC407, 0xBBC6, 0xC3E7, 0xC3E7, 0xBBA6, 0xC3C6, 0xBBC7,
    0xDC88, 0xC3E7, 0xA325, 0x8283, 0xABE8, 0xCD0E, 0x9B88, 0x59E4, 0xFF97, 0xEE73, 0xFF15, 0xEE52,
    0xC4AC, 0xBC6B, 0x60E1, 0xA164, 0x9943, 0x9163, 0xD266, 0xD287, 0xD246, 0xCA66, 0x9963, 0x9143,
    0xB205, 0xCB26, 0xDBE8, 0xBA64, 0xD2A6, 0xD2A7, 0xA163, 0xA184, 0xD2C6, 0xB9C4, 0xB1E5, 0xD286,
    0xD2A6, 0x9964, 0x8903, 0x8903, 0x9983, 0xA164, 0xA964, 0xD286, 0xCA45, 0xB9C5, 0xC1E5, 0xD266,
    0xBA05, 0x9943, 0xCA46, 0xDAA7, 0xD266, 0xD2C8, 0xCA26, 0xCA46, 0xD287, 0xA9A4, 0x8943, 0x8923,
    0x9964, 0xA184, 0x9123, 0xCAC7, 0xC326, 0xB244, 0xEC6A, 0xCA85, 0xC285, 0xA983, 0xD265, 0xBA25,
    0xD307, 0xDB46, 0xCAC5, 0xA184, 0xA964, 0xDAC7, 0xD286, 0xB1E5, 0xCA26, 0xD246, 0xB9A4, 0x9943,
    0x71A3, 0xF6D5, 0xA3A8, 0xC4AC, 0xEE10, 0xF6B4, 0xFF16, 0xD56F, 0x9327, 0xB42A, 0x8284, 0xB386,
    0xBBA7, 0xCC28, 0xBBC7, 0xC3E7, 0xC3E7, 0xC3E7, 0xC3E7, 0xC3E7, 0xCC27, 0xC3C7, 0x8A64, 0x8A64,
    0x8A64, 0x8A43, 0x9264, 0x9284, 0x8A43, 0x6182, 0x92A4, 0x8A43, 0x9283, 0x8203, 0x8243, 0x8223,
    0x8A84, 0x8223, 0x8A44, 0x9AC5, 0x6182, 0x0000, 0x6AA7, 0x0000, 0x0000, 0x0000, 0x0000, 0x0000,
    0x0000, 0x0000, 0x0000, 0x0000, 0x0000, 0x0000, 0x0000, 0x0000, 0x0000, 0x0000, 0x0000, 0x0000,
    0x0000, 0x0000, 0x0000, 0x0000, 0x0000, 0x0000, 0x0000, 0x0000, 0x0000, 0x0000, 0x0000, 0x0000,
    0x0000, 0x0000, 0x0000, 0x0000, 0x0000, 0x0000, 0x0000, 0x0000, 0x0000, 0x0000, 0x0000, 0x0000,
    0x0000, 0x0000, 0x0000, 0x0000, 0x0000, 0x0000, 0x0000, 0x0000, 0x0000, 0x0000, 0x0000, 0x0000,
    0x0000, 0x0000, 0x0000, 0x0000, 0x0000, 0x0000, 0x0000, 0x0000, 0x0000, 0x0000, 0x0000, 0x0000,
    0x1081, 0x0000, 0x8223, 0x8A43, 0x8A43, 0x8A44, 0x8223, 0x8243, 0x9264, 0x8223, 0x7A03, 0x8243,
    0x8A43, 0x8A63, 0x71C2, 0x8223, 0x71E2, 0xF588, 0x8223, 0x7A03, 0x3901, 0x7A03, 0x7A03, 0x8224,
    0xD447, 0xCC07, 0xC407, 0xC3C7, 0xBBC7, 0xB386, 0xBBC7, 0xC3C7, 0xB366, 0xC3C7, 0xC3C7, 0xBBC7,
    0xBBC7, 0xC3C7, 0xBBA6, 0x9AE4, 0x9283, 0xD468, 0xCC07, 0xC3E7, 0xC3E7, 0xC3E7, 0xCC27, 0xC3E7,
    0xC3E7, 0xC3E7, 0xC3E7, 0xC3E7, 0x9AA4, 0x5162, 0x20A1, 0xD56E, 0xAC09, 0xEE52, 0xBC6B, 0xAC0A,
    0x9367, 0xF6B3, 0xF653, 0xCCED, 0xD52D, 0x7943, 0xA984, 0xCA66, 0xC205, 0xCA05, 0xA984, 0xB1C4,
    0xD266, 0xC265, 0x80A2, 0xA123, 0xD2A6, 0xE388, 0xD346, 0xDB46, 0xA164, 0x9143, 0xCA86, 0xC1E5,
    0xCA46, 0xCA66, 0xDB67, 0xE3A7, 0xE367, 0xDB67, 0xDB27, 0xD327, 0xCA86, 0xDB07, 0xD305, 0xD306,
    0xBA45, 0x8102, 0xC2E6, 0xDC28, 0xDC08, 0xD2C6, 0xDAA7, 0xDAC6, 0xB205, 0xCA45, 0xDAE7, 0xDB07,
    0xD2A6, 0xD286, 0xD265, 0xB1C4, 0xC2E5, 0xAA24, 0xE3A8, 0xC2E6, 0xD367, 0xCAC6, 0xD285, 0xA9C4,
    0x8923, 0x9963, 0xA1A4, 0xB9C5, 0xC1E5, 0xD266, 0xD2A7, 0xCA26, 0x9923, 0x9144, 0x8AE7, 0xF652,
    0xF672, 0xEE72, 0xEE93, 0xE631, 0x1881, 0xBC29, 0xB409, 0xA389, 0x8AA4, 0xBBA7, 0xA345, 0x9B04,
    0xC3E6, 0x9B06, 0xBBA6, 0x6A65, 0xC3E7, 0xC3E7, 0xD427, 0x9AA4, 0x9284, 0x9264, 0x8A63, 0x9284,
    0x9284, 0x9263, 0x69A2, 0x71E3, 0x9AC4, 0x8A63, 0x8A64, 0x8203, 0x8A64, 0x8243, 0x7A23, 0x9264,
    0x8A43, 0x79E2, 0x1840, 0x0000, 0x3983, 0x0000, 0x0000, 0x0000, 0x0000, 0x0000, 0x0000, 0x0000,
    0x0000, 0x0000, 0x0000, 0x0000, 0x0000, 0x0000, 0x0000, 0x0000, 0x0000, 0x0000, 0x0000, 0x0000,
    0x0000, 0x0000, 0x0000, 0x0000, 0x0000, 0x0000, 0x0000, 0x0000, 0x0000, 0x0000, 0x0000, 0x0000,
    0x0000, 0x0000, 0x0000, 0x0000, 0x0000, 0x0000, 0x0000, 0x0000, 0x0000, 0x0000, 0x0000, 0x0000,
    0x0000, 0x0000, 0x0000, 0x0000, 0x0000, 0x0000, 0x0000, 0x0000, 0x0000, 0x0000, 0x0000, 0x0000,
    0x0000, 0x0000, 0x0000, 0x0000, 0x0000, 0x0000, 0x0000, 0x0000, 0x0000, 0x0000, 0x0000, 0x0000,
    0x0000, 0x0000, 0x20E2, 0x0020, 0x6982, 0x8A84, 0x8A64, 0x8A64, 0x8223, 0x8223, 0x8A63, 0x7A03,
    0x7A03, 0x8243, 0x8243, 0x8243, 0x71C2, 0xCC06, 0x7A23, 0x69A2, 0x4921, 0x71C2, 0x7A03, 0x71E3,
    0x69C3, 0x7A04, 0x69C2, 0xFDEC, 0xCC27, 0xBBC7, 0xC3E7, 0xC3E7, 0xB386, 0xC3E7, 0xC3E7, 0xBBC7,
    0xC3E7, 0xC3E7, 0xC3E7, 0xC3C6, 0xBBA6, 0xDC88, 0x9AE4, 0xBBA6, 0xBBC6, 0xBBC7, 0xC3E7, 0xC3E7,
    0xC3E7, 0xC3C7, 0xC3C7, 0xC3E7, 0xC3C7, 0xBBC7, 0x9AC5, 0x1860, 0x59C3, 0xCD2E, 0x0000, 0xFF56,
    0xF6F5, 0xEE93, 0xF716, 0xAC0A, 0x6A24, 0xC52E, 0xEE32, 0x82E7, 0x4080, 0x9143, 0x9963, 0xD266,
    0xDAA6, 0xB1E4, 0xE329, 0xC205, 0xC225, 0xEB48, 0x9963, 0x9123, 0x9943, 0xBA24, 0xD306, 0xCA65,
    0xCB06, 0xEBE7, 0xDBC7, 0xE368, 0xD306, 0xB9E4, 0xA9C4, 0xC265, 0xE326, 0xB1A4, 0x8122, 0x99A4,
    0xC225, 0xC225, 0xBA85, 0xB265, 0xDBA7, 0xBA45, 0x9143, 0xA9E4, 0x8103, 0x9123, 0x8943, 0xA1A3,
    0xBA65, 0xDB07, 0xCA65, 0xD347, 0xDBA8, 0xCAA6, 0xA164, 0xA1E4, 0x8902, 0x70E2, 0xBA05, 0x9943,
    0xCA46, 0xD246, 0xD2A6, 0xD266, 0xA184, 0xA943, 0x9943, 0x9B69, 0xFEF4, 0xD56F, 0x8B69, 0xA3C9,
    0xD52E, 0xF6B4, 0xE611, 0xEE73, 0xD54D, 0x61C2, 0x71E3, 0xA2E4, 0xBBC7, 0xBBC7, 0xBBC6, 0xC427,
    0xC3E7, 0x69E3, 0x92E5, 0xDC88, 0xF5AB, 0x9263, 0x8A43, 0x9283, 0x9284, 0x9284, 0x8A64, 0x9284,
    0x61A2, 0x92A4, 0x9284, 0x8A63, 0x8223, 0x8A64, 0x9284, 0x9284, 0x8243, 0x8A64, 0x92A4, 0x7A02,
    0x0000, 0x18C2, 0x0020, 0x0000, 0x0000, 0x0000, 0x0000, 0x0000, 0x0000, 0x0000, 0x0000, 0x0000,
    0x0000, 0x0000, 0x0000, 0x0000, 0x0000, 0x0000, 0x0000, 0x0000, 0x0000, 0x0000, 0x0000, 0x0000,
    0x0000, 0x0000, 0x0000, 0x0000, 0x0000, 0x0000, 0x0000, 0x0000, 0x0000, 0x0000, 0x0000, 0x0000,
    0x0000, 0x0000, 0x0000, 0x0000, 0x0000, 0x0000, 0x0000, 0x0000, 0x0000, 0x0000, 0x0000, 0x0000,
    0x0000, 0x0000, 0x0000, 0x0000, 0x0000, 0x0000, 0x0000, 0x0000, 0x0000, 0x0000, 0x0000, 0x0000,
    0x0000, 0x0000, 0x0000, 0x0000, 0x0000, 0x0000, 0x0000, 0x0000, 0x0000, 0x0000, 0x0000, 0x0000,
    0x0000, 0x0000, 0x0000, 0x0000, 0x41E5, 0x0020, 0x6141, 0x8A64, 0x8A64, 0x8A64, 0x8223, 0x8223,
    0x8A64, 0x8243, 0x8223, 0x8243, 0x71E2, 0xC3E6, 0x71C2, 0x0820, 0x7A23, 0x1840, 0x8A43, 0x8223,
    0x7A03, 0x8223, 0x7A03, 0x8223, 0xA2E5, 0xE4E9, 0xC3E7, 0xC3E7, 0xC3E7, 0xC3E7, 0xC3E7, 0xC3E7,
    0xBBC7, 0xC3E7, 0xC3C7, 0xC3E7, 0xC3C7, 0xB386, 0xC3E7, 0xC3C7, 0xA305, 0x92A3, 0xCC27, 0xC3E7,
    0xC3E7, 0xBBC7, 0xC3E7, 0xC3E7, 0xC3C7, 0xC3C7, 0xC3E7, 0xA325, 0x92C4, 0x7224, 0x0800, 0xC4AC,
    0xDD4E, 0xD54D, 0xABA8, 0x0000, 0xFF35, 0xD54F, 0xF6B4, 0xF693, 0xEE32, 0x59A3, 0xABEA, 0x7102,
    0xA984, 0xA964, 0xC1C5, 0xB1A4, 0xCA25, 0xD286, 0xCA26, 0xC205, 0xD246, 0xD246, 0xC205, 0x9123,
    0xA1C4, 0xBA24, 0xBA45, 0xBA05, 0xA1E4, 0xCB26, 0xC264, 0xDB26, 0xBA65, 0xE347, 0xE368, 0xE3A8,
    0xDB87, 0xDBC7, 0xDBA7, 0xE3C8, 0xCB06, 0xCA46, 0xD225, 0xD346, 0xD326, 0xCAC5, 0xC245, 0xDAE7,
    0xD2C7, 0x9902, 0xA984, 0xB9E4, 0xB1E4, 0x8943, 0xB1C4, 0xD266, 0xDAC7, 0xD266, 0xDA86, 0xC9E5,
    0xDAA7, 0xA163, 0xA9A5, 0x9923, 0x1000, 0x8A85, 0xBC8B, 0xF694, 0xEE72, 0xDDD0, 0xF694, 0xF6B4,
    0x0000, 0xBC8A, 0x9B67, 0xCD0D, 0xAC09, 0x9AE4, 0xB386, 0xBBC7, 0xBBC7, 0xC3C7, 0xC3C6, 0xC3E7,
    0xC3E7, 0xCC07, 0xCC69, 0x4921, 0x9AA4, 0x9284, 0x8223, 0x9284, 0x9284, 0x9263, 0x61C2, 0x8A84,
    0x9263, 0x8A64, 0x8A43, 0x8A64, 0x9284, 0x8203, 0x9284, 0x8A84, 0x92A4, 0x79C2, 0x0000, 0x20C1,
    0x0000, 0x0000, 0x0000, 0x0000, 0x0000, 0x0000, 0x0000, 0x0000, 0x0000, 0x0000, 0x0000, 0x0000,
    0x0000, 0x0000, 0x0000, 0x0000, 0x0000, 0x0000, 0x0000, 0x0000, 0x0000, 0x0000, 0x0000, 0x0000,
    0x0000, 0x0000, 0x0000, 0x0000, 0x0000, 0x0000, 0x0000, 0x0000, 0x0000, 0x0000, 0x0000, 0x0000,
    0x0000, 0x0000, 0x0000, 0x0000, 0x0000, 0x0000, 0x0000, 0x0000, 0x0000, 0x0000, 0x0000, 0x0000,
    0x0000, 0x0000, 0x0000, 0x0000, 0x0000, 0x0000, 0x0000, 0x0000, 0x0000, 0x0000, 0x0000, 0x0000,
    0x0000, 0x0000, 0x0000, 0x0000, 0x0000, 0x0000, 0x0000, 0x0000, 0x0000, 0x0000, 0x0000, 0x0000,
    0x0000, 0x0000, 0x0000, 0x0000, 0x0000, 0x0000, 0x18E3, 0x0000, 0x30C1, 0x79E2, 0x8A64, 0x8A64,
    0x8223, 0x8223, 0x7A03, 0x7A23, 0x5141, 0x28C1, 0xC3C6, 0xB346, 0xB386, 0xAB25, 0xA305, 0x1861,
    0x79E2, 0x8203, 0x79E3, 0x8243, 0x8223, 0x8243, 0x8223, 0xED09, 0xC3C7, 0xC3E7, 0xBB86, 0xCC07,
    0xBBA6, 0xC3E7, 0xD448, 0xC3C7, 0xC3C7, 0xBBC7, 0xBBC7, 0xBBA6, 0xBBC7, 0xC3E7, 0xD428, 0x8222,
    0xCBC6, 0xC3E7, 0xC3E7, 0xC3E7, 0xC3E7, 0xC3E7, 0xC3E7, 0xC3E7, 0xBBE7, 0xC3E7, 0xA304, 0x7203,
    0xA3C9, 0xD4EC, 0x2060, 0xF6D3, 0xF632, 0xE5D1, 0xEE93, 0xE612, 0xAC2B, 0xE5D0, 0xE5D0, 0x82C6,
    0xD52E, 0xEE10, 0x5122, 0x68E2, 0xA163, 0x9944, 0xA984, 0xA144, 0xB9A4, 0xD287, 0xA984, 0xCA46,
    0xD287, 0xD287, 0xD266, 0xC246, 0xDA86, 0xDA66, 0x8922, 0x88E2, 0xA163, 0x9143, 0x88E2, 0xA123,
    0xB205, 0x9143, 0x8943, 0x9943, 0xA163, 0xA984, 0x9922, 0x8902, 0x88E2, 0xA164, 0xA184, 0x9144,
    0xD266, 0xDAA7, 0xBA66, 0xCA65, 0xD286, 0xCA25, 0xDAC7, 0xB984, 0xCA26, 0xB184, 0xA943, 0xA964,
    0x9143, 0x4820, 0xCCED, 0xE5F0, 0xF6B3, 0xEE52, 0x51A3, 0xBC6B, 0xCD0D, 0xCD4F, 0xE612, 0xF673,
    0xC4AC, 0x28A0, 0x30C1, 0x51A2, 0xB366, 0xC3E7, 0xBBA6, 0xC3E7, 0xC3E7, 0xC3E7, 0xC3E7, 0xD447,
    0x9A63, 0x8A64, 0x8A64, 0x30C1, 0x9AA4, 0x8223, 0x8223, 0x8243, 0x5982, 0x9AC4, 0x9284, 0x8243,
    0x9284, 0x9284, 0x7A23, 0x8223, 0x8A64, 0x8A64, 0x8A23, 0x3101, 0x0000, 0x5AA6, 0x0000, 0x0000,
    0x0000, 0x0000, 0x0000, 0x0000, 0x0000, 0x0000, 0x0000, 0x0000, 0x0000, 0x0000, 0x0000, 0x0000,
    0x0000, 0x0000, 0x0000, 0x0000, 0x0000, 0x0000, 0x0000, 0x0000, 0x0000, 0x0000, 0x0000, 0x0000,
    0x0000, 0x0000, 0x0000, 0x0000, 0x0000, 0x0000, 0x0000, 0x0000, 0x0000, 0x0000, 0x0000, 0x0000,
    0x0000, 0x0000, 0x0000, 0x0000, 0x0000, 0x0000, 0x0000, 0x0000, 0x0000, 0x0000, 0x0000, 0x0000,
    0x0000, 0x0000, 0x0000, 0x0000, 0x0000, 0x0000, 0x0000, 0x0000, 0x0000, 0x0000, 0x0000, 0x0000,
    0x0000, 0x0000, 0x0000, 0x0000, 0x0000, 0x0000, 0x0000, 0x0000, 0x0000, 0x0000, 0x0000, 0x0000,
    0x0000, 0x0000, 0x0000, 0x0000, 0x0000, 0x0000, 0x0000, 0x0000, 0x0000, 0x1081, 0x0840, 0x6982,
    0x7A03, 0x8243, 0x0800, 0xDCA8, 0xC3A6, 0xBB86, 0x59C3, 0x3942, 0xBBA6, 0xBB86, 0xC3E7, 0xC3C7,
    0x9AC4, 0x8AA4, 0x59A2, 0x7A03, 0x71C2, 0x8244, 0x79E3, 0x7A03, 0x79E3, 0xB3A6, 0xD428, 0xC407,
    0xCC07, 0xBBA6, 0xB386, 0xBBA6, 0xBBC6, 0xC3E7, 0xC3E7, 0xC3E7, 0xBB86, 0xC3E7, 0xC3E7, 0xC3C7,
    0xBB86, 0xD448, 0x7A01, 0xDC88, 0xC3E7, 0xC407, 0xBBC7, 0xA325, 0xC3E7, 0xC3E7, 0xB3C6, 0x5941,
    0xBB85, 0x8A83, 0x8284, 0xBC4A, 0xCCCC, 0xC4CD, 0xBCAC, 0x6A65, 0xD58F, 0xC4ED, 0xFEF4, 0xEE32,
    0xFED5, 0xE5D0, 0xD52D, 0x9327, 0x30E1, 0xEE31, 0xE5D0, 0xFE93, 0x48A0, 0x9163, 0x9942, 0xB163,
    0xC205, 0xCA46, 0xA9C4, 0xB9E5, 0xD267, 0xDAA7, 0xD266, 0xCA26, 0xCA46, 0xDAA7, 0xD286, 0xD246,
    0xDA87, 0xD286, 0xB1C4, 0xDA86, 0xCA05, 0xCA25, 0xCA25, 0xD286, 0xDAA7, 0xDAC7, 0xD266, 0xA164,
    0xC205, 0xB1E5, 0xDB87, 0x9123, 0xA9C5, 0xA984, 0xA143, 0x70E2, 0x4081, 0x9B89, 0xC4CC, 0xFED4,
    0xFF15, 0x20C1, 0xABE9, 0xF6F5, 0xFF16, 0xEE73, 0xFF36, 0x2080, 0x4122, 0xB44A, 0xD54E, 0xC4AB,
    0x0000, 0x9B04, 0xB3A7, 0xC3C6, 0xC3C7, 0xBBC7, 0xC3E7, 0xC3E7, 0xC407, 0xE4C7, 0x79E3, 0x8A43,
    0x9263, 0x8223, 0x8223, 0x30C1, 0x92A4, 0x5141, 0x6182, 0x9284, 0x8A64, 0x9283, 0x9284, 0x9284,
    0x8223, 0x9284, 0x9284, 0x9284, 0x7A23, 0x0000, 0x1881, 0x1881, 0x0000, 0x0000, 0x0000, 0x0000,
    0x0000, 0x0000, 0x0000, 0x0000, 0x0000, 0x0000, 0x0000, 0x0000, 0x0000, 0x0000, 0x0000, 0x0000,
    0x0000, 0x0000, 0x0000, 0x0000, 0x0000, 0x0000, 0x0000, 0x0000, 0x0000, 0x0000, 0x0000, 0x0000,
    0x0000, 0x0000, 0x0000, 0x0000, 0x0000, 0x0000, 0x0000, 0x0000, 0x0000, 0x0000, 0x0000, 0x0000,
    0x0000, 0x0000, 0x0000, 0x0000, 0x0000, 0x0000, 0x0000, 0x0000, 0x0000, 0x0000, 0x0000, 0x0000,
    0x0000, 0x0000, 0x0000, 0x0000, 0x0000, 0x0000, 0x0000, 0x0000, 0x0000, 0x0000, 0x0000, 0x0000,
    0x0000, 0x0000, 0x0000, 0x0000, 0x0000, 0x0000, 0x0000, 0x0000, 0x0000, 0x0000, 0x0000, 0x0000,
    0x0000, 0x0000, 0x0000, 0x0000, 0x0000, 0x0000, 0x0000, 0x0000, 0x0000, 0x0000, 0x0000, 0x5245,
    0x0020, 0x8A43, 0xAB05, 0xAB25, 0xF56A, 0xC3E6, 0xC3C6, 0xBBC6, 0xBBA6, 0xC3C7, 0xBBC7, 0xC3C7,
    0xBBC7, 0xC3C7, 0xB366, 0xA305, 0x38E1, 0x8A43, 0x8223, 0x69C2, 0x79E3, 0x8243, 0x8243, 0x92A4,
    0xED2A, 0xC3C7, 0xBBC7, 0xC3E7, 0xC3E7, 0xC3E7, 0xC3E7, 0xC3E7, 0xC3E7, 0xC3E7, 0xC3E7, 0xC3E7,
    0xC3E7, 0xBBA6, 0xBBA7, 0xC3C6, 0x8202, 0x9A83, 0xC3C6, 0xC3A6, 0x8242, 0x9AC4, 0xBB86, 0xBB86,
    0xBBC6, 0xBBC7, 0xB3A7, 0x8A63, 0x8263, 0x1840, 0x4142, 0x7A23, 0xCD4D, 0xEE32, 0xF6B4, 0xC50D,
    0xE632, 0xCCEC, 0xB409, 0x28E1, 0xE5F0, 0xF694, 0xF6B4, 0xDDAF, 0xEE52, 0x82A6, 0xBC8C, 0xEE10,
    0xD54E, 0xE590, 0xF653, 0x40A0, 0x7943, 0x9122, 0x70A1, 0x78A1, 0x80E1, 0x9102, 0x9923, 0x88E2,
    0x9102, 0xB1A4, 0xB984, 0xA963, 0xA143, 0x9943, 0x9143, 0x88E2, 0x88E2, 0xA143, 0x9902, 0x9103,
    0x60A1, 0x5880, 0xD50D, 0x5183, 0x8AE6, 0xD54F, 0xF693, 0xF693, 0x7266, 0xB44A, 0xEE94, 0xF6B3,
    0xFED3, 0xF693, 0x8329, 0xB429, 0xDDD1, 0xF6B5, 0xD52D, 0xCCEC, 0x7224, 0x61E3, 0x1861, 0xA304,
    0xC408, 0xC428, 0xC3E7, 0xBBA6, 0xB386, 0xC407, 0xD447, 0xC406, 0x92A4, 0x9263, 0x8A63, 0x8A63,
    0x9263, 0x8A63, 0x8A64, 0x2880, 0xA305, 0x9284, 0x8A84, 0x8A83, 0x9284, 0x7A23, 0x9284, 0x9284,
    0x9284, 0x9284, 0x30A1, 0x0000, 0x3943, 0x0000, 0x0000, 0x0000, 0x0000, 0x0000, 0x0000, 0x0000,
    0x0000, 0x0000, 0x0000, 0x0000, 0x0000, 0x0000, 0x0000, 0x0000, 0x0000, 0x0000, 0x0000, 0x0000,
    0x0000, 0x0000, 0x0000, 0x0000, 0x0000, 0x0000, 0x0000, 0x0000, 0x0000, 0x0000, 0x0000, 0x0000,
    0x0000, 0x0000, 0x0000, 0x0000, 0x0000, 0x0000, 0x0000, 0x0000, 0x0000, 0x0000, 0x0000, 0x0000,
    0x0000, 0x0000, 0x0000, 0x0000, 0x0000, 0x0000, 0x0000, 0x0000, 0x0000, 0x0000, 0x0000, 0x0000,
    0x0000, 0x0000, 0x0000, 0x0000, 0x0000, 0x0000, 0x0000, 0x0000, 0x0000, 0x0000, 0x0000, 0x0000,
    0x0000, 0x0000, 0x0000, 0x0000, 0x0000, 0x0000, 0x0000, 0x0000, 0x0000, 0x0000, 0x0000, 0x0000,
    0x0000, 0x0000, 0x0000, 0x0000, 0x0000, 0x0000, 0x0000, 0x0000, 0x0000, 0x0000, 0x0000, 0x0000,
    0x0000, 0x8A23, 0x9AA4, 0x8223, 0x8223, 0x81E1, 0xE4C9, 0xC3C6, 0xBBC7, 0xBBC7, 0xC3E7, 0xCC07,
    0xBBA6, 0xC3C6, 0xC3C7, 0xBBA6, 0xAB25, 0xA305, 0x2040, 0x8223, 0x8244, 0x8223, 0x8223, 0x8223,
    0x8264, 0x9284, 0xDCA8, 0xC3E7, 0xC3E7, 0xB386, 0xC3E7, 0xC3E7, 0xC407, 0xC3E7, 0xC3E7, 0xBBC7,
    0xBBC6, 0xBBC7, 0xBBC7, 0xBBC7, 0xB386, 0xBBA6, 0x69A2, 0xC3E7, 0xC3C6, 0xBB65, 0xAB45, 0xBBC6,
    0xBBA6, 0xAB65, 0x9B05, 0xB386, 0xBBC7, 0xC408, 0xBBA6, 0xAB25, 0x92E4, 0xD52D, 0xCCEC, 0x9B89,
    0xBCAC, 0x7AA5, 0x4101, 0xEE53, 0xEE74, 0xE611, 0xEE53, 0xF694, 0x9BC9, 0xD54E, 0xF6D4, 0xE5F0,
    0xEE31, 0xEDF0, 0xFED5, 0xE5F0, 0xC48B, 0x30C1, 0xEE10, 0xF693, 0xD52D, 0xBC6B, 0xC4CD, 0x4922,
    0xD54F, 0xEE94, 0xDDD0, 0xEE52, 0x3060, 0x40A0, 0x61C4, 0xDD6E, 0xDD4E, 0xF6B4, 0x9B48, 0x82A6,
    0xEE11, 0xFED5, 0xFED5, 0xEE53, 0xA40A, 0xEE31, 0xDDAF, 0xF6B4, 0xF6B4, 0x8B89, 0xAC0A, 0xF6D4,
    0xDDCF, 0xFF16, 0xEE72, 0x30C0, 0xABE9, 0xBC4A, 0xC4AB, 0x30C1, 0xC407, 0xB366, 0xAB25, 0x4121,
    0xAB66, 0xBBC7, 0xC3E7, 0xC3E7, 0xDCC9, 0xCC47, 0x8A64, 0x8A64, 0x8A63, 0x8A43, 0x9263, 0x9263,
    0x8A43, 0x61A2, 0xA305, 0x8A83, 0x9284, 0x8A64, 0x9284, 0x8A64, 0x8A84, 0x8A84, 0x9284, 0x8A84,
    0x4982, 0x0000, 0x5267, 0x0000, 0x0000, 0x0000, 0x0000, 0x0000, 0x0000, 0x0000, 0x0000, 0x0000,
    0x0000, 0x0000, 0x0000, 0x0000, 0x0000, 0x0000, 0x0000, 0x0000, 0x0000, 0x0000, 0x0000, 0x0000,
    0x0000, 0x0000, 0x0000, 0x0000, 0x0000, 0x0000, 0x0000, 0x0000, 0x0000, 0x0000, 0x0000, 0x0000,
    0x0000, 0x0000, 0x0000, 0x0000, 0x0000, 0x0000, 0x0000, 0x0000, 0x0000, 0x0000, 0x0000, 0x0000,
    0x0000, 0x0000, 0x0000, 0x0000, 0x0000, 0x0000, 0x0000, 0x0000, 0x0000, 0x0000, 0x0000, 0x0000,
    0x0000, 0x0000, 0x0000, 0x0000, 0x0000, 0x0000, 0x0000, 0x0000, 0x0000, 0x0000, 0x0000, 0x0000,
    0x0000, 0x0000, 0x0000, 0x0000, 0x0000, 0x0000, 0x0000, 0x0000, 0x0000, 0x0000, 0x0000, 0x0000,
    0x0000, 0x0000, 0x0000, 0x0000, 0x0000, 0x0000, 0x0000, 0x0000, 0x0000, 0x0000, 0x0000, 0x0000,
    0x0000, 0x8203, 0x9283, 0x8A43, 0x8244, 0x8223, 0x8223, 0x8A64, 0xDC68, 0xC407, 0xC3C7, 0xC3C7,
    0xC3C7, 0xC3E7, 0xC3E7, 0xBBC6, 0xC3E7, 0xC3C7, 0xBBC7, 0x9AC4, 0x5982, 0x7A03, 0x8223, 0x8243,
    0x8223, 0x8243, 0x8223, 0x7A03, 0xDC47, 0xD427, 0xC407, 0xC3E7, 0xC3E7, 0xC3E6, 0x6181, 0xAB45,
    0xAB66, 0xBBC7, 0xBBC7, 0xD468, 0xBBE6, 0xBBA6, 0xBBA6, 0xC3C7, 0xCC28, 0x59A2, 0xAB45, 0xBBA7,
    0xBBC7, 0xAB66, 0xC3C7, 0xBBC7, 0xAB46, 0xC3E7, 0xC3E7, 0xBBA6, 0xBBC7, 0x8A63, 0x7244, 0x8284,
    0x5982, 0x92A4, 0x8AA4, 0x9306, 0xB44B, 0xF6B5, 0xC4CD, 0xA3A9, 0x6A24, 0xF673, 0xFEF4, 0xF6D4,
    0xF6B4, 0xB42A, 0xEE52, 0xC4CC, 0xDD2E, 0xFF16, 0xE5D0, 0xF6B4, 0x17E1, 0xEE51, 0xF693, 0xE5F2,
    0xBC8B, 0xF6B6, 0xF6F5, 0xF693, 0xF6D5, 0x9368, 0xDD8F, 0xC4CD, 0xFF16, 0xE5F1, 0xEE72, 0xFED4,
    0x51A3, 0xBC8C, 0xFF35, 0xF6D4, 0xF693, 0xEE94, 0x8B07, 0xF6D4, 0xEE53, 0xCD6F, 0xDD8F, 0x51A2,
    0xABC9, 0xD54E, 0xCCCC, 0xB3EA, 0x8A83, 0x8264, 0x8AA4, 0x9AE4, 0x9AC4, 0x6182, 0x69C2, 0xB344,
    0xC3C6, 0xBBC7, 0xB386, 0xED29, 0x9284, 0x8A63, 0x8A63, 0x8223, 0x8223, 0x8A64, 0x8A64, 0x7A03,
    0x71A2, 0x9263, 0x8A84, 0x8A63, 0x8A63, 0x8A63, 0x9284, 0x9284, 0x9284, 0x8A64, 0x8A84, 0x1040,
    0x0020, 0x2102, 0x0000, 0x0000, 0x0000, 0x0000, 0x0000, 0x0000, 0x0000, 0x0000, 0x0000, 0x0000,
    0x0000, 0x0000, 0x0000, 0x0000, 0x0000, 0x0000, 0x0000, 0x0000, 0x0000, 0x0000, 0x0000, 0x0000,
    0x0000, 0x0000, 0x0000, 0x0000, 0x0000, 0x0000, 0x0000, 0x0000, 0x0000, 0x0000, 0x0000, 0x0000,
    0x0000, 0x0000, 0x0000, 0x0000, 0x0000, 0x0000, 0x0000, 0x0000, 0x0000, 0x0000, 0x0000, 0x0000,
    0x0000, 0x0000, 0x0000, 0x0000, 0x0000, 0x0000, 0x0000, 0x0000, 0x0000, 0x0000, 0x0000, 0x0000,
    0x0000, 0x0000, 0x0000, 0x0000, 0x0000, 0x0000, 0x0000, 0x0000, 0x0000, 0x0000, 0x0000, 0x0000,
    0x0000, 0x0000, 0x0000, 0x0000, 0x0000, 0x0000, 0x0000, 0x0000, 0x0000, 0x0000, 0x0000, 0x0000,
    0x0000, 0x0000, 0x0000, 0x0000, 0x0000, 0x0000, 0x0000, 0x0000, 0x0000, 0x0000, 0x0000, 0x0000,
    0x0000, 0x0000, 0x81E2, 0x8A43, 0x8A43, 0x0800, 0x8A43, 0x79E2, 0x8243, 0x8223, 0x8223, 0xAB25,
    0xF56A, 0xBBA6, 0xC407, 0xBBC7, 0xB366, 0xBBA6, 0xC3C6, 0xC3E7, 0xB366, 0xC3E7, 0x9B05, 0x8243,
    0x71A2, 0x8223, 0x7A03, 0x71E2, 0x7A03, 0x8223, 0x8A43, 0xAB66, 0xC3C6, 0x9B05, 0xC3E7, 0xC407,
    0xC3E7, 0xBBA6, 0x3081, 0x69C2, 0x69C2, 0x8223, 0x8A44, 0xD489, 0xD468, 0xBBC7, 0xBBA7, 0xBBA6,
    0xC3C7, 0xBBC6, 0xC3E7, 0xC3E7, 0xC3C7, 0xC3E7, 0xC3E7, 0xBBC7, 0xA305, 0x9AE5, 0xBBC7, 0xCC49,
    0xB385, 0xA305, 0x5962, 0x92A4, 0x5121, 0x1020, 0xA3C9, 0x0800, 0x8263, 0x92A4, 0xBC8C, 0xC4AB,
    0x6A04, 0xE5F1, 0xCD0D, 0xABE9, 0x30A0, 0x1000, 0xFF77, 0xFF38, 0xCCEC, 0xD52D, 0xEE11, 0xAC2B,
    0x3123, 0xF6F5, 0xFEF5, 0xF693, 0xEE52, 0xB46C, 0xE5CF, 0x2081, 0xEE32, 0xB409, 0xFF16, 0xF694,
    0x1000, 0x30E1, 0xEE11, 0xEE11, 0xCCED, 0xF674, 0x59A3, 0xAC09, 0xABA8, 0xBC8B, 0xA3E9, 0x92C4,
    0x9305, 0x0800, 0x30C2, 0x8A83, 0xBBA6, 0xBBC7, 0xC3C7, 0xC3E7, 0x6225, 0xBB86, 0x9284, 0x71E2,
    0x6161, 0xE4E8, 0x8A23, 0x9264, 0x9264, 0x8A63, 0x8A64, 0x8A64, 0x9264, 0x6182, 0x9284, 0x8A63,
    0x8A63, 0x8A64, 0x9284, 0x9284, 0x8A84, 0x9284, 0x8A63, 0x8243, 0x71E3, 0x0000, 0x41E4, 0x0000,
    0x0000, 0x0000, 0x0000, 0x0000, 0x0000, 0x0000, 0x0000, 0x0000, 0x0000, 0x0000, 0x0000, 0x0000,
    0x0000, 0x0000, 0x0000, 0x0000, 0x0000, 0x0000, 0x0000, 0x0000, 0x0000, 0x0000, 0x0000, 0x0000,
    0x0000, 0x0000, 0x0000, 0x0000, 0x0000, 0x0000, 0x0000, 0x0000, 0x0000, 0x0000, 0x0000, 0x0000,
    0x0000, 0x0000, 0x0000, 0x0000, 0x0000, 0x0000, 0x0000, 0x0000, 0x0000, 0x0000, 0x0000, 0x0000,
    0x0000, 0x0000, 0x0000, 0x0000, 0x0000, 0x0000, 0x0000, 0x0000, 0x0000, 0x0000, 0x0000, 0x0000,
    0x0000, 0x0000, 0x0000, 0x0000, 0x0000, 0x0000, 0x0000, 0x0000, 0x0000, 0x0000, 0x0000, 0x0000,
    0x0000, 0x0000, 0x0000, 0x0000, 0x0000, 0x0000, 0x0000, 0x0000, 0x0000, 0x0000, 0x0000, 0x0000,
    0x0000, 0x0000, 0x0000, 0x0000, 0x0000, 0x0000, 0x0000, 0x0000, 0x0000, 0x0000, 0x0000, 0x0000,
    0x0000, 0x0000, 0x0820, 0x0000, 0x71C2, 0x8A43, 0x8A43, 0x8A43, 0x8243, 0x8243, 0x8A43, 0x8223,
    0x8223, 0x71E3, 0xECE9, 0xC3E7, 0xC3E7, 0xBB86, 0xCC07, 0xBBC6, 0xCC07, 0xC3E7, 0xC3C7, 0xBBA6,
    0xA305, 0x8AA4, 0x2040, 0x8223, 0x8243, 0x8223, 0x7A23, 0xAB25, 0xCC06, 0xBBA6, 0xBBC6, 0xBBC6,
    0xBBC6, 0xCC06, 0x8A84, 0x0000, 0x71E2, 0x8223, 0x8A44, 0x79E3, 0x8223, 0x8243, 0xF509, 0xD468,
    0xC407, 0xC3C7, 0xB366, 0xC3E7, 0xB386, 0xBBC7, 0xBBC7, 0xB386, 0xCC27, 0xC3E7, 0xBBC7, 0xBBA7,
    0xC427, 0x9263, 0x5101, 0xCC28, 0xC3C7, 0xBBA6, 0xAB45, 0x7A02, 0x8A83, 0xBBC6, 0x92C4, 0x0000,
    0x5982, 0x0820, 0x1040, 0x92C4, 0x9B05, 0x92A4, 0xCCCB, 0xCCEC, 0x8B26, 0xB42A, 0xB409, 0x71E3,
    0x3902, 0xBCAB, 0xDDD0, 0xBCAC, 0xA368, 0xB409, 0x7203, 0x4142, 0xBC8B, 0xAC0A, 0xB46B, 0xB46B,
    0x30C0, 0x8AA4, 0x7A85, 0xC4AC, 0x82E6, 0xBC8B, 0x5982, 0x7A02, 0x1840, 0xA305, 0x92C4, 0xBBC6,
    0xBBC7, 0xC3E7, 0xC3E7, 0xBBC7, 0xBBC7, 0xC3C7, 0xC3E7, 0xAB65, 0xBBA6, 0xC3E7, 0xC3C6, 0xDCA8,
    0x8243, 0xD448, 0x8A43, 0x8A63, 0x8A64, 0x8A64, 0x71C2, 0x69A2, 0x9AA4, 0x9264, 0x9283, 0x8A43,
    0x9264, 0x8A63, 0x8A64, 0x9284, 0x8A84, 0x9284, 0x30C1, 0x0000, 0x4206, 0x0000, 0x0000, 0x0000,
    0x0000, 0x0000, 0x0000, 0x0000, 0x0000, 0x0000, 0x0000, 0x0000, 0x0000, 0x0000, 0x0000, 0x0000,
    0x0000, 0x0000, 0x0000, 0x0000, 0x0000, 0x0000, 0x0000, 0x0000, 0x0000, 0x0000, 0x0000, 0x0000,
    0x0000, 0x0000, 0x0000, 0x0000, 0x0000, 0x0000, 0x0000, 0x0000, 0x0000, 0x0000, 0x0000, 0x0000,
    0x0000, 0x0000, 0x0000, 0x0000, 0x0000, 0x0000, 0x0000, 0x0000, 0x0000, 0x0000, 0x0000, 0x0000,
    0x0000, 0x0000, 0x0000, 0x0000, 0x0000, 0x0000, 0x0000, 0x0000, 0x0000, 0x0000, 0x0000, 0x0000,
    0x0000, 0x0000, 0x0000, 0x0000, 0x0000, 0x0000, 0x0000, 0x0000, 0x0000, 0x0000, 0x0000, 0x0000,
    0x0000, 0x0000, 0x0000, 0x0000, 0x0000, 0x0000, 0x0000, 0x0000, 0x0000, 0x0000, 0x0000, 0x0000,
    0x0000, 0x0000, 0x0000, 0x0000, 0x0000, 0x0000, 0x0000, 0x0000, 0x0000, 0x0000, 0x0000, 0x0000,
    0x52A7, 0x0820, 0xBB65, 0xAB25, 0x7A22, 0x5162, 0x5142, 0x8243, 0x8A43, 0x8A43, 0x8A43, 0x7A03,
    0x8223, 0x7A03, 0x7A03, 0x8A64, 0xD427, 0x8224, 0xCC28, 0xC3E7, 0xC3C6, 0xC3E7, 0xCC27, 0xBBC7,
    0xC3C7, 0xBBA6, 0xAB25, 0x92C4, 0x28A0, 0x69A2, 0x7A03, 0x9AA4, 0x8A43, 0x9283, 0xED49, 0xE509,
    0x6982, 0x71C2, 0x8A43, 0x1040, 0x7A02, 0x8223, 0x71C2, 0x8A43, 0x79E2, 0x8243, 0x8A63, 0x8A64,
    0x8A64, 0xB345, 0xD488, 0xBBA6, 0xBBC7, 0xC3E7, 0xBBC6, 0xAB66, 0xC408, 0x6181, 0xF5AA, 0x71C2,
    0xB365, 0x9AC4, 0xC3E7, 0xC3C7, 0xBBA6, 0xBBC6, 0xBBC6, 0xBBC6, 0xC3C7, 0xC407, 0x7203, 0x8243,
    0xBBA6, 0xA2E4, 0xAB46, 0xBBC7, 0xC3E7, 0xBBC7, 0x92A4, 0x8AA4, 0x8243, 0x8AA3, 0x9283, 0xC3C6,
    0x8A84, 0x30A0, 0x51A3, 0x59E3, 0x2040, 0x92E4, 0xA326, 0x9AE5, 0x30A0, 0x8263, 0x30A0, 0x92C4,
    0x92A4, 0xBBC7, 0xBBC6, 0xAB44, 0x8AA4, 0x5162, 0xC3E7, 0xCC28, 0xBBA6, 0xBBC7, 0xBBC7, 0xA305,
    0xC3C7, 0xC3C6, 0xC3E7, 0xC3E7, 0xC3E7, 0xC3E7, 0xC3E7, 0xBBC6, 0xE4C8, 0x9284, 0x8A43, 0x8223,
    0x8A43, 0x9264, 0x9264, 0x8A64, 0x5962, 0x92A4, 0x9264, 0x9284, 0x8A64, 0x8243, 0x9263, 0x8A43,
    0x8A63, 0x8A64, 0x8A84, 0x8A64, 0x0820, 0x0840, 0x0840, 0x0000, 0x0000, 0x0000, 0x0000, 0x0000,
    0x0000, 0x0000, 0x0000, 0x0000, 0x0000, 0x0000, 0x0000, 0x0000, 0x0000, 0x0000, 0x0000, 0x0000,
    0x0000, 0x0000, 0x0000, 0x0000, 0x0000, 0x0000, 0x0000, 0x0000, 0x0000, 0x0000, 0x0000, 0x0000,
    0x0000, 0x0000, 0x0000, 0x0000, 0x0000, 0x0000, 0x0000, 0x0000, 0x0000, 0x0000, 0x0000, 0x0000,
    0x0000, 0x0000, 0x0000, 0x0000, 0x0000, 0x0000, 0x0000, 0x0000, 0x0000, 0x0000, 0x0000, 0x0000,
    0x0000, 0x0000, 0x0000, 0x0000, 0x0000, 0x0000, 0x0000, 0x0000, 0x0000, 0x0000, 0x0000, 0x0000,
    0x0000, 0x0000, 0x0000, 0x0000, 0x0000, 0x0000, 0x0000, 0x0000, 0x0000, 0x0000, 0x0000, 0x0000,
    0x0000, 0x0000, 0x0000, 0x0000, 0x0000, 0x0000, 0x0000, 0x0000, 0x0000, 0x0000, 0x0000, 0x0000,
    0x0000, 0x0000, 0x0000, 0x0000, 0x0000, 0x0000, 0x0000, 0x0000, 0x0000, 0x0000, 0x20C1, 0x0000,
    0xC3E7, 0xBBA6, 0xB386, 0xC3C7, 0xBB86, 0xA305, 0x8243, 0x30C0, 0x4921, 0x71C3, 0x8203, 0x8223,
    0x8A43, 0x8243, 0x8A43, 0x7A02, 0x8243, 0x8A23, 0xA2E4, 0xCC27, 0xC3E7, 0xBBA6, 0xC3E7, 0xC3E7,
    0xC3E7, 0xBBA6, 0xB366, 0xBBC7, 0xA325, 0x92A4, 0x2060, 0x9284, 0x8223, 0x8223, 0x8A44, 0x8A43,
    0x8243, 0x69C2, 0x8223, 0x0820, 0x0000, 0x6182, 0x4901, 0x8223, 0x8A43, 0x8A43, 0x8223, 0x8223,
    0x79E3, 0x7A03, 0x8243, 0xB385, 0xED4A, 0xC407, 0xC3E7, 0xBBE8, 0xCC28, 0x5122, 0xA325, 0xBBA6,
    0xC3E7, 0xC3E7, 0xC3E7, 0xAB45, 0xBBC6, 0xC3C6, 0xC3C6, 0xC3C6, 0xC3C6, 0xB385, 0xC3C7, 0xCBE7,
    0xA304, 0x8A42, 0xC407, 0xBBA6, 0xBBC7, 0xC3E7, 0xC3C7, 0xBBC7, 0xBBC7, 0xBBC7, 0xC3C7, 0xC3C7,
    0xC3C7, 0xB366, 0xA325, 0x92A4, 0xBBA7, 0xBBA6, 0xBBA7, 0xAB46, 0xA345, 0x9B04, 0x69A2, 0x69A1,
    0xBBA6, 0xCC08, 0xA325, 0x8243, 0xBBC6, 0xBBC6, 0xC3E7, 0xBBC7, 0xC3E6, 0xC3E7, 0xC3E7, 0xC3E7,
    0xB386, 0xA305, 0xBB86, 0xCC07, 0xC3E7, 0xC407, 0xF54A, 0x9AC4, 0x9263, 0x8A43, 0x71E3, 0x8A43,
    0x8243, 0x8A64, 0x5961, 0x8A63, 0x9283, 0x9284, 0x8223, 0x8A63, 0x8A63, 0x9284, 0x9284, 0x8A43,
    0x8A63, 0x8223, 0x0000, 0x0000, 0x18A2, 0x0000, 0x0000, 0x0000, 0x0000, 0x0000, 0x0000, 0x0000,
    0x0000, 0x0000, 0x0000, 0x0000, 0x0000, 0x0000, 0x0000, 0x0000, 0x0000, 0x0000, 0x0000, 0x0000,
    0x0000, 0x0000, 0x0000, 0x0000, 0x0000, 0x0000, 0x0000, 0x0000, 0x0000, 0x0000, 0x0000, 0x0000,
    0x0000, 0x0000, 0x0000, 0x0000, 0x0000, 0x0000, 0x0000, 0x0000, 0x0000, 0x0000, 0x0000, 0x0000,
    0x0000, 0x0000, 0x0000, 0x0000, 0x0000, 0x0000, 0x0000, 0x0000, 0x0000, 0x0000, 0x0000, 0x0000,
    0x0000, 0x0000, 0x0000, 0x0000, 0x0000, 0x0000, 0x0000, 0x0000, 0x0000, 0x0000, 0x0000, 0x0000,
    0x0000, 0x0000, 0x0000, 0x0000, 0x0000, 0x0000, 0x0000, 0x0000, 0x0000, 0x0000, 0x0000, 0x0000,
    0x0000, 0x0000, 0x0000, 0x0000, 0x0000, 0x0000, 0x0000, 0x0000, 0x0000, 0x0000, 0x0000, 0x0000,
    0x0000, 0x0000, 0x0000, 0x0000, 0x0000, 0x0000, 0x0000, 0x0000, 0x0000, 0x0020, 0xE4A9, 0xCC07,
    0xC407, 0xB365, 0xCC28, 0xBB86, 0xBBA6, 0xAB04, 0xB366, 0xAB25, 0x8A64, 0x7A43, 0x1040, 0x71A2,
    0x8A43, 0x8A43, 0x8243, 0x8A43, 0x8A43, 0x8A43, 0x7A03, 0x8203, 0xB365, 0xDC88, 0xCC07, 0xC407,
    0xBBA6, 0xB386, 0xCC27, 0xB386, 0xAB45, 0xCBE7, 0xBB85, 0xAB24, 0x3080, 0x6182, 0x71C3, 0x8223,
    0x8A64, 0x8223, 0x8243, 0x0000, 0x1860, 0x79E3, 0x79E3, 0x8A43, 0x8223, 0x5941, 0x8A43, 0x8A43,
    0x8A43, 0x79E2, 0x7A02, 0x8A43, 0x8A43, 0x8223, 0xDCA7, 0x4900, 0xBBC6, 0xBBC7, 0xBBE6, 0xBBE7,
    0xAB45, 0xC3E7, 0xC3C7, 0xB386, 0xC3C7, 0xC3E7, 0xB365, 0xBBC6, 0xBBC6, 0xC3C6, 0xC3E7, 0xC3E7,
    0xBBC7, 0xC3C7, 0xED6B, 0x7A02, 0x92A4, 0xC3C7, 0xBBC7, 0xC3E7, 0xC3E7, 0xC3E7, 0xC3E7, 0xC3C7,
    0xBBC6, 0xBBC6, 0xBBC6, 0xC3C7, 0xC3E7, 0xB386, 0xBBC6, 0xBBA6, 0xC3C6, 0xBBA6, 0x9283, 0xAB25,
    0x69C2, 0xBBC6, 0xBBA7, 0xBBC6, 0xC3E6, 0xC3E7, 0xC3E7, 0xC3E7, 0xBBA6, 0xC3E7, 0xC407, 0xBBE7,
    0xC3E7, 0xC3E7, 0xBBC6, 0xC3C7, 0xED2A, 0x9263, 0x9263, 0x8A43, 0x8A64, 0x8223, 0x7A03, 0x8223,
    0x5121, 0xA304, 0x8A64, 0x9284, 0x9284, 0x9284, 0x8A84, 0x8223, 0x8243, 0x8223, 0x9284, 0x69A2,
    0x0020, 0x41E6, 0x0000, 0x0000, 0x0000, 0x0000, 0x0000, 0x0000, 0x0000, 0x0000, 0x0000, 0x0000,
    0x0000, 0x0000, 0x0000, 0x0000, 0x0000, 0x0000, 0x0000, 0x0000, 0x0000, 0x0000, 0x0000, 0x0000,
    0x0000, 0x0000, 0x0000, 0x0000, 0x0000, 0x0000, 0x0000, 0x0000, 0x0000, 0x0000, 0x0000, 0x0000,
    0x0000, 0x0000, 0x0000, 0x0000, 0x0000, 0x0000, 0x0000, 0x0000, 0x0000, 0x0000, 0x0000, 0x0000,
    0x0000, 0x0000, 0x0000, 0x0000, 0x0000, 0x0000, 0x0000, 0x0000, 0x0000, 0x0000, 0x0000, 0x0000,
    0x0000, 0x0000, 0x0000, 0x0000, 0x0000, 0x0000, 0x0000, 0x0000, 0x0000, 0x0000, 0x0000, 0x0000,
    0x0000, 0x0000, 0x0000, 0x0000, 0x0000, 0x0000, 0x0000, 0x0000, 0x0000, 0x0000, 0x0000, 0x0000,
    0x0000, 0x0000, 0x0000, 0x0000, 0x0000, 0x0000, 0x0000, 0x0000, 0x0000, 0x0000, 0x0000, 0x0000,
    0x0000, 0x0000, 0x0000, 0x0000, 0x0000, 0x0000, 0x0000, 0x0000, 0x0000, 0x0000, 0x8A43, 0x8A03,
    0xF54A, 0xC3C6, 0xC3E7, 0xBBA6, 0xBB86, 0xC3C7, 0xBBC6, 0xBBA6, 0xC3E7, 0xBB86, 0xA325, 0x7A02,
    0x0000, 0x4901, 0x8223, 0x8A43, 0x8A43, 0x8A63, 0x8A43, 0x8243, 0x8223, 0x8223, 0x8223, 0xED4A,
    0xCC07, 0xC407, 0xBBA6, 0xB365, 0xBBA6, 0xF508, 0x8A64, 0x7A02, 0x38C1, 0x71E3, 0x71C3, 0x8203,
    0x8A63, 0x8A63, 0x8A64, 0x0800, 0x1840, 0x8203, 0x7A03, 0x79E3, 0x71C2, 0x79E3, 0x9264, 0x8223,
    0x61C2, 0x8A43, 0x8A43, 0x8A23, 0x8223, 0x7A03, 0x8A64, 0x7203, 0x7A23, 0xED09, 0xD468, 0xC407,
    0xC3E7, 0xBBC6, 0xC3C7, 0xC3E7, 0xC3E7, 0xC3C7, 0xC3C7, 0xC3E7, 0xB386, 0xCC07, 0xC3C6, 0xC3C7,
    0xC3C7, 0xC3E7, 0xBBC6, 0xBBC6, 0xBBA6, 0xDC89, 0x7A23, 0xBBC6, 0xC3E7, 0xC3E7, 0xBBC7, 0xC3C7,
    0xC3C7, 0xC3E7, 0xC3E7, 0xB386, 0xC407, 0xC3E7, 0xBBE7, 0xBBE7, 0xD448, 0x8A63, 0x7A03, 0xC407,
    0xA304, 0xCC07, 0xBBC7, 0xBBC7, 0xC3E7, 0xC3E7, 0xC3E7, 0xC3E7, 0xC3E7, 0xC3C7, 0xC3C7, 0xC407,
    0xBBE7, 0xF56A, 0xB385, 0x8A63, 0x8A43, 0x9263, 0x9264, 0x9284, 0x9264, 0x69A2, 0x61A2, 0x9284,
    0x9283, 0x9284, 0x9284, 0x9283, 0x8A63, 0x8A63, 0x8A64, 0x8A84, 0x8223, 0x20A1, 0x0000, 0x41E5,
    0x0000, 0x0000, 0x0000, 0x0000, 0x0000, 0x0000, 0x0000, 0x0000, 0x0000, 0x0000, 0x0000, 0x0000,
    0x0000, 0x0000, 0x0000, 0x0000, 0x0000, 0x0000, 0x0000, 0x0000, 0x0000, 0x0000, 0x0000, 0x0000,
    0x0000, 0x0000, 0x0000, 0x0000, 0x0000, 0x0000, 0x0000, 0x0000, 0x0000, 0x0000, 0x0000, 0x0000,
    0x0000, 0x0000, 0x0000, 0x0000, 0x0000, 0x0000, 0x0000, 0x0000, 0x0000, 0x0000, 0x0000, 0x0000,
    0x0000, 0x0000, 0x0000, 0x0000, 0x0000, 0x0000, 0x0000, 0x0000, 0x0000, 0x0000, 0x0000, 0x0000,
    0x0000, 0x0000, 0x0000, 0x0000, 0x0000, 0x0000, 0x0000, 0x0000, 0x0000, 0x0000, 0x0000, 0x0000,
    0x0000, 0x0000, 0x0000, 0x0000, 0x0000, 0x0000, 0x0000, 0x0000, 0x0000, 0x0000, 0x0000, 0x0000,
    0x0000, 0x0000, 0x0000, 0x0000, 0x0000, 0x0000, 0x0000, 0x0000, 0x0000, 0x0000, 0x0000, 0x0000,
    0x0000, 0x0000, 0x0000, 0x0000, 0x0000, 0x0000, 0x0000, 0x0000, 0x0000, 0x0000, 0x8A63, 0x8243,
    0x8243, 0x8A43, 0xCC07, 0xD427, 0xC3C7, 0xC3C6, 0xBB86, 0xBBC7, 0xC3C7, 0xC3E7, 0xB386, 0xC3E7,
    0xA305, 0x92A4, 0x3901, 0x30A1, 0x8A64, 0x7A03, 0x8A43, 0x8223, 0x8223, 0x8A64, 0x8A44, 0x8243,
    0x7203, 0xE4C9, 0xDCA9, 0xED29, 0x8A43, 0x8203, 0x79E3, 0x79E2, 0x2880, 0x8244, 0x8244, 0x8A44,
    0x8A84, 0x9284, 0x9284, 0x0800, 0x1020, 0x7A03, 0x7A03, 0x8223, 0x8223, 0x79E3, 0x8203, 0x8223,
    0x8A43, 0x8A43, 0x8223, 0x5941, 0x7A03, 0x7A03, 0x92A4, 0x8243, 0x8222, 0x9263, 0x8A63, 0x8A43,
    0xD427, 0xD468, 0xC3E7, 0xC3C7, 0xBBC6, 0xC3E7, 0xC3C7, 0xC3C7, 0xC3C7, 0xC3C7, 0xC3E7, 0xAB45,
    0xC3E6, 0xC3C6, 0xBBA6, 0xBBC6, 0xB365, 0xC3E7, 0xC3E7, 0xC3C7, 0xDCC9, 0x6981, 0xCC07, 0xC3C6,
    0xC3E7, 0xC3E7, 0xC3E7, 0xB3A6, 0x92A4, 0xB365, 0xC3A5, 0x6982, 0xCC27, 0xC3E7, 0xBBC6, 0xC3C7,
    0xC3C7, 0xA325, 0x92C4, 0xC406, 0xC407, 0xC3C7, 0xC3E7, 0xC3E7, 0xC3E7, 0xC3E7, 0xC3E7, 0xECE9,
    0x8A43, 0x9264, 0x8A63, 0x8A63, 0x8A63, 0x8A43, 0x8A63, 0x5962, 0x9283, 0x9263, 0x8A64, 0x8A64,
    0x9284, 0x8A63, 0x9284, 0x9264, 0x9284, 0x9284, 0x5942, 0x0020, 0x0000, 0x0000, 0x0000, 0x0000,
    0x0000, 0x0000, 0x0000, 0x0000, 0x0000, 0x0000, 0x0000, 0x0000, 0x0000, 0x0000, 0x0000, 0x0000,
    0x0000, 0x0000, 0x0000, 0x0000, 0x0000, 0x0000, 0x0000, 0x0000, 0x0000, 0x0000, 0x0000, 0x0000,
    0x0000, 0x0000, 0x0000, 0x0000, 0x0000, 0x0000, 0x0000, 0x0000, 0x0000, 0x0000, 0x0000, 0x0000,
    0x0000, 0x0000, 0x0000, 0x0000, 0x0000, 0x0000, 0x0000, 0x0000, 0x0000, 0x0000, 0x0000, 0x0000,
    0x0000, 0x0000, 0x0000, 0x0000, 0x0000, 0x0000, 0x0000, 0x0000, 0x0000, 0x0000, 0x0000, 0x0000,
    0x0000, 0x0000, 0x0000, 0x0000, 0x0000, 0x0000, 0x0000, 0x0000, 0x0000, 0x0000, 0x0000, 0x0000,
    0x0000, 0x0000, 0x0000, 0x0000, 0x0000, 0x0000, 0x0000, 0x0000, 0x0000, 0x0000, 0x0000, 0x0000,
    0x0000, 0x0000, 0x0000, 0x0000, 0x0000, 0x0000, 0x0000, 0x0000, 0x0000, 0x0000, 0x0000, 0x0000,
    0x0000, 0x0000, 0x0000, 0x0000, 0x0000, 0x0000, 0x0000, 0x0000, 0x0000, 0x0000, 0x8A63, 0x8A84,
    0x1860, 0x9263, 0x8A63, 0x8A44, 0xDC88, 0xCC27, 0xC3E7, 0xB386, 0xC3C7, 0xC3E7, 0xC3C7, 0xBBC7,
    0xB366, 0xBBA7, 0x5141, 0x71C2, 0x28A1, 0x38E1, 0x8203, 0x7A03, 0x8243, 0x8A84, 0x8243, 0x8223,
    0x7A03, 0x7A23, 0xF56A, 0x71E2, 0x8223, 0x8A43, 0x7A03, 0x71C2, 0x30A0, 0x8A64, 0x9284, 0x8A64,
    0x92A4, 0x9284, 0x9284, 0x0800, 0x1860, 0x8223, 0x8223, 0x8A63, 0x7A03, 0x8223, 0x79E3, 0x79E3,
    0x8A43, 0x79E2, 0x8203, 0x8223, 0x8A64, 0x69A2, 0x69A2, 0x8243, 0x9264, 0x8A64, 0x8A44, 0x8A64,
    0x8223, 0x8A63, 0xC3C6, 0xED09, 0xC3E7, 0xC3E7, 0xC3E7, 0xC3E7, 0xC3E7, 0xC3E7, 0xC3E7, 0xC3C7,
    0xBBC6, 0xAB45, 0xBBC6, 0xC3C6, 0xC3C6, 0xC3E7, 0xBBA6, 0xB386, 0xC3E7, 0xC3C6, 0xCC07, 0x71E2,
    0xC3C7, 0xCC27, 0xC3E7, 0xC3C7, 0xCC27, 0x6982, 0xCC27, 0xC3C7, 0xC3E7, 0xC3E7, 0xC3E7, 0xC3E7,
    0xC3E7, 0xC3C7, 0xC3C7, 0xC3E7, 0xAB45, 0x9AE4, 0xC3C6, 0xC3E7, 0xC407, 0xDCA8, 0x9284, 0x9263,
    0x9263, 0x9263, 0x9264, 0x9284, 0x9263, 0x5941, 0x9284, 0x8A63, 0x8A63, 0x9264, 0x8A63, 0x9284,
    0x8A84, 0x9284, 0x9284, 0x9284, 0x71C2, 0x0000, 0x18A2, 0x1061, 0x0000, 0x0000, 0x0000, 0x0000,
    0x0000, 0x0000, 0x0000, 0x0000, 0x0000, 0x0000, 0x0000, 0x0000, 0x0000, 0x0000, 0x0000, 0x0000,
    0x0000, 0x0000, 0x0000, 0x0000, 0x0000, 0x0000, 0x0000, 0x0000, 0x0000, 0x0000, 0x0000, 0x0000,
    0x0000, 0x0000, 0x0000, 0x0000, 0x0000, 0x0000, 0x0000, 0x0000, 0x0000, 0x0000, 0x0000, 0x0000,
    0x0000, 0x0000, 0x0000, 0x0000, 0x0000, 0x0000, 0x0000, 0x0000, 0x0000, 0x0000, 0x0000, 0x0000,
    0x0000, 0x0000, 0x0000, 0x0000, 0x0000, 0x0000, 0x0000, 0x0000, 0x0000, 0x0000, 0x0000, 0x0000,
    0x0000, 0x0000, 0x0000, 0x0000, 0x0000, 0x0000, 0x0000, 0x0000, 0x0000, 0x0000, 0x0000, 0x0000,
    0x0000, 0x0000, 0x0000, 0x0000, 0x0000, 0x0000, 0x0000, 0x0000, 0x0000, 0x0000, 0x0000, 0x0000,
    0x0000, 0x0000, 0x0000, 0x0000, 0x0000, 0x0000, 0x0000, 0x0000, 0x0000, 0x0000, 0x0000, 0x0000,
    0x0000, 0x0000, 0x0000, 0x0000, 0x0000, 0x0000, 0x0000, 0x0000, 0x0000, 0x0000, 0x9283, 0x9284,
    0x9284, 0x8A63, 0x8A63, 0x8A43, 0x8A43, 0x8A43, 0x9263, 0xDCA8, 0xC3C7, 0xBBC7, 0xBBC6, 0xB365,
    0xC3C7, 0xBBA6, 0xAB25, 0xB366, 0xAB25, 0x92C5, 0x7223, 0x1060, 0x71E2, 0x8243, 0x8A63, 0x8A43,
    0x69C3, 0x8A43, 0xF529, 0x9264, 0x9264, 0x8A64, 0x7A03, 0x79E3, 0x30C1, 0x8A64, 0x8A63, 0x8A63,
    0x9284, 0x9284, 0x9284, 0x0000, 0x4A05, 0x0000, 0x1020, 0x6961, 0x8223, 0x8A63, 0x8A63, 0x8A63,
    0x8A23, 0x7A02, 0x8A43, 0x8A64, 0x7A03, 0x8223, 0x9284, 0xA2E5, 0x4901, 0x8A43, 0x8A63, 0x8A43,
    0x8A43, 0x8A43, 0x8A63, 0x8A63, 0x8A63, 0x92A4, 0xED08, 0xBBC7, 0xC3E7, 0xC3E7, 0xBBA6, 0xC3E7,
    0xBBC7, 0xBBC6, 0xC3C6, 0xB386, 0xAB45, 0xC3E7, 0xC3C6, 0xBBC6, 0xBBC6, 0xBBC6, 0xC3C7, 0xC3C7,
    0xC3C7, 0xDC68, 0x8A42, 0x71A1, 0xBBA6, 0xBBA6, 0xC3C7, 0xC3E7, 0xC3C7, 0xC3C7, 0xC3E7, 0xC3E7,
    0xBBC6, 0xB365, 0xBBC7, 0xBBC7, 0xBBC7, 0xBBC6, 0xDCA9, 0x8223, 0x8A64, 0x8A64, 0x8A23, 0x8223,
    0x8A64, 0x9263, 0x7A23, 0x61A2, 0x9AA4, 0x9263, 0x9263, 0x8A64, 0x8A64, 0x9284, 0x9284, 0x9284,
    0x9284, 0x92A4, 0x4921, 0x0000, 0x41C4, 0x0000, 0x0000, 0x0000, 0x0000, 0x0000, 0x0000, 0x0000,
    0x0000, 0x0000, 0x0000, 0x0000, 0x0000, 0x0000, 0x0000, 0x0000, 0x0000, 0x0000, 0x0000, 0x0000,
    0x0000, 0x0000, 0x0000, 0x0000, 0x0000, 0x0000, 0x0000, 0x0000, 0x0000, 0x0000, 0x0000, 0x0000,
    0x0000, 0x0000, 0x0000, 0x0000, 0x0000, 0x0000, 0x0000, 0x0000, 0x0000, 0x0000, 0x0000, 0x0000,
    0x0000, 0x0000, 0x0000, 0x0000, 0x0000, 0x0000, 0x0000, 0x0000, 0x0000, 0x0000, 0x0000, 0x0000,
    0x0000, 0x0000, 0x0000, 0x0000, 0x0000, 0x0000, 0x0000, 0x0000, 0x0000, 0x0000, 0x0000, 0x0000,
    0x0000, 0x0000, 0x0000, 0x0000, 0x0000, 0x0000, 0x0000, 0x0000, 0x0000, 0x0000, 0x0000, 0x0000,
    0x0000, 0x0000, 0x0000, 0x0000, 0x0000, 0x0000, 0x0000, 0x0000, 0x0000, 0x0000, 0x0000, 0x0000,
    0x0000, 0x0000, 0x0000, 0x0000, 0x0000, 0x0000, 0x0000, 0x0000, 0x0000, 0x0000, 0x0000, 0x0000,
    0x0000, 0x0000, 0x0000, 0x0000, 0x0000, 0x0000, 0x0000, 0x0000, 0x0000, 0x20E2, 0x0000, 0x8A43,
    0x8A63, 0x8A63, 0x9263, 0x8A63, 0x8A43, 0x8A43, 0x8A63, 0x8A43, 0x79E2, 0xECE9, 0xBBA6, 0xC3C6,
    0xBBC6, 0xBB86, 0xC3C7, 0xBBA6, 0xBB86, 0xBBA6, 0xA2E4, 0x92A4, 0x71C2, 0x20A1, 0x5142, 0x7A23,
    0x8A43, 0x8A63, 0xED08, 0x8A63, 0x8223, 0x8A64, 0x69C2, 0x0820, 0x7A02, 0x9284, 0x8A64, 0x8A64,
    0x8A84, 0x9284, 0x8A43, 0x0000, 0x0000, 0x0000, 0x0000, 0x7B06, 0x0000, 0x40E1, 0x71E3, 0x7A03,
    0x8203, 0x8A63, 0x8A63, 0x8A64, 0x8223, 0x8A63, 0x8A43, 0x8222, 0x8A43, 0x9264, 0x9AA4, 0x5961,
    0x8A43, 0x9263, 0x8A63, 0x8A64, 0x7A03, 0x7A03, 0x8203, 0x8A64, 0xD466, 0xDC87, 0xC3E7, 0xC3C7,
    0xC3C7, 0xC3E7, 0xC3E7, 0xC3E7, 0xC407, 0xCC07, 0xBBC6, 0xBBC6, 0xBBC6, 0xC3E7, 0xB386, 0x20C2,
    0xC3A6, 0xB366, 0xD448, 0xC3E7, 0xC3E7, 0xC3E7, 0xC3E7, 0xBBA6, 0x8A83, 0xBBA6, 0xC3C7, 0xC3E7,
    0xC3E7, 0xC3E7, 0xC3E7, 0xC3C7, 0xED08, 0x8223, 0x9284, 0x8A63, 0x8223, 0x7A03, 0x9264, 0x8A64,
    0x69C2, 0x8223, 0x8A63, 0x9284, 0x9264, 0x8A64, 0x8243, 0x9284, 0x8243, 0x9284, 0x9284, 0x8223,
    0x0000, 0x0000, 0x5AC6, 0x0000, 0x0000, 0x0000, 0x0000, 0x0000, 0x0000, 0x0000, 0x0000, 0x0000,
    0x0000, 0x0000, 0x0000, 0x0000, 0x0000, 0x0000, 0x0000, 0x0000, 0x0000, 0x0000, 0x0000, 0x0000,
    0x0000, 0x0000, 0x0000, 0x0000, 0x0000, 0x0000, 0x0000, 0x0000, 0x0000, 0x0000, 0x0000, 0x0000,
    0x0000, 0x0000, 0x0000, 0x0000, 0x0000, 0x0000, 0x0000, 0x0000, 0x0000, 0x0000, 0x0000, 0x0000,
    0x0000, 0x0000, 0x0000, 0x0000, 0x0000, 0x0000, 0x0000, 0x0000, 0x0000, 0x0000, 0x0000, 0x0000,
    0x0000, 0x0000, 0x0000, 0x0000, 0x0000, 0x0000, 0x0000, 0x0000, 0x0000, 0x0000, 0x0000, 0x0000,
    0x0000, 0x0000, 0x0000, 0x0000, 0x0000, 0x0000, 0x0000, 0x0000, 0x0000, 0x0000, 0x0000, 0x0000,
    0x0000, 0x0000, 0x0000, 0x0000, 0x0000, 0x0000, 0x0000, 0x0000, 0x0000, 0x0000, 0x0000, 0x0000,
    0x0000, 0x0000, 0x0000, 0x0000, 0x0000, 0x0000, 0x0000, 0x0000, 0x0000, 0x0000, 0x0000, 0x0000,
    0x0000, 0x0000, 0x0000, 0x0000, 0x0000, 0x0000, 0x0000, 0x0000, 0x0000, 0x0000, 0x0000, 0x6265,
    0x0000, 0x4942, 0x9284, 0x8A64, 0x8A64, 0x8A43, 0x8A64, 0x8A43, 0x8223, 0x8243, 0x8A23, 0xD447,
    0xCC07, 0xC3E7, 0xB346, 0xC3E7, 0xBBA6, 0xBBA6, 0xBBA6, 0xB386, 0xA305, 0x9AC4, 0x7203, 0x40E1,
    0x40E1, 0x8243, 0xE4E8, 0x8A84, 0x4101, 0x2880, 0x79E2, 0x71E2, 0x69C2, 0x8244, 0x8A64, 0x9284,
    0x9284, 0x92A4, 0x8222, 0x0000, 0x0000, 0x0000, 0x0000, 0x0000, 0x0000, 0x0000, 0x51E4, 0x0000,
    0x5182, 0x8223, 0x8A64, 0x8A64, 0x8A63, 0x8223, 0x8A43, 0x8203, 0x8A43, 0x8A64, 0x7A03, 0x8A43,
    0x8A43, 0x8A63, 0x69E2, 0x8223, 0x8A43, 0x9263, 0x8A43, 0x7A03, 0x8223, 0x8A43, 0x8A64, 0xD467,
    0xECE8, 0xC3C6, 0xC3E7, 0xC3E7, 0xC3E7, 0xC3E7, 0xC3E7, 0xC3E7, 0xC3E7, 0xAB45, 0xAB45, 0xBBC7,
    0xBB86, 0xB366, 0xB385, 0x71A2, 0xC3E7, 0xC3E7, 0xBB86, 0xC3C6, 0xD448, 0xCC07, 0xC3E7, 0xC3E7,
    0xBBC7, 0xC407, 0xE4E8, 0x7A03, 0x8A64, 0x8223, 0x8A64, 0x8243, 0x9283, 0x7A03, 0x69C2, 0x9284,
    0x8203, 0x8223, 0x8223, 0x8A63, 0x7A03, 0x9284, 0x7A03, 0x8A64, 0x92A4, 0x4921, 0x0000, 0x20E2,
    0x0000, 0x0000, 0x0000, 0x0000, 0x0000, 0x0000, 0x0000, 0x0000, 0x0000, 0x0000, 0x0000, 0x0000,
    0x0000, 0x0000, 0x0000, 0x0000, 0x0000, 0x0000, 0x0000, 0x0000, 0x0000, 0x0000, 0x0000, 0x0000,
    0x0000, 0x0000, 0x0000, 0x0000, 0x0000, 0x0000, 0x0000, 0x0000, 0x0000, 0x0000, 0x0000, 0x0000,
    0x0000, 0x0000, 0x0000, 0x0000, 0x0000, 0x0000, 0x0000, 0x0000, 0x0000, 0x0000, 0x0000, 0x0000,
    0x0000, 0x0000, 0x0000, 0x0000, 0x0000, 0x0000, 0x0000, 0x0000, 0x0000, 0x0000, 0x0000, 0x0000,
    0x0000, 0x0000, 0x0000, 0x0000, 0x0000, 0x0000, 0x0000, 0x0000, 0x0000, 0x0000, 0x0000, 0x0000,
    0x0000, 0x0000, 0x0000, 0x0000, 0x0000, 0x0000, 0x0000, 0x0000, 0x0000, 0x0000, 0x0000, 0x0000,
    0x0000, 0x0000, 0x0000, 0x0000, 0x0000, 0x0000, 0x0000, 0x0000, 0x0000, 0x0000, 0x0000, 0x0000,
    0x0000, 0x0000, 0x0000, 0x0000, 0x0000, 0x0000, 0x0000, 0x0000, 0x0000, 0x0000, 0x0000, 0x0000,
    0x0000, 0x0000, 0x0000, 0x0000, 0x0000, 0x0000, 0x0000, 0x0000, 0x0000, 0x0000, 0x0000, 0x0000,
    0x0000, 0x0000, 0x0860, 0x0820, 0x9263, 0x9264, 0x8A64, 0x8A43, 0x8223, 0x8A43, 0x8A43, 0x8A43,
    0x8A43, 0x8202, 0xE4A8, 0xC3E7, 0xC3E7, 0xC3C7, 0xC3E7, 0xBB86, 0xC3C7, 0xAB45, 0xAB46, 0xA304,
    0x8A84, 0x61A2, 0x0000, 0x4921, 0x8244, 0x8A44, 0x8223, 0x8A64, 0x7A02, 0x9284, 0x8A43, 0x8203,
    0x9283, 0x9284, 0x8202, 0x0000, 0x0000, 0x0000, 0x0000, 0x0000, 0x0000, 0x0000, 0x0000, 0x0000,
    0x0000, 0x20C2, 0x0000, 0x30E1, 0x9263, 0x8A43, 0x9284, 0x9263, 0x9263, 0x9284, 0x79E2, 0x8A43,
    0x8A43, 0x8203, 0x8A43, 0x9263, 0x8202, 0x71E2, 0x8A63, 0x8A43, 0x9264, 0x8A43, 0x8203, 0x8A64,
    0x8A64, 0x8A43, 0xB345, 0xE4C9, 0xC3E7, 0xC3E7, 0xC3E7, 0xC407, 0xC3E7, 0xC3E7, 0xBBC7, 0xC407,
    0x51A2, 0xC3C6, 0xC3E7, 0xC407, 0xCBE6, 0x69A2, 0xE4C8, 0xB365, 0x69E2, 0xB365, 0xA305, 0xED08,
    0x8202, 0x8A63, 0x8A43, 0x7A03, 0x7A03, 0x9263, 0x9263, 0x69A2, 0x71C2, 0x8A63, 0x8A43, 0x7A03,
    0x8223, 0x8223, 0x7A03, 0x7A03, 0x8A63, 0x92A4, 0x8223, 0x1861, 0x0000, 0x41C5, 0x0000, 0x0000,
    0x0000, 0x0000, 0x0000, 0x0000, 0x0000, 0x0000, 0x0000, 0x0000, 0x0000, 0x0000, 0x0000, 0x0000,
    0x0000, 0x0000, 0x0000, 0x0000, 0x0000, 0x0000, 0x0000, 0x0000, 0x0000, 0x0000, 0x0000, 0x0000,
    0x0000, 0x0000, 0x0000, 0x0000, 0x0000, 0x0000, 0x0000, 0x0000, 0x0000, 0x0000, 0x0000, 0x0000,
    0x0000, 0x0000, 0x0000, 0x0000, 0x0000, 0x0000, 0x0000, 0x0000, 0x0000, 0x0000, 0x0000, 0x0000,
    0x0000, 0x0000, 0x0000, 0x0000, 0x0000, 0x0000, 0x0000, 0x0000, 0x0000, 0x0000, 0x0000, 0x0000,
    0x0000, 0x0000, 0x0000, 0x0000, 0x0000, 0x0000, 0x0000, 0x0000, 0x0000, 0x0000, 0x0000, 0x0000,
    0x0000, 0x0000, 0x0000, 0x0000, 0x0000, 0x0000, 0x0000, 0x0000, 0x0000, 0x0000, 0x0000, 0x0000,
    0x0000, 0x0000, 0x0000, 0x0000, 0x0000, 0x0000, 0x0000, 0x0000, 0x0000, 0x0000, 0x0000, 0x0000,
    0x0000, 0x0000, 0x0000, 0x0000, 0x0000, 0x0000, 0x0000, 0x0000, 0x0000, 0x0000, 0x0000, 0x0000,
    0x0000, 0x0000, 0x0000, 0x0000, 0x0000, 0x0000, 0x0000, 0x0000, 0x0000, 0x0000, 0x0000, 0x0000,
    0x0000, 0x0000, 0x0000, 0x0020, 0x0020, 0x0000, 0x9264, 0x8A43, 0x8A23, 0x9243, 0x8A43, 0x8A43,
    0x8A43, 0x8A43, 0x8A63, 0xAB24, 0xCBE6, 0xCBE7, 0xC3E7, 0xAB87, 0x1020, 0x1000, 0xC3C7, 0xBB86,
    0xAB45, 0xD488, 0x61A2, 0x8A64, 0x8A43, 0x9264, 0x9264, 0x9285, 0x79E2, 0x9284, 0x8A63, 0x9264,
    0x9283, 0x79E2, 0x7A03, 0x0000, 0x0000, 0x0000, 0x0000, 0x0000, 0x0000, 0x0000, 0x0000, 0x0000,
    0x0000, 0x0000, 0x0000, 0x20E2, 0x0000, 0x0800, 0x71A2, 0x8A64, 0x8A64, 0x8223, 0x8223, 0x8A63,
    0x8A43, 0x8203, 0x9263, 0x79E2, 0x8223, 0x8A43, 0x9AA4, 0x69C2, 0x71E2, 0x9264, 0x8A64, 0x8A64,
    0x8203, 0x8A43, 0x8A23, 0x8223, 0x8203, 0xECE8, 0xCC27, 0xC3E7, 0xC407, 0xCC07, 0x7223, 0xCC69,
    0xC3E7, 0xBBA6, 0xB3A6, 0xC3E7, 0xB386, 0xCC07, 0xCC27, 0xCC47, 0x61A2, 0xF528, 0x8223, 0x6982,
    0x8A63, 0x8A43, 0x8243, 0x8A63, 0x8A63, 0x6182, 0x7A03, 0x8A43, 0x8A63, 0x8243, 0x9284, 0x8A44,
    0x7A03, 0x7A03, 0x8A43, 0x8A64, 0x71A2, 0x0820, 0x0000, 0x18A2, 0x0000, 0x0000, 0x0000, 0x0000,
    0x0000, 0x0000, 0x0000, 0x0000, 0x0000, 0x0000, 0x0000, 0x0000, 0x0000, 0x0000, 0x0000, 0x0000,
    0x0000, 0x0000, 0x0000, 0x0000, 0x0000, 0x0000, 0x0000, 0x0000, 0x0000, 0x0000, 0x0000, 0x0000,
    0x0000, 0x0000, 0x0000, 0x0000, 0x0000, 0x0000, 0x0000, 0x0000, 0x0000, 0x0000, 0x0000, 0x0000,
    0x0000, 0x0000, 0x0000, 0x0000, 0x0000, 0x0000, 0x0000, 0x0000, 0x0000, 0x0000, 0x0000, 0x0000,
    0x0000, 0x0000, 0x0000, 0x0000, 0x0000, 0x0000, 0x0000, 0x0000, 0x0000, 0x0000, 0x0000, 0x0000,
    0x0000, 0x0000, 0x0000, 0x0000, 0x0000, 0x0000, 0x0000, 0x0000, 0x0000, 0x0000, 0x0000, 0x0000,
    0x0000, 0x0000, 0x0000, 0x0000, 0x0000, 0x0000, 0x0000, 0x0000, 0x0000, 0x0000, 0x0000, 0x0000,
    0x0000, 0x0000, 0x0000, 0x0000, 0x0000, 0x0000, 0x0000, 0x0000, 0x0000, 0x0000, 0x0000, 0x0000,
    0x0000, 0x0000, 0x0000, 0x0000, 0x0000, 0x0000, 0x0000, 0x0000, 0x0000, 0x0000, 0x0000, 0x0000,
    0x0000, 0x0000, 0x0000, 0x0000, 0x0000, 0x0000, 0x0000, 0x0000, 0x0000, 0x0000, 0x0000, 0x0000,
    0x0000, 0x0000, 0x0000, 0x0000, 0x0000, 0x0000, 0x4183, 0x0000, 0x9284, 0x8A43, 0x8A43, 0x9264,
    0x8A64, 0x8A63, 0x8A43, 0x8A43, 0x8223, 0x79E2, 0xE4C9, 0xCC07, 0xBBC6, 0xCBE7, 0xC3E7, 0xD448,
    0x8223, 0x8223, 0x71E2, 0x9284, 0x9284, 0x9284, 0x8223, 0x9284, 0x71C2, 0x8A64, 0x8223, 0x8A43,
    0xAB05, 0x8223, 0x79C2, 0x0000, 0x0000, 0x0000, 0x0000, 0x0000, 0x0000, 0x0000, 0x0000, 0x0000,
    0x0000, 0x0000, 0x0000, 0x0000, 0x0000, 0x0000, 0x7B47, 0x0000, 0x2081, 0x71A2, 0x8A43, 0x9264,
    0x9264, 0x8A44, 0x8A43, 0x8A43, 0x8223, 0x8A64, 0x79E3, 0x8A43, 0x9284, 0xAB05, 0x7203, 0x8223,
    0x9263, 0x8A43, 0x8A43, 0x79E3, 0x8A63, 0x8203, 0x8A64, 0x9AE4, 0x2880, 0xED29, 0xC3C6, 0xBBC6,
    0xBBA6, 0xAB46, 0xC3E7, 0xC3C6, 0xB366, 0xBBC6, 0xD447, 0xC407, 0x9AC4, 0x9AC3, 0x79E3, 0x6182,
    0x8A43, 0x8A43, 0x8244, 0x6182, 0xA304, 0x9284, 0x8223, 0x8243, 0x8A64, 0x8A43, 0x8A64, 0x8223,
    0x8A64, 0x8A84, 0x6162, 0x0000, 0x31A4, 0x0000, 0x0000, 0x0000, 0x0000, 0x0000, 0x0000, 0x0000,
    0x0000, 0x0000, 0x0000, 0x0000, 0x0000, 0x0000, 0x0000, 0x0000, 0x0000, 0x0000, 0x0000, 0x0000,
    0x0000, 0x0000, 0x0000, 0x0000, 0x0000, 0x0000, 0x0000, 0x0000, 0x0000, 0x0000, 0x0000, 0x0000,
    0x0000, 0x0000, 0x0000, 0x0000, 0x0000, 0x0000, 0x0000, 0x0000, 0x0000, 0x0000, 0x0000, 0x0000,
    0x0000, 0x0000, 0x0000, 0x0000, 0x0000, 0x0000, 0x0000, 0x0000, 0x0000, 0x0000, 0x0000, 0x0000,
    0x0000, 0x0000, 0x0000, 0x0000, 0x0000, 0x0000, 0x0000, 0x0000, 0x0000, 0x0000, 0x0000, 0x0000,
    0x0000, 0x0000, 0x0000, 0x0000, 0x0000, 0x0000, 0x0000, 0x0000, 0x0000, 0x0000, 0x0000, 0x0000,
    0x0000, 0x0000, 0x0000, 0x0000, 0x0000, 0x0000, 0x0000, 0x0000, 0x0000, 0x0000, 0x0000, 0x0000,
    0x0000, 0x0000, 0x0000, 0x0000, 0x0000, 0x0000, 0x0000, 0x0000, 0x0000, 0x0000, 0x0000, 0x0000,
    0x0000, 0x0000, 0x0000, 0x0000, 0x0000, 0x0000, 0x0000, 0x0000, 0x0000, 0x0000, 0x0000, 0x0000,
    0x0000, 0x0000, 0x0000, 0x0000, 0x0000, 0x0000, 0x0000, 0x0000, 0x0000, 0x0000, 0x0000, 0x0000,
    0x0000, 0x0000, 0x0000, 0x0000, 0x0000, 0x0000, 0x0000, 0x0000, 0x41A5, 0x0000, 0x2060, 0x8A64,
    0x8A64, 0x8A64, 0x8A43, 0x8A43, 0x8A43, 0x8A43, 0x8A43, 0x8A43, 0xED8B, 0xCC89, 0x8243, 0x7A03,
    0x7A03, 0x8223, 0x69C3, 0x9264, 0x8A64, 0x7A03, 0x79E3, 0x3901, 0x71E2, 0x7A03, 0x8A23, 0x79E2,
    0xAB05, 0x0800, 0x0000, 0x18C1, 0x0000, 0x0000, 0x0000, 0x0000, 0x0000, 0x0000, 0x0000, 0x0000,
    0x0000, 0x0000, 0x0000, 0x0000, 0x0000, 0x0000, 0x0000, 0x0000, 0x0000, 0x6AA7, 0x0000, 0x0820,
    0x8A63, 0x8A43, 0x8A43, 0x8A63, 0x8223, 0x8A43, 0x8223, 0x8A23, 0x8223, 0x8A64, 0x9264, 0x8A64,
    0x92A4, 0x69A2, 0x8A43, 0x8A63, 0x9264, 0x8A43, 0x8223, 0x8243, 0x30A1, 0x71E3, 0x7A23, 0x71E3,
    0xED4A, 0xC407, 0xC3E7, 0xBBE6, 0xF5AA, 0x7A03, 0x8223, 0x7A03, 0x8A64, 0x69C2, 0x9264, 0x69A2,
    0x69A2, 0x7A02, 0x92A4, 0x8A43, 0x7A03, 0x8A63, 0x8A44, 0x79E3, 0x8A64, 0x8A64, 0x8A63, 0x71C2,
    0x0820, 0x0000, 0x3964, 0x0000, 0x0000, 0x0000, 0x0000, 0x0000, 0x0000, 0x0000, 0x0000, 0x0000,
    0x0000, 0x0000, 0x0000, 0x0000, 0x0000, 0x0000, 0x0000, 0x0000, 0x0000, 0x0000, 0x0000, 0x0000,
    0x0000, 0x0000, 0x0000, 0x0000, 0x0000, 0x0000, 0x0000, 0x0000, 0x0000, 0x0000, 0x0000, 0x0000,
    0x0000, 0x0000, 0x0000, 0x0000, 0x0000, 0x0000, 0x0000, 0x0000, 0x0000, 0x0000, 0x0000, 0x0000,
    0x0000, 0x0000, 0x0000, 0x0000, 0x0000, 0x0000, 0x0000, 0x0000, 0x0000, 0x0000, 0x0000, 0x0000,
    0x0000, 0x0000, 0x0000, 0x0000, 0x0000, 0x0000, 0x0000, 0x0000, 0x0000, 0x0000, 0x0000, 0x0000,
    0x0000, 0x0000, 0x0000, 0x0000, 0x0000, 0x0000, 0x0000, 0x0000, 0x0000, 0x0000, 0x0000, 0x0000,
    0x0000, 0x0000, 0x0000, 0x0000, 0x0000, 0x0000, 0x0000, 0x0000, 0x0000, 0x0000, 0x0000, 0x0000,
    0x0000, 0x0000, 0x0000, 0x0000, 0x0000, 0x0000, 0x0000, 0x0000, 0x0000, 0x0000, 0x0000, 0x0000,
    0x0000, 0x0000, 0x0000, 0x0000, 0x0000, 0x0000, 0x0000, 0x0000, 0x0000, 0x0000, 0x0000, 0x0000,
    0x0000, 0x0000, 0x0000, 0x0000, 0x0000, 0x0000, 0x0000, 0x0000, 0x0000, 0x0000, 0x0000, 0x0000,
    0x0000, 0x0000, 0x0000, 0x0000, 0x0000, 0x0000, 0x0000, 0x0000, 0x0000, 0x0000, 0x0841, 0x0000,
    0x0000, 0x79C2, 0x8A63, 0x8A63, 0x9263, 0x9AA4, 0x3101, 0x8A43, 0xA304, 0x8244, 0x8A64, 0x9284,
    0x8223, 0x7A03, 0x69C3, 0x8A43, 0x79E2, 0x0820, 0x0000, 0x0841, 0x18E2, 0x0000, 0x0820, 0x0000,
    0x39C5, 0x0000, 0x0000, 0x0000, 0x0000, 0x0000, 0x0000, 0x0000, 0x0000, 0x0000, 0x0000, 0x0000,
    0x0000, 0x0000, 0x0000, 0x0000, 0x0000, 0x0000, 0x0000, 0x0000, 0x0000, 0x0000, 0x0000, 0x0000,
    0x41A4, 0x0000, 0x1040, 0x6141, 0x8A63, 0x9284, 0x8A64, 0x8A64, 0x8243, 0x8A64, 0x8A64, 0x8223,
    0x7A03, 0x8A43, 0x9264, 0x9AC4, 0x6161, 0x8A43, 0x9284, 0x8A64, 0x28A1, 0x8223, 0x8223, 0x7A03,
    0x8A43, 0x8244, 0xEDAB, 0x8A43, 0x7A03, 0x8243, 0x8A64, 0x8223, 0x92A4, 0x71E2, 0x61A2, 0xAB05,
    0x8A43, 0x8A43, 0x7A23, 0x8A64, 0x8243, 0x7A03, 0x8223, 0x8A64, 0x8A63, 0x50E0, 0x0000, 0x20E2,
    0x0860, 0x0000, 0x0000, 0x0000, 0x0000, 0x0000, 0x0000, 0x0000, 0x0000, 0x0000, 0x0000, 0x0000,
    0x0000, 0x0000, 0x0000, 0x0000, 0x0000, 0x0000, 0x0000, 0x0000, 0x0000, 0x0000, 0x0000, 0x0000,
    0x0000, 0x0000, 0x0000, 0x0000, 0x0000, 0x0000, 0x0000, 0x0000, 0x0000, 0x0000, 0x0000, 0x0000,
    0x0000, 0x0000, 0x0000, 0x0000, 0x0000, 0x0000, 0x0000, 0x0000, 0x0000, 0x0000, 0x0000, 0x0000,
    0x0000, 0x0000, 0x0000, 0x0000, 0x0000, 0x0000, 0x0000, 0x0000, 0x0000, 0x0000, 0x0000, 0x0000,
    0x0000, 0x0000, 0x0000, 0x0000, 0x0000, 0x0000, 0x0000, 0x0000, 0x0000, 0x0000, 0x0000, 0x0000,
    0x0000, 0x0000, 0x0000, 0x0000, 0x0000, 0x0000, 0x0000, 0x0000, 0x0000, 0x0000, 0x0000, 0x0000,
    0x0000, 0x0000, 0x0000, 0x0000, 0x0000, 0x0000, 0x0000, 0x0000, 0x0000, 0x0000, 0x0000, 0x0000,
    0x0000, 0x0000, 0x0000, 0x0000, 0x0000, 0x0000, 0x0000, 0x0000, 0x0000, 0x0000, 0x0000, 0x0000,
    0x0000, 0x0000, 0x0000, 0x0000, 0x0000, 0x0000, 0x0000, 0x0000, 0x0000, 0x0000, 0x0000, 0x0000,
    0x0000, 0x0000, 0x0000, 0x0000, 0x0000, 0x0000, 0x0000, 0x0000, 0x0000, 0x0000, 0x0000, 0x0000,
    0x0000, 0x0000, 0x0000, 0x0000, 0x0000, 0x0000, 0x0000, 0x0000, 0x0000, 0x0000, 0x0000, 0x0000,
    0x2902, 0x0020, 0x0800, 0x9283, 0x9263, 0x9264, 0x8A63, 0x8A43, 0xA304, 0x8A64, 0x8A63, 0x92A4,
    0x8A64, 0x8223, 0x5982, 0x0000, 0x0020, 0x0840, 0x0000, 0x0000, 0x0000, 0x0000, 0x0000, 0x0000,
    0x0000, 0x0000, 0x0000, 0x0000, 0x0000, 0x0000, 0x0000, 0x0000, 0x0000, 0x0000, 0x0000, 0x0000,
    0x0000, 0x0000, 0x0000, 0x0000, 0x0000, 0x0000, 0x0000, 0x0000, 0x0000, 0x0000, 0x0000, 0x0000,
    0x0000, 0x0000, 0x0840, 0x20C2, 0x0000, 0x6182, 0x8A84, 0x9264, 0x8A64, 0x8A43, 0x8A64, 0x8A43,
    0x8A43, 0x8A43, 0x79E2, 0x8243, 0x8223, 0x9AC4, 0x69A2, 0x5962, 0x30C1, 0x8A64, 0x8A44, 0x71E3,
    0x71E2, 0x8A64, 0xD487, 0x8A43, 0x7A03, 0x8A43, 0x8A43, 0x8A43, 0x9AA4, 0xAB24, 0x8A43, 0x7A03,
    0x79E3, 0x8A64, 0x8243, 0x79E2, 0x8243, 0x8A43, 0x8223, 0x5962, 0x0000, 0x1041, 0x0840, 0x0000,
    0x0000, 0x0000, 0x0000, 0x0000, 0x0000, 0x0000, 0x0000, 0x0000, 0x0000, 0x0000, 0x0000, 0x0000,
    0x0000, 0x0000, 0x0000, 0x0000, 0x0000, 0x0000, 0x0000, 0x0000, 0x0000, 0x0000, 0x0000, 0x0000,
    0x0000, 0x0000, 0x0000, 0x0000, 0x0000, 0x0000, 0x0000, 0x0000, 0x0000, 0x0000, 0x0000, 0x0000,
    0x0000, 0x0000, 0x0000, 0x0000, 0x0000, 0x0000, 0x0000, 0x0000, 0x0000, 0x0000, 0x0000, 0x0000,
    0x0000, 0x0000, 0x0000, 0x0000, 0x0000, 0x0000, 0x0000, 0x0000, 0x0000, 0x0000, 0x0000, 0x0000,
    0x0000, 0x0000, 0x0000, 0x0000, 0x0000, 0x0000, 0x0000, 0x0000, 0x0000, 0x0000, 0x0000, 0x0000,
    0x0000, 0x0000, 0x0000, 0x0000, 0x0000, 0x0000, 0x0000, 0x0000, 0x0000, 0x0000, 0x0000, 0x0000,
    0x0000, 0x0000, 0x0000, 0x0000, 0x0000, 0x0000, 0x0000, 0x0000, 0x0000, 0x0000, 0x0000, 0x0000,
    0x0000, 0x0000, 0x0000, 0x0000, 0x0000, 0x0000, 0x0000, 0x0000, 0x0000, 0x0000, 0x0000, 0x0000,
    0x0000, 0x0000, 0x0000, 0x0000, 0x0000, 0x0000, 0x0000, 0x0000, 0x0000, 0x0000, 0x0000, 0x0000,
    0x0000, 0x0000, 0x0000, 0x0000, 0x0000, 0x0000, 0x0000, 0x0000, 0x0000, 0x0000, 0x0000, 0x0000,
    0x0000, 0x0000, 0x0000, 0x0000, 0x0000, 0x0000, 0x0000, 0x0000, 0x0000, 0x0000, 0x0000, 0x0000,
    0x0000, 0x0000, 0x0000, 0x39A4, 0x0000, 0x8A43, 0x8A64, 0x9284, 0xAB04, 0x8A64, 0x8A63, 0x9264,
    0x38C1, 0x0000, 0x4A05, 0x0000, 0x0000, 0x0000, 0x0000, 0x0000, 0x0000, 0x0000, 0x0000, 0x0000,
    0x0000, 0x0000, 0x0000, 0x0000, 0x0000, 0x0000, 0x0000, 0x0000, 0x0000, 0x0000, 0x0000, 0x0000,
    0x0000, 0x0000, 0x0000, 0x0000, 0x0000, 0x0000, 0x0000, 0x0000, 0x0000, 0x0000, 0x0000, 0x0000,
    0x0000, 0x0000, 0x0000, 0x0000, 0x0000, 0x10A2, 0x0000, 0x0840, 0x69C2, 0x9284, 0x8A64, 0x9264,
    0x9263, 0x8202, 0x8A43, 0x8A43, 0x8223, 0x71E2, 0x71C2, 0x7A03, 0x4901, 0x9264, 0x8A64, 0x8A44,
    0x7A03, 0x8243, 0xB364, 0x8243, 0x79E2, 0x9263, 0x9284, 0x8A43, 0x92A4, 0x8A63, 0x92A4, 0x8243,
    0x79E3, 0x7A03, 0x8A64, 0x8A43, 0x8A83, 0x38C1, 0x0000, 0x3185, 0x0000, 0x0000, 0x0000, 0x0000,
    0x0000, 0x0000, 0x0000, 0x0000, 0x0000, 0x0000, 0x0000, 0x0000, 0x0000, 0x0000, 0x0000, 0x0000,
    0x0000, 0x0000, 0x0000, 0x0000, 0x0000, 0x0000, 0x0000, 0x0000, 0x0000, 0x0000, 0x0000, 0x0000,
    0x0000, 0x0000, 0x0000, 0x0000, 0x0000, 0x0000, 0x0000, 0x0000, 0x0000, 0x0000, 0x0000, 0x0000,
    0x0000, 0x0000, 0x0000, 0x0000, 0x0000, 0x0000, 0x0000, 0x0000, 0x0000, 0x0000, 0x0000, 0x0000,
    0x0000, 0x0000, 0x0000, 0x0000, 0x0000, 0x0000, 0x0000, 0x0000, 0x0000, 0x0000, 0x0000, 0x0000,
    0x0000, 0x0000, 0x0000, 0x0000, 0x0000, 0x0000, 0x0000, 0x0000, 0x0000, 0x0000, 0x0000, 0x0000,
    0x0000, 0x0000, 0x0000, 0x0000, 0x0000, 0x0000, 0x0000, 0x0000, 0x0000, 0x0000, 0x0000, 0x0000,
    0x0000, 0x0000, 0x0000, 0x0000, 0x0000, 0x0000, 0x0000, 0x0000, 0x0000, 0x0000, 0x0000, 0x0000,
    0x0000, 0x0000, 0x0000, 0x0000, 0x0000, 0x0000, 0x0000, 0x0000, 0x0000, 0x0000, 0x0000, 0x0000,
    0x0000, 0x0000, 0x0000, 0x0000, 0x0000, 0x0000, 0x0000, 0x0000, 0x0000, 0x0000, 0x0000, 0x0000,
    0x0000, 0x0000, 0x0000, 0x0000, 0x0000, 0x0000, 0x0000, 0x0000, 0x0000, 0x0000, 0x0000, 0x0000,
    0x0000, 0x0000, 0x0000, 0x0000, 0x0000, 0x0000, 0x0000, 0x0000, 0x0000, 0x0000, 0x0000, 0x0000,
    0x0000, 0x0000, 0x0000, 0x0000, 0x0000, 0x18C2, 0x0000, 0x4941, 0xAB04, 0x8A43, 0x0000, 0x0000,
    0x0840, 0x0000, 0x0000, 0x0000, 0x0000, 0x0000, 0x0000, 0x0000, 0x0000, 0x0000, 0x0000, 0x0000,
    0x0000, 0x0000, 0x0000, 0x0000, 0x0000, 0x0000, 0x0000, 0x0000, 0x0000, 0x0000, 0x0000, 0x0000,
    0x0000, 0x0000, 0x0000, 0x0000, 0x0000, 0x0000, 0x0000, 0x0000, 0x0000, 0x0000, 0x0000, 0x0000,
    0x0000, 0x0000, 0x0000, 0x0000, 0x0000, 0x0000, 0x0000, 0x0000, 0x6A86, 0x0000, 0x1860, 0x71A2,
    0x9284, 0x9263, 0x8A63, 0x8243, 0x79E3, 0x7A03, 0x9284, 0x8A64, 0x4101, 0x8A64, 0x8A44, 0x8A64,
    0x7A03, 0x8A44, 0xC3C5, 0x6181, 0x9AA4, 0x8A44, 0x8A63, 0x8A44, 0x92A4, 0x71E2, 0x71C2, 0x9284,
    0x8243, 0x8A63, 0x79C2, 0x0000, 0x18A2, 0x0840, 0x0000, 0x0000, 0x0000, 0x0000, 0x0000, 0x0000,
    0x0000, 0x0000, 0x0000, 0x0000, 0x0000, 0x0000, 0x0000, 0x0000, 0x0000, 0x0000, 0x0000, 0x0000,
    0x0000, 0x0000, 0x0000, 0x0000, 0x0000, 0x0000, 0x0000, 0x0000, 0x0000, 0x0000, 0x0000, 0x0000,
    0x0000, 0x0000, 0x0000, 0x0000, 0x0000, 0x0000, 0x0000, 0x0000, 0x0000, 0x0000, 0x0000, 0x0000,
    0x0000, 0x0000, 0x0000, 0x0000, 0x0000, 0x0000, 0x0000, 0x0000, 0x0000, 0x0000, 0x0000, 0x0000,
    0x0000, 0x0000, 0x0000, 0x0000, 0x0000, 0x0000, 0x0000, 0x0000, 0x0000, 0x0000, 0x0000, 0x0000,
    0x0000, 0x0000, 0x0000, 0x0000, 0x0000, 0x0000, 0x0000, 0x0000, 0x0000, 0x0000, 0x0000, 0x0000,
    0x0000, 0x0000, 0x0000, 0x0000, 0x0000, 0x0000, 0x0000, 0x0000, 0x0000, 0x0000, 0x0000, 0x0000,
    0x0000, 0x0000, 0x0000, 0x0000, 0x0000, 0x0000, 0x0000, 0x0000, 0x0000, 0x0000, 0x0000, 0x0000,
    0x0000, 0x0000, 0x0000, 0x0000, 0x0000, 0x0000, 0x0000, 0x0000, 0x0000, 0x0000, 0x0000, 0x0000,
    0x0000, 0x0000, 0x0000, 0x0000, 0x0000, 0x0000, 0x0000, 0x0000, 0x0000, 0x0000, 0x0000, 0x0000,
    0x0000, 0x0000, 0x0000, 0x0000, 0x0000, 0x0000, 0x0000, 0x0000, 0x0000, 0x0000, 0x0000, 0x0000,
    0x0000, 0x0000, 0x0000, 0x0000, 0x0000, 0x0000, 0x0000, 0x0000, 0x0000, 0x0000, 0x0000, 0x0000,
    0x0000, 0x0000, 0x0000, 0x0000, 0x0000, 0x0000, 0x0000, 0x0861, 0x18C2, 0x18C2, 0x0000, 0x0000,
    0x0000, 0x0000, 0x0000, 0x0000, 0x0000, 0x0000, 0x0000, 0x0000, 0x0000, 0x0000, 0x0000, 0x0000,
    0x0000, 0x0000, 0x0000, 0x0000, 0x0000, 0x0000, 0x0000, 0x0000, 0x0000, 0x0000, 0x0000, 0x0000,
    0x0000, 0x0000, 0x0000, 0x0000, 0x0000, 0x0000, 0x0000, 0x0000, 0x0000, 0x0000, 0x0000, 0x0000,
    0x0000, 0x0000, 0x0000, 0x0000, 0x0000, 0x0000, 0x0000, 0x0000, 0x0000, 0x0000, 0x0000, 0x8306,
    0x0000, 0x1040, 0x6161, 0x8A43, 0x8223, 0x9263, 0x8243, 0x8203, 0x4101, 0x8A63, 0x8A43, 0x8A64,
    0x8A64, 0x8244, 0xC3C6, 0x8A43, 0x8A63, 0x8A63, 0x8A64, 0x8A64, 0x9AA4, 0x7A23, 0x9284, 0x71E2,
    0x40E1, 0x0000, 0x41C5, 0x0000, 0x0000, 0x0000, 0x0000, 0x0000, 0x0000, 0x0000, 0x0000, 0x0000,
    0x0000, 0x0000, 0x0000, 0x0000, 0x0000, 0x0000, 0x0000, 0x0000, 0x0000, 0x0000, 0x0000, 0x0000,
    0x0000, 0x0000, 0x0000, 0x0000, 0x0000, 0x0000, 0x0000, 0x0000, 0x0000, 0x0000, 0x0000, 0x0000,
    0x0000, 0x0000, 0x0000, 0x0000, 0x0000, 0x0000, 0x0000, 0x0000, 0x0000, 0x0000, 0x0000, 0x0000,
    0x0000, 0x0000, 0x0000, 0x0000, 0x0000, 0x0000, 0x0000, 0x0000, 0x0000, 0x0000, 0x0000, 0x0000,
    0x0000, 0x0000, 0x0000, 0x0000, 0x0000, 0x0000, 0x0000, 0x0000, 0x0000, 0x0000, 0x0000, 0x0000,
    0x0000, 0x0000, 0x0000, 0x0000, 0x0000, 0x0000, 0x0000, 0x0000, 0x0000, 0x0000, 0x0000, 0x0000,
    0x0000, 0x0000, 0x0000, 0x0000, 0x0000, 0x0000, 0x0000, 0x0000, 0x0000, 0x0000, 0x0000, 0x0000,
    0x0000, 0x0000, 0x0000, 0x0000, 0x0000, 0x0000, 0x0000, 0x0000, 0x0000, 0x0000, 0x0000, 0x0000,
    0x0000, 0x0000, 0x0000, 0x0000, 0x0000, 0x0000, 0x0000, 0x0000, 0x0000, 0x0000, 0x0000, 0x0000,
    0x0000, 0x0000, 0x0000, 0x0000, 0x0000, 0x0000, 0x0000, 0x0000, 0x0000, 0x0000, 0x0000, 0x0000,
    0x0000, 0x0000, 0x0000, 0x0000, 0x0000, 0x0000, 0x0000, 0x0000, 0x0000, 0x0000, 0x0000, 0x0000,
    0x0000, 0x0000, 0x0000, 0x0000, 0x0000, 0x0000, 0x0000, 0x0000, 0x0000, 0x0000, 0x0000, 0x0000,
    0x0000, 0x0000, 0x0000, 0x0000, 0x0000, 0x0000, 0x0000, 0x0000, 0x0000, 0x0000, 0x0000, 0x0000,
    0x0000, 0x0000, 0x0000, 0x0000, 0x0000, 0x0000, 0x0000, 0x0000, 0x0000, 0x0000, 0x0000, 0x0000,
    0x0000, 0x0000, 0x0000, 0x0000, 0x0000, 0x0000, 0x0000, 0x0000, 0x0000, 0x0000, 0x0000, 0x0000,
    0x0000, 0x0000, 0x0000, 0x0000, 0x0000, 0x0000, 0x0000, 0x0000, 0x0000, 0x0000, 0x0000, 0x0000,
    0x0000, 0x0000, 0x0000, 0x0000, 0x0000, 0x0000, 0x0000, 0x0000, 0x0000, 0x0000, 0x0000, 0x0000,
    0x0000, 0x0000, 0x3164, 0x0000, 0x0000, 0x6982, 0x9283, 0x9264, 0x38E1, 0x8223, 0x8A64, 0x8A63,
    0x8A43, 0x8A64, 0xCC06, 0x8A63, 0x8A43, 0x8A43, 0x8A64, 0x8A44, 0x9264, 0x71C2, 0x0000, 0x1060,
    0x0840, 0x0000, 0x0000, 0x0000, 0x0000, 0x0000, 0x0000, 0x0000, 0x0000, 0x0000, 0x0000, 0x0000,
    0x0000, 0x0000, 0x0000, 0x0000, 0x0000, 0x0000, 0x0000, 0x0000, 0x0000, 0x0000, 0x0000, 0x0000,
    0x0000, 0x0000, 0x0000, 0x0000, 0x0000, 0x0000, 0x0000, 0x0000, 0x0000, 0x0000, 0x0000, 0x0000,
    0x0000, 0x0000, 0x0000, 0x0000, 0x0000, 0x0000, 0x0000, 0x0000, 0x0000, 0x0000, 0x0000, 0x0000,
    0x0000, 0x0000, 0x0000, 0x0000, 0x0000, 0x0000, 0x0000, 0x0000, 0x0000, 0x0000, 0x0000, 0x0000,
    0x0000, 0x0000, 0x0000, 0x0000, 0x0000, 0x0000, 0x0000, 0x0000, 0x0000, 0x0000, 0x0000, 0x0000,
    0x0000, 0x0000, 0x0000, 0x0000, 0x0000, 0x0000, 0x0000, 0x0000, 0x0000, 0x0000, 0x0000, 0x0000,
    0x0000, 0x0000, 0x0000, 0x0000, 0x0000, 0x0000, 0x0000, 0x0000, 0x0000, 0x0000, 0x0000, 0x0000,
    0x0000, 0x0000, 0x0000, 0x0000, 0x0000, 0x0000, 0x0000, 0x0000, 0x0000, 0x0000, 0x0000, 0x0000,
    0x0000, 0x0000, 0x0000, 0x0000, 0x0000, 0x0000, 0x0000, 0x0000, 0x0000, 0x0000, 0x0000, 0x0000,
    0x0000, 0x0000, 0x0000, 0x0000, 0x0000, 0x0000, 0x0000, 0x0000, 0x0000, 0x0000, 0x0000, 0x0000,
    0x0000, 0x0000, 0x0000, 0x0000, 0x0000, 0x0000, 0x0000, 0x0000, 0x0000, 0x0000, 0x0000, 0x0000,
    0x0000, 0x0000, 0x0000, 0x0000, 0x0000, 0x0000, 0x0000, 0x0000, 0x0000, 0x0000, 0x0000, 0x0000,
    0x0000, 0x0000, 0x0000, 0x0000, 0x0000, 0x0000, 0x0000, 0x0000, 0x0000, 0x0000, 0x0000, 0x0000,
    0x0000, 0x0000, 0x0000, 0x0000, 0x0000, 0x0000, 0x0000, 0x0000, 0x0000, 0x0000, 0x0000, 0x0000,
    0x0000, 0x0000, 0x0000, 0x0000, 0x0000, 0x0000, 0x0000, 0x0000, 0x0000, 0x0000, 0x0000, 0x0000,
    0x0000, 0x0000, 0x0000, 0x0000, 0x0000, 0x0000, 0x0000, 0x0000, 0x0000, 0x0000, 0x0000, 0x0000,
    0x0000, 0x0000, 0x0000, 0x0000, 0x0000, 0x0000, 0x0000, 0x0000, 0x0000, 0x0000, 0x0000, 0x0000,
    0x0000, 0x0000, 0x0000, 0x0840, 0x0000, 0x2902, 0x0000, 0x4962, 0x4101, 0x8223, 0x8244, 0x8243,
    0x8A44, 0x8A63, 0xCC06, 0x9263, 0x8A63, 0x8A64, 0x8243, 0x8223, 0x0800, 0x0841, 0x0820, 0x0000,
    0x0000, 0x0000, 0x0000, 0x0000, 0x0000, 0x0000, 0x0000, 0x0000, 0x0000, 0x0000, 0x0000, 0x0000,
    0x0000, 0x0000, 0x0000, 0x0000, 0x0000, 0x0000, 0x0000, 0x0000, 0x0000, 0x0000, 0x0000, 0x0000,
    0x0000, 0x0000, 0x0000, 0x0000, 0x0000, 0x0000, 0x0000, 0x0000, 0x0000, 0x0000, 0x0000, 0x0000,
    0x0000, 0x0000, 0x0000, 0x0000, 0x0000, 0x0000, 0x0000, 0x0000, 0x0000, 0x0000, 0x0000, 0x0000,
    0x0000, 0x0000, 0x0000, 0x0000, 0x0000, 0x0000, 0x0000, 0x0000, 0x0000, 0x0000, 0x0000, 0x0000,
    0x0000, 0x0000, 0x0000, 0x0000, 0x0000, 0x0000, 0x0000, 0x0000, 0x0000, 0x0000, 0x0000, 0x0000,
    0x0000, 0x0000, 0x0000, 0x0000, 0x0000, 0x0000, 0x0000, 0x0000, 0x0000, 0x0000, 0x0000, 0x0000,
    0x0000, 0x0000, 0x0000, 0x0000, 0x0000, 0x0000, 0x0000, 0x0000, 0x0000, 0x0000, 0x0000, 0x0000,
    0x0000, 0x0000, 0x0000, 0x0000, 0x0000, 0x0000, 0x0000, 0x0000, 0x0000, 0x0000, 0x0000, 0x0000,
    0x0000, 0x0000, 0x0000, 0x0000, 0x0000, 0x0000, 0x0000, 0x0000, 0x0000, 0x0000, 0x0000, 0x0000,
    0x0000, 0x0000, 0x0000, 0x0000, 0x0000, 0x0000, 0x0000, 0x0000, 0x0000, 0x0000, 0x0000, 0x0000,
    0x0000, 0x0000, 0x0000, 0x0000, 0x0000, 0x0000, 0x0000, 0x0000, 0x0000, 0x0000, 0x0000, 0x0000,
    0x0000, 0x0000, 0x0000, 0x0000, 0x0000, 0x0000, 0x0000, 0x0000, 0x0000, 0x0000, 0x0000, 0x0000,
    0x0000, 0x0000, 0x0000, 0x0000, 0x0000, 0x0000, 0x0000, 0x0000, 0x0000, 0x0000, 0x0000, 0x0000,
    0x0000, 0x0000, 0x0000, 0x0000, 0x0000, 0x0000, 0x0000, 0x0000, 0x0000, 0x0000, 0x0000, 0x0000,
    0x0000, 0x0000, 0x0000, 0x0000, 0x0000, 0x0000, 0x0000, 0x0000, 0x0000, 0x0000, 0x0000, 0x0000,
    0x0000, 0x0000, 0x0000, 0x0000, 0x0000, 0x0000, 0x0000, 0x0000, 0x0000, 0x0000, 0x0000, 0x0000,
    0x0000, 0x0000, 0x0000, 0x0000, 0x0000, 0x0000, 0x0000, 0x0000, 0x0000, 0x0000, 0x0000, 0x0000,
    0x0000, 0x0000, 0x0000, 0x0000, 0x0000, 0x0000, 0x0000, 0x0840, 0x20E2, 0x0000, 0x38C0, 0x9283,
    0x8A63, 0x8203, 0xBBC6, 0x8243, 0x9283, 0x4941, 0x0000, 0x4207, 0x0000, 0x0000, 0x0000, 0x0000,
    0x0000, 0x0000, 0x0000, 0x0000, 0x0000, 0x0000, 0x0000, 0x0000, 0x0000, 0x0000, 0x0000, 0x0000,
    0x0000, 0x0000, 0x0000, 0x0000, 0x0000, 0x0000, 0x0000, 0x0000, 0x0000, 0x0000, 0x0000, 0x0000,
    0x0000, 0x0000, 0x0000, 0x0000, 0x0000, 0x0000, 0x0000, 0x0000, 0x0000, 0x0000, 0x0000, 0x0000,
    0x0000, 0x0000, 0x0000, 0x0000, 0x0000, 0x0000, 0x0000, 0x0000, 0x0000, 0x0000, 0x0000, 0x0000,
    0x0000, 0x0000, 0x0000, 0x0000, 0x0000, 0x0000, 0x0000, 0x0000, 0x0000, 0x0000, 0x0000, 0x0000,
    0x0000, 0x0000, 0x0000, 0x0000, 0x0000, 0x0000, 0x0000, 0x0000, 0x0000, 0x0000, 0x0000, 0x0000,
    0x0000, 0x0000, 0x0000, 0x0000, 0x0000, 0x0000, 0x0000, 0x0000, 0x0000, 0x0000, 0x0000, 0x0000,
    0x0000, 0x0000, 0x0000, 0x0000, 0x0000, 0x0000, 0x0000, 0x0000, 0x0000, 0x0000, 0x0000, 0x0000,
    0x0000, 0x0000, 0x0000, 0x0000, 0x0000, 0x0000, 0x0000, 0x0000, 0x0000, 0x0000, 0x0000, 0x0000,
    0x0000, 0x0000, 0x0000, 0x0000, 0x0000, 0x0000, 0x0000, 0x0000, 0x0000, 0x0000, 0x0000, 0x0000,
    0x0000, 0x0000, 0x0000, 0x0000, 0x0000, 0x0000, 0x0000, 0x0000, 0x0000, 0x0000, 0x0000, 0x0000,
    0x0000, 0x0000, 0x0000, 0x0000, 0x0000, 0x0000, 0x0000, 0x0000, 0x0000, 0x0000, 0x0000, 0x0000,
    0x0000, 0x0000, 0x0000, 0x0000, 0x0000, 0x0000, 0x0000, 0x0000, 0x0000, 0x0000, 0x0000, 0x0000,
    0x0000, 0x0000, 0x0000, 0x0000, 0x0000, 0x0000, 0x0000, 0x0000, 0x0000, 0x0000, 0x0000, 0x0000,
    0x0000, 0x0000, 0x0000, 0x0000, 0x0000, 0x0000, 0x0000, 0x0000, 0x0000, 0x0000, 0x0000, 0x0000,
    0x0000, 0x0000, 0x0000, 0x0000, 0x0000, 0x0000, 0x0000, 0x0000, 0x0000, 0x0000, 0x0000, 0x0000,
    0x0000, 0x0000, 0x0000, 0x0000, 0x0000, 0x0000, 0x0000, 0x0000, 0x0000, 0x0000, 0x0000, 0x0000,
    0x0000, 0x0000, 0x0000, 0x0000, 0x0000, 0x0000, 0x0000, 0x0000, 0x0000, 0x0000, 0x0000, 0x0000,
    0x0000, 0x0000, 0x0000, 0x0000, 0x0000, 0x0000, 0x0000, 0x0000, 0x0000, 0x0000, 0x0000, 0x3163,
    0x0000, 0x0000, 0x61C2, 0x0000, 0x0820, 0x0020, 0x0000, 0x0000, 0x0000, 0x0000, 0x0000, 0x0000,
    0x0000, 0x0000, 0x0000, 0x0000, 0x0000, 0x0000, 0x0000, 0x0000, 0x0000, 0x0000, 0x0000, 0x0000,
    0x0000, 0x0000, 0x0000, 0x0000, 0x0000, 0x0000, 0x0000, 0x0000, 0x0000, 0x0000, 0x0000, 0x0000,
    0x0000, 0x0000, 0x0000, 0x0000, 0x0000, 0x0000, 0x0000, 0x0000, 0x0000, 0x0000, 0x0000, 0x0000,
    0x0000, 0x0000, 0x0000, 0x0000, 0x0000, 0x0000, 0x0000, 0x0000, 0x0000, 0x0000, 0x0000, 0x0000,
    0x0000, 0x0000, 0x0000, 0x0000, 0x0000, 0x0000, 0x0000, 0x0000, 0x0000, 0x0000, 0x0000, 0x0000,
    0x0000, 0x0000, 0x0000, 0x0000, 0x0000, 0x0000, 0x0000, 0x0000, 0x0000, 0x0000, 0x0000, 0x0000,
    0x0000, 0x0000, 0x0000, 0x0000, 0x0000, 0x0000, 0x0000, 0x0000, 0x0000, 0x0000, 0x0000, 0x0000,
    0x0000, 0x0000, 0x0000, 0x0000, 0x0000, 0x0000, 0x0000, 0x0000, 0x0000, 0x0000, 0x0000, 0x0000,
    0x0000, 0x0000, 0x0000, 0x0000, 0x0000, 0x0000, 0x0000, 0x0000, 0x0000, 0x0000, 0x0000, 0x0000,
    0x0000, 0x0000, 0x0000, 0x0000, 0x0000, 0x0000, 0x0000, 0x0000, 0x0000, 0x0000, 0x0000, 0x0000,
    0x0000, 0x0000, 0x0000, 0x0000, 0x0000, 0x0000, 0x0000, 0x0000, 0x0000, 0x0000, 0x0000, 0x0000,
    0x0000, 0x0000, 0x0000, 0x0000, 0x0000, 0x0000, 0x0000, 0x0000, 0x0000, 0x0000, 0x0000, 0x0000,
    0x0000, 0x0000, 0x0000, 0x0000, 0x0000, 0x0000, 0x0000, 0x0000, 0x0000, 0x0000, 0x0000, 0x0000,
    0x0000, 0x0000, 0x0000, 0x0000, 0x0000, 0x0000, 0x0000, 0x0000, 0x0000, 0x0000, 0x0000, 0x0000,
    0x0000, 0x0000, 0x0000, 0x0000, 0x0000, 0x0000, 0x0000, 0x0000, 0x0000, 0x0000, 0x0000, 0x0000,
    0x0000, 0x0000, 0x0000, 0x0000, 0x0000, 0x0000, 0x0000, 0x0000, 0x0000, 0x0000, 0x0000, 0x0000,
    0x0000, 0x0000, 0x0000, 0x0000, 0x0000, 0x0000, 0x0000, 0x0000, 0x0000, 0x0000, 0x0000, 0x0000,
    0x0000, 0x0000, 0x0000, 0x0000, 0x0000, 0x0000, 0x0000, 0x0000, 0x0000, 0x0000, 0x0000, 0x0000,
    0x0000, 0x0000, 0x0000, 0x0000, 0x0000, 0x0000, 0x0000, 0x0000, 0x0000, 0x0000, 0x0000, 0x0000,
    0x0000, 0x0000, 0x0000, 0x0000, 0x0000, 0x0000, 0x0000, 0x0000, 0x0000, 0x0000, 0x0000, 0x0000,
    0x0000, 0x0000, 0x0000, 0x0000, 0x0000, 0x0000, 0x0000, 0x0000, 0x0000, 0x0000, 0x0000, 0x0000,
    0x0000, 0x0000, 0x0000, 0x0000, 0x0000, 0x0000, 0x0000, 0x0000, 0x0000, 0x0000, 0x0000, 0x0000,
    0x0000, 0x0000, 0x0000, 0x0000, 0x0000, 0x0000, 0x0000, 0x0000, 0x0000, 0x0000, 0x0000, 0x0000,
    0x0000, 0x0000, 0x0000, 0x0000, 0x0000, 0x0000, 0x0000, 0x0000, 0x0000, 0x0000, 0x0000, 0x0000,
    0x0000, 0x0000, 0x0000, 0x0000, 0x0000, 0x0000, 0x0000, 0x0000, 0x0000, 0x0000, 0x0000, 0x0000,
    0x0000, 0x0000, 0x0000, 0x0000, 0x0000, 0x0000, 0x0000, 0x0000, 0x0000, 0x0000, 0x0000, 0x0000,
    0x0000, 0x0000, 0x0000, 0x0000, 0x0000, 0x0000, 0x0000, 0x0000, 0x0000, 0x0000, 0x0000, 0x0000,
    0x0000, 0x0000, 0x0000, 0x0000, 0x0000, 0x0000, 0x0000, 0x0000, 0x0000, 0x0000, 0x0000, 0x0000,
    0x0000, 0x0000,
};

const RoomPoint ROOM_WALK_POLYGON[] PROGMEM = {
    {120, 71},
    {108, 73},
    {82, 63},
    {53, 66},
    {30, 79},
    {62, 98},
    {64, 111},
    {35, 121},
    {132, 155},
    {234, 110},
};

}
